Traceback (most recent call last):
  File "C:\Users\Hp\Downloads\ecommerce-ai-capstone\public\app.py", line 438, in do_GET
    summary = generate_result_summary(conn, eid)
  File "C:\Users\Hp\Downloads\ecommerce-ai-capstone\public\app.py", line 154, in send_json
    if not emails: return
        ^^^^^^^^^^^^^^^^^
  File "C:\Users\Hp\AppData\Local\Programs\Python\Python314\Lib\socketserver.py", line 845, in write
    self._sock.sendall(b)
    ~~~~~~~~~~~~~~~~~~^^^
ConnectionAbortedError: [WinError 10053] An established connection was aborted by the software in your host machine
----------------------------------------
Exception occurred during processing of request from ('127.0.0.1', 58164)
Traceback (most recent call last):
  File "C:\Users\Hp\Downloads\ecommerce-ai-capstone\public\app.py", line 438, in do_GET
    summary = generate_result_summary(conn, eid)
  File "C:\Users\Hp\Downloads\ecommerce-ai-capstone\public\app.py", line 154, in send_json
    if not emails: return
        ^^^^^^^^^^^^^^^^^
  File "C:\Users\Hp\AppData\Local\Programs\Python\Python314\Lib\socketserver.py", line 845, in write
    self._sock.sendall(b)
    ~~~~~~~~~~~~~~~~~~^^^
ConnectionAbortedError: [WinError 10053] An established connection was aborted by the software in your host machine

During handling of the above exception, another exception occurred:

Traceback (most recent call last):
  File "C:\Users\Hp\AppData\Local\Programs\Python\Python314\Lib\socketserver.py", line 318, in _handle_request_noblock
    self.process_request(request, client_address)
    ~~~~~~~~~~~~~~~~~~~~^^^^^^^^^^^^^^^^^^^^^^^^^
  File "C:\Users\Hp\AppData\Local\Programs\Python\Python314\Lib\socketserver.py", line 349, in process_request
    self.finish_request(request, client_address)
    ~~~~~~~~~~~~~~~~~~~^^^^^^^^^^^^^^^^^^^^^^^^^
  File "C:\Users\Hp\AppData\Local\Programs\Python\Python314\Lib\socketserver.py", line 362, in finish_request
    self.RequestHandlerClass(request, client_address, self)
    ~~~~~~~~~~~~~~~~~~~~~~~~^^^^^^^^^^^^^^^^^^^^^^^^^^^^^^^
  File "C:\Users\Hp\Downloads\ecommerce-ai-capstone\public\app.py", line 138, in __init__
    
    \U0001f3c6 Winner: {winner_text}
    
  File "C:\Users\Hp\AppData\Local\Programs\Python\Python314\Lib\http\server.py", line 732, in __init__
    super().__init__(*args, **kwargs)
    ~~~~~~~~~~~~~~~~^^^^^^^^^^^^^^^^^
  File "C:\Users\Hp\AppData\Local\Programs\Python\Python314\Lib\socketserver.py", line 766, in __init__
    self.handle()
    ~~~~~~~~~~~^^
  File "C:\Users\Hp\AppData\Local\Programs\Python\Python314\Lib\http\server.py", line 496, in handle
    self.handle_one_request()
    ~~~~~~~~~~~~~~~~~~~~~~~^^
  File "C:\Users\Hp\AppData\Local\Programs\Python\Python314\Lib\http\server.py", line 484, in handle_one_request
    method()
    ~~~~~~^^
  File "C:\Users\Hp\Downloads\ecommerce-ai-capstone\public\app.py", line 633, in do_GET
    compute_results(cur, eid)
    ~~~~~~~~~~~~~~~^^^^^^^^^^
  File "C:\Users\Hp\Downloads\ecommerce-ai-capstone\public\app.py", line 153, in send_json
  File "C:\Users\Hp\AppData\Local\Programs\Python\Python314\Lib\http\server.py", line 598, in end_headers
    self.flush_headers()
    ~~~~~~~~~~~~~~~~~~^^
  File "C:\Users\Hp\AppData\Local\Programs\Python\Python314\Lib\http\server.py", line 602, in flush_headers
    self.wfile.write(b"".join(self._headers_buffer))
    ~~~~~~~~~~~~~~~~^^^^^^^^^^^^^^^^^^^^^^^^^^^^^^^^
  File "C:\Users\Hp\AppData\Local\Programs\Python\Python314\Lib\socketserver.py", line 845, in write
    self._sock.sendall(b)
    ~~~~~~~~~~~~~~~~~~^^^
ConnectionAbortedError: [WinError 10053] An established connection was aborted by the software in your host machine
----------------------------------------
Traceback (most recent call last):
  File "C:\Users\Hp\Downloads\ecommerce-ai-capstone\public\app.py", line 628, in do_GET
    self.end_headers()
    ^^^^^^^^^^^^^^^^
  File "C:\Users\Hp\AppData\Local\Programs\Python\Python314\Lib\http\server.py", line 739, in do_GET
    self.copyfile(f, self.wfile)
    ~~~~~~~~~~~~~^^^^^^^^^^^^^^^
  File "C:\Users\Hp\AppData\Local\Programs\Python\Python314\Lib\http\server.py", line 942, in copyfile
    shutil.copyfileobj(source, outputfile)
    ~~~~~~~~~~~~~~~~~~^^^^^^^^^^^^^^^^^^^^
  File "C:\Users\Hp\AppData\Local\Programs\Python\Python314\Lib\shutil.py", line 257, in copyfileobj
    fdst_write(buf)
    ~~~~~~~~~~^^^^^
  File "C:\Users\Hp\AppData\Local\Programs\Python\Python314\Lib\socketserver.py", line 845, in write
    self._sock.sendall(b)
    ~~~~~~~~~~~~~~~~~~^^^
ConnectionAbortedError: [WinError 10053] An established connection was aborted by the software in your host machine
----------------------------------------
Exception occurred during processing of request from ('127.0.0.1', 53533)
Traceback (most recent call last):
  File "C:\Users\Hp\Downloads\ecommerce-ai-capstone\public\app.py", line 628, in do_GET
    self.end_headers()
    ^^^^^^^^^^^^^^^^
  File "C:\Users\Hp\AppData\Local\Programs\Python\Python314\Lib\http\server.py", line 739, in do_GET
    self.copyfile(f, self.wfile)
    ~~~~~~~~~~~~~^^^^^^^^^^^^^^^
  File "C:\Users\Hp\AppData\Local\Programs\Python\Python314\Lib\http\server.py", line 942, in copyfile
    shutil.copyfileobj(source, outputfile)
    ~~~~~~~~~~~~~~~~~~^^^^^^^^^^^^^^^^^^^^
  File "C:\Users\Hp\AppData\Local\Programs\Python\Python314\Lib\shutil.py", line 257, in copyfileobj
    fdst_write(buf)
    ~~~~~~~~~~^^^^^
  File "C:\Users\Hp\AppData\Local\Programs\Python\Python314\Lib\socketserver.py", line 845, in write
    self._sock.sendall(b)
    ~~~~~~~~~~~~~~~~~~^^^
ConnectionAbortedError: [WinError 10053] An established connection was aborted by the software in your host machine

During handling of the above exception, another exception occurred:

Traceback (most recent call last):
  File "C:\Users\Hp\AppData\Local\Programs\Python\Python314\Lib\socketserver.py", line 318, in _handle_request_noblock
    self.process_request(request, client_address)
    ~~~~~~~~~~~~~~~~~~~~^^^^^^^^^^^^^^^^^^^^^^^^^
  File "C:\Users\Hp\AppData\Local\Programs\Python\Python314\Lib\socketserver.py", line 349, in process_request
    self.finish_request(request, client_address)
    ~~~~~~~~~~~~~~~~~~~^^^^^^^^^^^^^^^^^^^^^^^^^
  File "C:\Users\Hp\AppData\Local\Programs\Python\Python314\Lib\socketserver.py", line 362, in finish_request
    self.RequestHandlerClass(request, client_address, self)
    ~~~~~~~~~~~~~~~~~~~~~~~~^^^^^^^^^^^^^^^^^^^^^^^^^^^^^^^
  File "C:\Users\Hp\Downloads\ecommerce-ai-capstone\public\app.py", line 138, in __init__
    
    \U0001f3c6 Winner: {winner_text}
    
  File "C:\Users\Hp\AppData\Local\Programs\Python\Python314\Lib\http\server.py", line 732, in __init__
    super().__init__(*args, **kwargs)
    ~~~~~~~~~~~~~~~~^^^^^^^^^^^^^^^^^
  File "C:\Users\Hp\AppData\Local\Programs\Python\Python314\Lib\socketserver.py", line 766, in __init__
    self.handle()
    ~~~~~~~~~~~^^
  File "C:\Users\Hp\AppData\Local\Programs\Python\Python314\Lib\http\server.py", line 496, in handle
    self.handle_one_request()
    ~~~~~~~~~~~~~~~~~~~~~~~^^
  File "C:\Users\Hp\AppData\Local\Programs\Python\Python314\Lib\http\server.py", line 484, in handle_one_request
    method()
    ~~~~~~^^
  File "C:\Users\Hp\Downloads\ecommerce-ai-capstone\public\app.py", line 633, in do_GET
    compute_results(cur, eid)
    ~~~~~~~~~~~~~~~^^^^^^^^^^
  File "C:\Users\Hp\Downloads\ecommerce-ai-capstone\public\app.py", line 153, in send_json
  File "C:\Users\Hp\AppData\Local\Programs\Python\Python314\Lib\http\server.py", line 598, in end_headers
    self.flush_headers()
    ~~~~~~~~~~~~~~~~~~^^
  File "C:\Users\Hp\AppData\Local\Programs\Python\Python314\Lib\http\server.py", line 602, in flush_headers
    self.wfile.write(b"".join(self._headers_buffer))
    ~~~~~~~~~~~~~~~~^^^^^^^^^^^^^^^^^^^^^^^^^^^^^^^^
  File "C:\Users\Hp\AppData\Local\Programs\Python\Python314\Lib\socketserver.py", line 845, in write
    self._sock.sendall(b)
    ~~~~~~~~~~~~~~~~~~^^^
ConnectionAbortedError: [WinError 10053] An established connection was aborted by the software in your host machine
----------------------------------------
Traceback (most recent call last):
  File "C:\Users\Hp\Downloads\ecommerce-ai-capstone\public\app.py", line 438, in do_GET
    summary = generate_result_summary(conn, eid)
  File "C:\Users\Hp\Downloads\ecommerce-ai-capstone\public\app.py", line 154, in send_json
    if not emails: return
        ^^^^^^^^^^^^^^^^^
  File "C:\Users\Hp\AppData\Local\Programs\Python\Python314\Lib\socketserver.py", line 845, in write
    self._sock.sendall(b)
    ~~~~~~~~~~~~~~~~~~^^^
ConnectionAbortedError: [WinError 10053] An established connection was aborted by the software in your host machine
----------------------------------------
Exception occurred during processing of request from ('127.0.0.1', 55766)
Traceback (most recent call last):
  File "C:\Users\Hp\Downloads\ecommerce-ai-capstone\public\app.py", line 438, in do_GET
    summary = generate_result_summary(conn, eid)
  File "C:\Users\Hp\Downloads\ecommerce-ai-capstone\public\app.py", line 154, in send_json
    if not emails: return
        ^^^^^^^^^^^^^^^^^
  File "C:\Users\Hp\AppData\Local\Programs\Python\Python314\Lib\socketserver.py", line 845, in write
    self._sock.sendall(b)
    ~~~~~~~~~~~~~~~~~~^^^
ConnectionAbortedError: [WinError 10053] An established connection was aborted by the software in your host machine

During handling of the above exception, another exception occurred:

Traceback (most recent call last):
  File "C:\Users\Hp\AppData\Local\Programs\Python\Python314\Lib\socketserver.py", line 318, in _handle_request_noblock
    self.process_request(request, client_address)
    ~~~~~~~~~~~~~~~~~~~~^^^^^^^^^^^^^^^^^^^^^^^^^
  File "C:\Users\Hp\AppData\Local\Programs\Python\Python314\Lib\socketserver.py", line 349, in process_request
    self.finish_request(request, client_address)
    ~~~~~~~~~~~~~~~~~~~^^^^^^^^^^^^^^^^^^^^^^^^^
  File "C:\Users\Hp\AppData\Local\Programs\Python\Python314\Lib\socketserver.py", line 362, in finish_request
    self.RequestHandlerClass(request, client_address, self)
    ~~~~~~~~~~~~~~~~~~~~~~~~^^^^^^^^^^^^^^^^^^^^^^^^^^^^^^^
  File "C:\Users\Hp\Downloads\ecommerce-ai-capstone\public\app.py", line 138, in __init__
    
    \U0001f3c6 Winner: {winner_text}
    
  File "C:\Users\Hp\AppData\Local\Programs\Python\Python314\Lib\http\server.py", line 732, in __init__
    super().__init__(*args, **kwargs)
    ~~~~~~~~~~~~~~~~^^^^^^^^^^^^^^^^^
  File "C:\Users\Hp\AppData\Local\Programs\Python\Python314\Lib\socketserver.py", line 766, in __init__
    self.handle()
    ~~~~~~~~~~~^^
  File "C:\Users\Hp\AppData\Local\Programs\Python\Python314\Lib\http\server.py", line 496, in handle
    self.handle_one_request()
    ~~~~~~~~~~~~~~~~~~~~~~~^^
  File "C:\Users\Hp\AppData\Local\Programs\Python\Python314\Lib\http\server.py", line 484, in handle_one_request
    method()
    ~~~~~~^^
  File "C:\Users\Hp\Downloads\ecommerce-ai-capstone\public\app.py", line 633, in do_GET
    compute_results(cur, eid)
    ~~~~~~~~~~~~~~~^^^^^^^^^^
  File "C:\Users\Hp\Downloads\ecommerce-ai-capstone\public\app.py", line 153, in send_json
  File "C:\Users\Hp\AppData\Local\Programs\Python\Python314\Lib\http\server.py", line 598, in end_headers
    self.flush_headers()
    ~~~~~~~~~~~~~~~~~~^^
  File "C:\Users\Hp\AppData\Local\Programs\Python\Python314\Lib\http\server.py", line 602, in flush_headers
    self.wfile.write(b"".join(self._headers_buffer))
    ~~~~~~~~~~~~~~~~^^^^^^^^^^^^^^^^^^^^^^^^^^^^^^^^
  File "C:\Users\Hp\AppData\Local\Programs\Python\Python314\Lib\socketserver.py", line 845, in write
    self._sock.sendall(b)
    ~~~~~~~~~~~~~~~~~~^^^
ConnectionAbortedError: [WinError 10053] An established connection was aborted by the software in your host machine
----------------------------------------
Traceback (most recent call last):
  File "C:\Users\Hp\Downloads\ecommerce-ai-capstone\public\app.py", line 279, in do_GET
    rows = conn.execute("SELECT * FROM candidates").fetchall()
    ^^^^^^^^^^^^^^^^^^^^^^^^^^^^^^^^^^^^^^^^^^^^^^^^
  File "C:\Users\Hp\Downloads\ecommerce-ai-capstone\public\app.py", line 154, in send_json
    if not emails: return
        ^^^^^^^^^^^^^^^^^
  File "C:\Users\Hp\AppData\Local\Programs\Python\Python314\Lib\socketserver.py", line 845, in write
    self._sock.sendall(b)
    ~~~~~~~~~~~~~~~~~~^^^
ConnectionAbortedError: [WinError 10053] An established connection was aborted by the software in your host machine
----------------------------------------
Exception occurred during processing of request from ('127.0.0.1', 50553)
Traceback (most recent call last):
  File "C:\Users\Hp\Downloads\ecommerce-ai-capstone\public\app.py", line 279, in do_GET
    rows = conn.execute("SELECT * FROM candidates").fetchall()
    ^^^^^^^^^^^^^^^^^^^^^^^^^^^^^^^^^^^^^^^^^^^^^^^^
  File "C:\Users\Hp\Downloads\ecommerce-ai-capstone\public\app.py", line 154, in send_json
    if not emails: return
        ^^^^^^^^^^^^^^^^^
  File "C:\Users\Hp\AppData\Local\Programs\Python\Python314\Lib\socketserver.py", line 845, in write
    self._sock.sendall(b)
    ~~~~~~~~~~~~~~~~~~^^^
ConnectionAbortedError: [WinError 10053] An established connection was aborted by the software in your host machine

During handling of the above exception, another exception occurred:

Traceback (most recent call last):
  File "C:\Users\Hp\AppData\Local\Programs\Python\Python314\Lib\socketserver.py", line 318, in _handle_request_noblock
    self.process_request(request, client_address)
    ~~~~~~~~~~~~~~~~~~~~^^^^^^^^^^^^^^^^^^^^^^^^^
  File "C:\Users\Hp\AppData\Local\Programs\Python\Python314\Lib\socketserver.py", line 349, in process_request
    self.finish_request(request, client_address)
    ~~~~~~~~~~~~~~~~~~~^^^^^^^^^^^^^^^^^^^^^^^^^
  File "C:\Users\Hp\AppData\Local\Programs\Python\Python314\Lib\socketserver.py", line 362, in finish_request
    self.RequestHandlerClass(request, client_address, self)
    ~~~~~~~~~~~~~~~~~~~~~~~~^^^^^^^^^^^^^^^^^^^^^^^^^^^^^^^
  File "C:\Users\Hp\Downloads\ecommerce-ai-capstone\public\app.py", line 138, in __init__
    
    \U0001f3c6 Winner: {winner_text}
    
  File "C:\Users\Hp\AppData\Local\Programs\Python\Python314\Lib\http\server.py", line 732, in __init__
    super().__init__(*args, **kwargs)
    ~~~~~~~~~~~~~~~~^^^^^^^^^^^^^^^^^
  File "C:\Users\Hp\AppData\Local\Programs\Python\Python314\Lib\socketserver.py", line 766, in __init__
    self.handle()
    ~~~~~~~~~~~^^
  File "C:\Users\Hp\AppData\Local\Programs\Python\Python314\Lib\http\server.py", line 496, in handle
    self.handle_one_request()
    ~~~~~~~~~~~~~~~~~~~~~~~^^
  File "C:\Users\Hp\AppData\Local\Programs\Python\Python314\Lib\http\server.py", line 484, in handle_one_request
    method()
    ~~~~~~^^
  File "C:\Users\Hp\Downloads\ecommerce-ai-capstone\public\app.py", line 633, in do_GET
    compute_results(cur, eid)
    ~~~~~~~~~~~~~~~^^^^^^^^^^
  File "C:\Users\Hp\Downloads\ecommerce-ai-capstone\public\app.py", line 153, in send_json
  File "C:\Users\Hp\AppData\Local\Programs\Python\Python314\Lib\http\server.py", line 598, in end_headers
    self.flush_headers()
    ~~~~~~~~~~~~~~~~~~^^
  File "C:\Users\Hp\AppData\Local\Programs\Python\Python314\Lib\http\server.py", line 602, in flush_headers
    self.wfile.write(b"".join(self._headers_buffer))
    ~~~~~~~~~~~~~~~~^^^^^^^^^^^^^^^^^^^^^^^^^^^^^^^^
  File "C:\Users\Hp\AppData\Local\Programs\Python\Python314\Lib\socketserver.py", line 845, in write
    self._sock.sendall(b)
    ~~~~~~~~~~~~~~~~~~^^^
ConnectionAbortedError: [WinError 10053] An established connection was aborted by the software in your host machine
----------------------------------------
Traceback (most recent call last):
  File "C:\Users\Hp\Downloads\ecommerce-ai-capstone\public\app.py", line 628, in do_GET
    self.end_headers()
    ^^^^^^^^^^^^^^^^
  File "C:\Users\Hp\AppData\Local\Programs\Python\Python314\Lib\http\server.py", line 739, in do_GET
    self.copyfile(f, self.wfile)
    ~~~~~~~~~~~~~^^^^^^^^^^^^^^^
  File "C:\Users\Hp\AppData\Local\Programs\Python\Python314\Lib\http\server.py", line 942, in copyfile
    shutil.copyfileobj(source, outputfile)
    ~~~~~~~~~~~~~~~~~~^^^^^^^^^^^^^^^^^^^^
  File "C:\Users\Hp\AppData\Local\Programs\Python\Python314\Lib\shutil.py", line 257, in copyfileobj
    fdst_write(buf)
    ~~~~~~~~~~^^^^^
  File "C:\Users\Hp\AppData\Local\Programs\Python\Python314\Lib\socketserver.py", line 845, in write
    self._sock.sendall(b)
    ~~~~~~~~~~~~~~~~~~^^^
ConnectionAbortedError: [WinError 10053] An established connection was aborted by the software in your host machine
----------------------------------------
Exception occurred during processing of request from ('127.0.0.1', 51394)
Traceback (most recent call last):
  File "C:\Users\Hp\Downloads\ecommerce-ai-capstone\public\app.py", line 628, in do_GET
    self.end_headers()
    ^^^^^^^^^^^^^^^^
  File "C:\Users\Hp\AppData\Local\Programs\Python\Python314\Lib\http\server.py", line 739, in do_GET
    self.copyfile(f, self.wfile)
    ~~~~~~~~~~~~~^^^^^^^^^^^^^^^
  File "C:\Users\Hp\AppData\Local\Programs\Python\Python314\Lib\http\server.py", line 942, in copyfile
    shutil.copyfileobj(source, outputfile)
    ~~~~~~~~~~~~~~~~~~^^^^^^^^^^^^^^^^^^^^
  File "C:\Users\Hp\AppData\Local\Programs\Python\Python314\Lib\shutil.py", line 257, in copyfileobj
    fdst_write(buf)
    ~~~~~~~~~~^^^^^
  File "C:\Users\Hp\AppData\Local\Programs\Python\Python314\Lib\socketserver.py", line 845, in write
    self._sock.sendall(b)
    ~~~~~~~~~~~~~~~~~~^^^
ConnectionAbortedError: [WinError 10053] An established connection was aborted by the software in your host machine

During handling of the above exception, another exception occurred:

Traceback (most recent call last):
  File "C:\Users\Hp\AppData\Local\Programs\Python\Python314\Lib\socketserver.py", line 318, in _handle_request_noblock
    self.process_request(request, client_address)
    ~~~~~~~~~~~~~~~~~~~~^^^^^^^^^^^^^^^^^^^^^^^^^
  File "C:\Users\Hp\AppData\Local\Programs\Python\Python314\Lib\socketserver.py", line 349, in process_request
    self.finish_request(request, client_address)
    ~~~~~~~~~~~~~~~~~~~^^^^^^^^^^^^^^^^^^^^^^^^^
  File "C:\Users\Hp\AppData\Local\Programs\Python\Python314\Lib\socketserver.py", line 362, in finish_request
    self.RequestHandlerClass(request, client_address, self)
    ~~~~~~~~~~~~~~~~~~~~~~~~^^^^^^^^^^^^^^^^^^^^^^^^^^^^^^^
  File "C:\Users\Hp\Downloads\ecommerce-ai-capstone\public\app.py", line 138, in __init__
    
    \U0001f3c6 Winner: {winner_text}
    
  File "C:\Users\Hp\AppData\Local\Programs\Python\Python314\Lib\http\server.py", line 732, in __init__
    super().__init__(*args, **kwargs)
    ~~~~~~~~~~~~~~~~^^^^^^^^^^^^^^^^^
  File "C:\Users\Hp\AppData\Local\Programs\Python\Python314\Lib\socketserver.py", line 766, in __init__
    self.handle()
    ~~~~~~~~~~~^^
  File "C:\Users\Hp\AppData\Local\Programs\Python\Python314\Lib\http\server.py", line 496, in handle
    self.handle_one_request()
    ~~~~~~~~~~~~~~~~~~~~~~~^^
  File "C:\Users\Hp\AppData\Local\Programs\Python\Python314\Lib\http\server.py", line 484, in handle_one_request
    method()
    ~~~~~~^^
  File "C:\Users\Hp\Downloads\ecommerce-ai-capstone\public\app.py", line 633, in do_GET
    compute_results(cur, eid)
    ~~~~~~~~~~~~~~~^^^^^^^^^^
  File "C:\Users\Hp\Downloads\ecommerce-ai-capstone\public\app.py", line 153, in send_json
  File "C:\Users\Hp\AppData\Local\Programs\Python\Python314\Lib\http\server.py", line 598, in end_headers
    self.flush_headers()
    ~~~~~~~~~~~~~~~~~~^^
  File "C:\Users\Hp\AppData\Local\Programs\Python\Python314\Lib\http\server.py", line 602, in flush_headers
    self.wfile.write(b"".join(self._headers_buffer))
    ~~~~~~~~~~~~~~~~^^^^^^^^^^^^^^^^^^^^^^^^^^^^^^^^
  File "C:\Users\Hp\AppData\Local\Programs\Python\Python314\Lib\socketserver.py", line 845, in write
    self._sock.sendall(b)
    ~~~~~~~~~~~~~~~~~~^^^
ConnectionAbortedError: [WinError 10053] An established connection was aborted by the software in your host machine
----------------------------------------
Traceback (most recent call last):
  File "C:\Users\Hp\Downloads\ecommerce-ai-capstone\public\app.py", line 628, in do_GET
    self.end_headers()
    ^^^^^^^^^^^^^^^^
  File "C:\Users\Hp\AppData\Local\Programs\Python\Python314\Lib\http\server.py", line 739, in do_GET
    self.copyfile(f, self.wfile)
    ~~~~~~~~~~~~~^^^^^^^^^^^^^^^
  File "C:\Users\Hp\AppData\Local\Programs\Python\Python314\Lib\http\server.py", line 942, in copyfile
    shutil.copyfileobj(source, outputfile)
    ~~~~~~~~~~~~~~~~~~^^^^^^^^^^^^^^^^^^^^
  File "C:\Users\Hp\AppData\Local\Programs\Python\Python314\Lib\shutil.py", line 257, in copyfileobj
    fdst_write(buf)
    ~~~~~~~~~~^^^^^
  File "C:\Users\Hp\AppData\Local\Programs\Python\Python314\Lib\socketserver.py", line 845, in write
    self._sock.sendall(b)
    ~~~~~~~~~~~~~~~~~~^^^
ConnectionAbortedError: [WinError 10053] An established connection was aborted by the software in your host machine
----------------------------------------
Exception occurred during processing of request from ('127.0.0.1', 57682)
Traceback (most recent call last):
  File "C:\Users\Hp\Downloads\ecommerce-ai-capstone\public\app.py", line 628, in do_GET
    self.end_headers()
    ^^^^^^^^^^^^^^^^
  File "C:\Users\Hp\AppData\Local\Programs\Python\Python314\Lib\http\server.py", line 739, in do_GET
    self.copyfile(f, self.wfile)
    ~~~~~~~~~~~~~^^^^^^^^^^^^^^^
  File "C:\Users\Hp\AppData\Local\Programs\Python\Python314\Lib\http\server.py", line 942, in copyfile
    shutil.copyfileobj(source, outputfile)
    ~~~~~~~~~~~~~~~~~~^^^^^^^^^^^^^^^^^^^^
  File "C:\Users\Hp\AppData\Local\Programs\Python\Python314\Lib\shutil.py", line 257, in copyfileobj
    fdst_write(buf)
    ~~~~~~~~~~^^^^^
  File "C:\Users\Hp\AppData\Local\Programs\Python\Python314\Lib\socketserver.py", line 845, in write
    self._sock.sendall(b)
    ~~~~~~~~~~~~~~~~~~^^^
ConnectionAbortedError: [WinError 10053] An established connection was aborted by the software in your host machine

During handling of the above exception, another exception occurred:

Traceback (most recent call last):
  File "C:\Users\Hp\AppData\Local\Programs\Python\Python314\Lib\socketserver.py", line 318, in _handle_request_noblock
    self.process_request(request, client_address)
    ~~~~~~~~~~~~~~~~~~~~^^^^^^^^^^^^^^^^^^^^^^^^^
  File "C:\Users\Hp\AppData\Local\Programs\Python\Python314\Lib\socketserver.py", line 349, in process_request
    self.finish_request(request, client_address)
    ~~~~~~~~~~~~~~~~~~~^^^^^^^^^^^^^^^^^^^^^^^^^
  File "C:\Users\Hp\AppData\Local\Programs\Python\Python314\Lib\socketserver.py", line 362, in finish_request
    self.RequestHandlerClass(request, client_address, self)
    ~~~~~~~~~~~~~~~~~~~~~~~~^^^^^^^^^^^^^^^^^^^^^^^^^^^^^^^
  File "C:\Users\Hp\Downloads\ecommerce-ai-capstone\public\app.py", line 138, in __init__
    
    \U0001f3c6 Winner: {winner_text}
    
  File "C:\Users\Hp\AppData\Local\Programs\Python\Python314\Lib\http\server.py", line 732, in __init__
    super().__init__(*args, **kwargs)
    ~~~~~~~~~~~~~~~~^^^^^^^^^^^^^^^^^
  File "C:\Users\Hp\AppData\Local\Programs\Python\Python314\Lib\socketserver.py", line 766, in __init__
    self.handle()
    ~~~~~~~~~~~^^
  File "C:\Users\Hp\AppData\Local\Programs\Python\Python314\Lib\http\server.py", line 496, in handle
    self.handle_one_request()
    ~~~~~~~~~~~~~~~~~~~~~~~^^
  File "C:\Users\Hp\AppData\Local\Programs\Python\Python314\Lib\http\server.py", line 484, in handle_one_request
    method()
    ~~~~~~^^
  File "C:\Users\Hp\Downloads\ecommerce-ai-capstone\public\app.py", line 633, in do_GET
    compute_results(cur, eid)
    ~~~~~~~~~~~~~~~^^^^^^^^^^
  File "C:\Users\Hp\Downloads\ecommerce-ai-capstone\public\app.py", line 153, in send_json
  File "C:\Users\Hp\AppData\Local\Programs\Python\Python314\Lib\http\server.py", line 598, in end_headers
    self.flush_headers()
    ~~~~~~~~~~~~~~~~~~^^
  File "C:\Users\Hp\AppData\Local\Programs\Python\Python314\Lib\http\server.py", line 602, in flush_headers
    self.wfile.write(b"".join(self._headers_buffer))
    ~~~~~~~~~~~~~~~~^^^^^^^^^^^^^^^^^^^^^^^^^^^^^^^^
  File "C:\Users\Hp\AppData\Local\Programs\Python\Python314\Lib\socketserver.py", line 845, in write
    self._sock.sendall(b)
    ~~~~~~~~~~~~~~~~~~^^^
ConnectionAbortedError: [WinError 10053] An established connection was aborted by the software in your host machine
----------------------------------------
Traceback (most recent call last):
  File "C:\Users\Hp\Downloads\ecommerce-ai-capstone\public\app.py", line 628, in do_GET
    self.end_headers()
    ^^^^^^^^^^^^^^^^
  File "C:\Users\Hp\AppData\Local\Programs\Python\Python314\Lib\http\server.py", line 739, in do_GET
    self.copyfile(f, self.wfile)
    ~~~~~~~~~~~~~^^^^^^^^^^^^^^^
  File "C:\Users\Hp\AppData\Local\Programs\Python\Python314\Lib\http\server.py", line 942, in copyfile
    shutil.copyfileobj(source, outputfile)
    ~~~~~~~~~~~~~~~~~~^^^^^^^^^^^^^^^^^^^^
  File "C:\Users\Hp\AppData\Local\Programs\Python\Python314\Lib\shutil.py", line 257, in copyfileobj
    fdst_write(buf)
    ~~~~~~~~~~^^^^^
  File "C:\Users\Hp\AppData\Local\Programs\Python\Python314\Lib\socketserver.py", line 845, in write
    self._sock.sendall(b)
    ~~~~~~~~~~~~~~~~~~^^^
ConnectionAbortedError: [WinError 10053] An established connection was aborted by the software in your host machine
----------------------------------------
Exception occurred during processing of request from ('127.0.0.1', 59843)
Traceback (most recent call last):
  File "C:\Users\Hp\Downloads\ecommerce-ai-capstone\public\app.py", line 628, in do_GET
    self.end_headers()
    ^^^^^^^^^^^^^^^^
  File "C:\Users\Hp\AppData\Local\Programs\Python\Python314\Lib\http\server.py", line 739, in do_GET
    self.copyfile(f, self.wfile)
    ~~~~~~~~~~~~~^^^^^^^^^^^^^^^
  File "C:\Users\Hp\AppData\Local\Programs\Python\Python314\Lib\http\server.py", line 942, in copyfile
    shutil.copyfileobj(source, outputfile)
    ~~~~~~~~~~~~~~~~~~^^^^^^^^^^^^^^^^^^^^
  File "C:\Users\Hp\AppData\Local\Programs\Python\Python314\Lib\shutil.py", line 257, in copyfileobj
    fdst_write(buf)
    ~~~~~~~~~~^^^^^
  File "C:\Users\Hp\AppData\Local\Programs\Python\Python314\Lib\socketserver.py", line 845, in write
    self._sock.sendall(b)
    ~~~~~~~~~~~~~~~~~~^^^
ConnectionAbortedError: [WinError 10053] An established connection was aborted by the software in your host machine

During handling of the above exception, another exception occurred:

Traceback (most recent call last):
  File "C:\Users\Hp\AppData\Local\Programs\Python\Python314\Lib\socketserver.py", line 318, in _handle_request_noblock
    self.process_request(request, client_address)
    ~~~~~~~~~~~~~~~~~~~~^^^^^^^^^^^^^^^^^^^^^^^^^
  File "C:\Users\Hp\AppData\Local\Programs\Python\Python314\Lib\socketserver.py", line 349, in process_request
    self.finish_request(request, client_address)
    ~~~~~~~~~~~~~~~~~~~^^^^^^^^^^^^^^^^^^^^^^^^^
  File "C:\Users\Hp\AppData\Local\Programs\Python\Python314\Lib\socketserver.py", line 362, in finish_request
    self.RequestHandlerClass(request, client_address, self)
    ~~~~~~~~~~~~~~~~~~~~~~~~^^^^^^^^^^^^^^^^^^^^^^^^^^^^^^^
  File "C:\Users\Hp\Downloads\ecommerce-ai-capstone\public\app.py", line 138, in __init__
    
    \U0001f3c6 Winner: {winner_text}
    
  File "C:\Users\Hp\AppData\Local\Programs\Python\Python314\Lib\http\server.py", line 732, in __init__
    super().__init__(*args, **kwargs)
    ~~~~~~~~~~~~~~~~^^^^^^^^^^^^^^^^^
  File "C:\Users\Hp\AppData\Local\Programs\Python\Python314\Lib\socketserver.py", line 766, in __init__
    self.handle()
    ~~~~~~~~~~~^^
  File "C:\Users\Hp\AppData\Local\Programs\Python\Python314\Lib\http\server.py", line 496, in handle
    self.handle_one_request()
    ~~~~~~~~~~~~~~~~~~~~~~~^^
  File "C:\Users\Hp\AppData\Local\Programs\Python\Python314\Lib\http\server.py", line 484, in handle_one_request
    method()
    ~~~~~~^^
  File "C:\Users\Hp\Downloads\ecommerce-ai-capstone\public\app.py", line 633, in do_GET
    compute_results(cur, eid)
    ~~~~~~~~~~~~~~~^^^^^^^^^^
  File "C:\Users\Hp\Downloads\ecommerce-ai-capstone\public\app.py", line 153, in send_json
  File "C:\Users\Hp\AppData\Local\Programs\Python\Python314\Lib\http\server.py", line 598, in end_headers
    self.flush_headers()
    ~~~~~~~~~~~~~~~~~~^^
  File "C:\Users\Hp\AppData\Local\Programs\Python\Python314\Lib\http\server.py", line 602, in flush_headers
    self.wfile.write(b"".join(self._headers_buffer))
    ~~~~~~~~~~~~~~~~^^^^^^^^^^^^^^^^^^^^^^^^^^^^^^^^
  File "C:\Users\Hp\AppData\Local\Programs\Python\Python314\Lib\socketserver.py", line 845, in write
    self._sock.sendall(b)
    ~~~~~~~~~~~~~~~~~~^^^
ConnectionAbortedError: [WinError 10053] An established connection was aborted by the software in your host machine
----------------------------------------
Traceback (most recent call last):
  File "C:\Users\Hp\Downloads\ecommerce-ai-capstone\public\app.py", line 766, in do_POST
    email = body.get("email", "").strip().lower()
        ^^^^^^^^^^^^^^^^^^^^^^^^^^^^^^^^^^^^^^^^^
    ...<2 lines>...
    if not admin or not verify_password(password, admin["password_hash"], admin["password_salt"]):
    ^^^^^
  File "C:\Users\Hp\Downloads\ecommerce-ai-capstone\public\database.py", line 57, in execute
    cur.execute(pg_sql, params)
    ~~~~~~~~~~~^^^^^^^^^^^^^^^^
  File "C:\Users\Hp\AppData\Local\Programs\Python\Python314\Lib\site-packages\psycopg2\extras.py", line 146, in execute
    return super().execute(query, vars)
           ~~~~~~~~~~~~~~~^^^^^^^^^^^^^
psycopg2.errors.UniqueViolation: duplicate key value violates unique constraint "votes_voter_id_election_id_key"
DETAIL:  Key (voter_id, election_id)=(VTR-2024-0001, 1) already exists.

Traceback (most recent call last):
  File "C:\Users\Hp\Downloads\ecommerce-ai-capstone\public\app.py", line 438, in do_GET
    summary = generate_result_summary(conn, eid)
  File "C:\Users\Hp\Downloads\ecommerce-ai-capstone\public\app.py", line 154, in send_json
    if not emails: return
        ^^^^^^^^^^^^^^^^^
  File "C:\Users\Hp\AppData\Local\Programs\Python\Python314\Lib\socketserver.py", line 845, in write
    self._sock.sendall(b)
    ~~~~~~~~~~~~~~~~~~^^^
ConnectionAbortedError: [WinError 10053] An established connection was aborted by the software in your host machine
----------------------------------------
Exception occurred during processing of request from ('127.0.0.1', 55313)
Traceback (most recent call last):
  File "C:\Users\Hp\Downloads\ecommerce-ai-capstone\public\app.py", line 438, in do_GET
    summary = generate_result_summary(conn, eid)
  File "C:\Users\Hp\Downloads\ecommerce-ai-capstone\public\app.py", line 154, in send_json
    if not emails: return
        ^^^^^^^^^^^^^^^^^
  File "C:\Users\Hp\AppData\Local\Programs\Python\Python314\Lib\socketserver.py", line 845, in write
    self._sock.sendall(b)
    ~~~~~~~~~~~~~~~~~~^^^
ConnectionAbortedError: [WinError 10053] An established connection was aborted by the software in your host machine

During handling of the above exception, another exception occurred:

Traceback (most recent call last):
  File "C:\Users\Hp\AppData\Local\Programs\Python\Python314\Lib\socketserver.py", line 318, in _handle_request_noblock
    self.process_request(request, client_address)
    ~~~~~~~~~~~~~~~~~~~~^^^^^^^^^^^^^^^^^^^^^^^^^
  File "C:\Users\Hp\AppData\Local\Programs\Python\Python314\Lib\socketserver.py", line 349, in process_request
    self.finish_request(request, client_address)
    ~~~~~~~~~~~~~~~~~~~^^^^^^^^^^^^^^^^^^^^^^^^^
  File "C:\Users\Hp\AppData\Local\Programs\Python\Python314\Lib\socketserver.py", line 362, in finish_request
    self.RequestHandlerClass(request, client_address, self)
    ~~~~~~~~~~~~~~~~~~~~~~~~^^^^^^^^^^^^^^^^^^^^^^^^^^^^^^^
  File "C:\Users\Hp\Downloads\ecommerce-ai-capstone\public\app.py", line 138, in __init__
    
    \U0001f3c6 Winner: {winner_text}
    
  File "C:\Users\Hp\AppData\Local\Programs\Python\Python314\Lib\http\server.py", line 732, in __init__
    super().__init__(*args, **kwargs)
    ~~~~~~~~~~~~~~~~^^^^^^^^^^^^^^^^^
  File "C:\Users\Hp\AppData\Local\Programs\Python\Python314\Lib\socketserver.py", line 766, in __init__
    self.handle()
    ~~~~~~~~~~~^^
  File "C:\Users\Hp\AppData\Local\Programs\Python\Python314\Lib\http\server.py", line 496, in handle
    self.handle_one_request()
    ~~~~~~~~~~~~~~~~~~~~~~~^^
  File "C:\Users\Hp\AppData\Local\Programs\Python\Python314\Lib\http\server.py", line 484, in handle_one_request
    method()
    ~~~~~~^^
  File "C:\Users\Hp\Downloads\ecommerce-ai-capstone\public\app.py", line 633, in do_GET
    compute_results(cur, eid)
    ~~~~~~~~~~~~~~~^^^^^^^^^^
  File "C:\Users\Hp\Downloads\ecommerce-ai-capstone\public\app.py", line 153, in send_json
  File "C:\Users\Hp\AppData\Local\Programs\Python\Python314\Lib\http\server.py", line 598, in end_headers
    self.flush_headers()
    ~~~~~~~~~~~~~~~~~~^^
  File "C:\Users\Hp\AppData\Local\Programs\Python\Python314\Lib\http\server.py", line 602, in flush_headers
    self.wfile.write(b"".join(self._headers_buffer))
    ~~~~~~~~~~~~~~~~^^^^^^^^^^^^^^^^^^^^^^^^^^^^^^^^
  File "C:\Users\Hp\AppData\Local\Programs\Python\Python314\Lib\socketserver.py", line 845, in write
    self._sock.sendall(b)
    ~~~~~~~~~~~~~~~~~~^^^
ConnectionAbortedError: [WinError 10053] An established connection was aborted by the software in your host machine
----------------------------------------
Traceback (most recent call last):
  File "C:\Users\Hp\Downloads\ecommerce-ai-capstone\public\app.py", line 438, in do_GET
    summary = generate_result_summary(conn, eid)
  File "C:\Users\Hp\Downloads\ecommerce-ai-capstone\public\app.py", line 154, in send_json
    if not emails: return
        ^^^^^^^^^^^^^^^^^
  File "C:\Users\Hp\AppData\Local\Programs\Python\Python314\Lib\socketserver.py", line 845, in write
    self._sock.sendall(b)
    ~~~~~~~~~~~~~~~~~~^^^
ConnectionAbortedError: [WinError 10053] An established connection was aborted by the software in your host machine
----------------------------------------
Exception occurred during processing of request from ('127.0.0.1', 53379)
Traceback (most recent call last):
  File "C:\Users\Hp\Downloads\ecommerce-ai-capstone\public\app.py", line 438, in do_GET
    summary = generate_result_summary(conn, eid)
  File "C:\Users\Hp\Downloads\ecommerce-ai-capstone\public\app.py", line 154, in send_json
    if not emails: return
        ^^^^^^^^^^^^^^^^^
  File "C:\Users\Hp\AppData\Local\Programs\Python\Python314\Lib\socketserver.py", line 845, in write
    self._sock.sendall(b)
    ~~~~~~~~~~~~~~~~~~^^^
ConnectionAbortedError: [WinError 10053] An established connection was aborted by the software in your host machine

During handling of the above exception, another exception occurred:

Traceback (most recent call last):
  File "C:\Users\Hp\AppData\Local\Programs\Python\Python314\Lib\socketserver.py", line 318, in _handle_request_noblock
    self.process_request(request, client_address)
    ~~~~~~~~~~~~~~~~~~~~^^^^^^^^^^^^^^^^^^^^^^^^^
  File "C:\Users\Hp\AppData\Local\Programs\Python\Python314\Lib\socketserver.py", line 349, in process_request
    self.finish_request(request, client_address)
    ~~~~~~~~~~~~~~~~~~~^^^^^^^^^^^^^^^^^^^^^^^^^
  File "C:\Users\Hp\AppData\Local\Programs\Python\Python314\Lib\socketserver.py", line 362, in finish_request
    self.RequestHandlerClass(request, client_address, self)
    ~~~~~~~~~~~~~~~~~~~~~~~~^^^^^^^^^^^^^^^^^^^^^^^^^^^^^^^
  File "C:\Users\Hp\Downloads\ecommerce-ai-capstone\public\app.py", line 138, in __init__
    
    \U0001f3c6 Winner: {winner_text}
    
  File "C:\Users\Hp\AppData\Local\Programs\Python\Python314\Lib\http\server.py", line 732, in __init__
    super().__init__(*args, **kwargs)
    ~~~~~~~~~~~~~~~~^^^^^^^^^^^^^^^^^
  File "C:\Users\Hp\AppData\Local\Programs\Python\Python314\Lib\socketserver.py", line 766, in __init__
    self.handle()
    ~~~~~~~~~~~^^
  File "C:\Users\Hp\AppData\Local\Programs\Python\Python314\Lib\http\server.py", line 496, in handle
    self.handle_one_request()
    ~~~~~~~~~~~~~~~~~~~~~~~^^
  File "C:\Users\Hp\AppData\Local\Programs\Python\Python314\Lib\http\server.py", line 484, in handle_one_request
    method()
    ~~~~~~^^
  File "C:\Users\Hp\Downloads\ecommerce-ai-capstone\public\app.py", line 633, in do_GET
    compute_results(cur, eid)
    ~~~~~~~~~~~~~~~^^^^^^^^^^
  File "C:\Users\Hp\Downloads\ecommerce-ai-capstone\public\app.py", line 153, in send_json
  File "C:\Users\Hp\AppData\Local\Programs\Python\Python314\Lib\http\server.py", line 598, in end_headers
    self.flush_headers()
    ~~~~~~~~~~~~~~~~~~^^
  File "C:\Users\Hp\AppData\Local\Programs\Python\Python314\Lib\http\server.py", line 602, in flush_headers
    self.wfile.write(b"".join(self._headers_buffer))
    ~~~~~~~~~~~~~~~~^^^^^^^^^^^^^^^^^^^^^^^^^^^^^^^^
  File "C:\Users\Hp\AppData\Local\Programs\Python\Python314\Lib\socketserver.py", line 845, in write
    self._sock.sendall(b)
    ~~~~~~~~~~~~~~~~~~^^^
ConnectionAbortedError: [WinError 10053] An established connection was aborted by the software in your host machine
----------------------------------------
Traceback (most recent call last):
  File "C:\Users\Hp\Downloads\ecommerce-ai-capstone\public\app.py", line 734, in do_POST
    return self.send_json({"error": "Email already registered."}, 409)
    ^^^^^^^^^^^^^^^^^^^^^^^^^^^^^^^^^^^^^^
  File "C:\Users\Hp\Downloads\ecommerce-ai-capstone\public\app.py", line 154, in send_json
    if not emails: return
        ^^^^^^^^^^^^^^^^^
  File "C:\Users\Hp\AppData\Local\Programs\Python\Python314\Lib\socketserver.py", line 845, in write
    self._sock.sendall(b)
    ~~~~~~~~~~~~~~~~~~^^^
ConnectionAbortedError: [WinError 10053] An established connection was aborted by the software in your host machine
----------------------------------------
Exception occurred during processing of request from ('127.0.0.1', 57949)
Traceback (most recent call last):
  File "C:\Users\Hp\Downloads\ecommerce-ai-capstone\public\app.py", line 734, in do_POST
    return self.send_json({"error": "Email already registered."}, 409)
    ^^^^^^^^^^^^^^^^^^^^^^^^^^^^^^^^^^^^^^
  File "C:\Users\Hp\Downloads\ecommerce-ai-capstone\public\app.py", line 154, in send_json
    if not emails: return
        ^^^^^^^^^^^^^^^^^
  File "C:\Users\Hp\AppData\Local\Programs\Python\Python314\Lib\socketserver.py", line 845, in write
    self._sock.sendall(b)
    ~~~~~~~~~~~~~~~~~~^^^
ConnectionAbortedError: [WinError 10053] An established connection was aborted by the software in your host machine

During handling of the above exception, another exception occurred:

Traceback (most recent call last):
  File "C:\Users\Hp\AppData\Local\Programs\Python\Python314\Lib\socketserver.py", line 318, in _handle_request_noblock
    self.process_request(request, client_address)
    ~~~~~~~~~~~~~~~~~~~~^^^^^^^^^^^^^^^^^^^^^^^^^
  File "C:\Users\Hp\AppData\Local\Programs\Python\Python314\Lib\socketserver.py", line 349, in process_request
    self.finish_request(request, client_address)
    ~~~~~~~~~~~~~~~~~~~^^^^^^^^^^^^^^^^^^^^^^^^^
  File "C:\Users\Hp\AppData\Local\Programs\Python\Python314\Lib\socketserver.py", line 362, in finish_request
    self.RequestHandlerClass(request, client_address, self)
    ~~~~~~~~~~~~~~~~~~~~~~~~^^^^^^^^^^^^^^^^^^^^^^^^^^^^^^^
  File "C:\Users\Hp\Downloads\ecommerce-ai-capstone\public\app.py", line 138, in __init__
    
    \U0001f3c6 Winner: {winner_text}
    
  File "C:\Users\Hp\AppData\Local\Programs\Python\Python314\Lib\http\server.py", line 732, in __init__
    super().__init__(*args, **kwargs)
    ~~~~~~~~~~~~~~~~^^^^^^^^^^^^^^^^^
  File "C:\Users\Hp\AppData\Local\Programs\Python\Python314\Lib\socketserver.py", line 766, in __init__
    self.handle()
    ~~~~~~~~~~~^^
  File "C:\Users\Hp\AppData\Local\Programs\Python\Python314\Lib\http\server.py", line 496, in handle
    self.handle_one_request()
    ~~~~~~~~~~~~~~~~~~~~~~~^^
  File "C:\Users\Hp\AppData\Local\Programs\Python\Python314\Lib\http\server.py", line 484, in handle_one_request
    method()
    ~~~~~~^^
  File "C:\Users\Hp\Downloads\ecommerce-ai-capstone\public\app.py", line 959, in do_POST
    vals = list(fields.values()) + [session["user_id"]]
    ^^^^^^^^^^^^^^^^^^^^^^^^^^^^^^
  File "C:\Users\Hp\Downloads\ecommerce-ai-capstone\public\app.py", line 153, in send_json
  File "C:\Users\Hp\AppData\Local\Programs\Python\Python314\Lib\http\server.py", line 598, in end_headers
    self.flush_headers()
    ~~~~~~~~~~~~~~~~~~^^
  File "C:\Users\Hp\AppData\Local\Programs\Python\Python314\Lib\http\server.py", line 602, in flush_headers
    self.wfile.write(b"".join(self._headers_buffer))
    ~~~~~~~~~~~~~~~~^^^^^^^^^^^^^^^^^^^^^^^^^^^^^^^^
  File "C:\Users\Hp\AppData\Local\Programs\Python\Python314\Lib\socketserver.py", line 845, in write
    self._sock.sendall(b)
    ~~~~~~~~~~~~~~~~~~^^^
ConnectionAbortedError: [WinError 10053] An established connection was aborted by the software in your host machine
----------------------------------------
Traceback (most recent call last):
  File "C:\Users\Hp\Downloads\ecommerce-ai-capstone\public\app.py", line 734, in do_POST
    return self.send_json({"error": "Email already registered."}, 409)
    ^^^^^^^^^^^^^^^^^^^^^^^^^^^^^^^^^^^^^^
  File "C:\Users\Hp\Downloads\ecommerce-ai-capstone\public\app.py", line 154, in send_json
    if not emails: return
        ^^^^^^^^^^^^^^^^^
  File "C:\Users\Hp\AppData\Local\Programs\Python\Python314\Lib\socketserver.py", line 845, in write
    self._sock.sendall(b)
    ~~~~~~~~~~~~~~~~~~^^^
ConnectionAbortedError: [WinError 10053] An established connection was aborted by the software in your host machine
----------------------------------------
Exception occurred during processing of request from ('127.0.0.1', 55980)
Traceback (most recent call last):
  File "C:\Users\Hp\Downloads\ecommerce-ai-capstone\public\app.py", line 734, in do_POST
    return self.send_json({"error": "Email already registered."}, 409)
    ^^^^^^^^^^^^^^^^^^^^^^^^^^^^^^^^^^^^^^
  File "C:\Users\Hp\Downloads\ecommerce-ai-capstone\public\app.py", line 154, in send_json
    if not emails: return
        ^^^^^^^^^^^^^^^^^
  File "C:\Users\Hp\AppData\Local\Programs\Python\Python314\Lib\socketserver.py", line 845, in write
    self._sock.sendall(b)
    ~~~~~~~~~~~~~~~~~~^^^
ConnectionAbortedError: [WinError 10053] An established connection was aborted by the software in your host machine

During handling of the above exception, another exception occurred:

Traceback (most recent call last):
  File "C:\Users\Hp\AppData\Local\Programs\Python\Python314\Lib\socketserver.py", line 318, in _handle_request_noblock
    self.process_request(request, client_address)
    ~~~~~~~~~~~~~~~~~~~~^^^^^^^^^^^^^^^^^^^^^^^^^
  File "C:\Users\Hp\AppData\Local\Programs\Python\Python314\Lib\socketserver.py", line 349, in process_request
    self.finish_request(request, client_address)
    ~~~~~~~~~~~~~~~~~~~^^^^^^^^^^^^^^^^^^^^^^^^^
  File "C:\Users\Hp\AppData\Local\Programs\Python\Python314\Lib\socketserver.py", line 362, in finish_request
    self.RequestHandlerClass(request, client_address, self)
    ~~~~~~~~~~~~~~~~~~~~~~~~^^^^^^^^^^^^^^^^^^^^^^^^^^^^^^^
  File "C:\Users\Hp\Downloads\ecommerce-ai-capstone\public\app.py", line 138, in __init__
    
    \U0001f3c6 Winner: {winner_text}
    
  File "C:\Users\Hp\AppData\Local\Programs\Python\Python314\Lib\http\server.py", line 732, in __init__
    super().__init__(*args, **kwargs)
    ~~~~~~~~~~~~~~~~^^^^^^^^^^^^^^^^^
  File "C:\Users\Hp\AppData\Local\Programs\Python\Python314\Lib\socketserver.py", line 766, in __init__
    self.handle()
    ~~~~~~~~~~~^^
  File "C:\Users\Hp\AppData\Local\Programs\Python\Python314\Lib\http\server.py", line 496, in handle
    self.handle_one_request()
    ~~~~~~~~~~~~~~~~~~~~~~~^^
  File "C:\Users\Hp\AppData\Local\Programs\Python\Python314\Lib\http\server.py", line 484, in handle_one_request
    method()
    ~~~~~~^^
  File "C:\Users\Hp\Downloads\ecommerce-ai-capstone\public\app.py", line 959, in do_POST
    vals = list(fields.values()) + [session["user_id"]]
    ^^^^^^^^^^^^^^^^^^^^^^^^^^^^^^
  File "C:\Users\Hp\Downloads\ecommerce-ai-capstone\public\app.py", line 153, in send_json
  File "C:\Users\Hp\AppData\Local\Programs\Python\Python314\Lib\http\server.py", line 598, in end_headers
    self.flush_headers()
    ~~~~~~~~~~~~~~~~~~^^
  File "C:\Users\Hp\AppData\Local\Programs\Python\Python314\Lib\http\server.py", line 602, in flush_headers
    self.wfile.write(b"".join(self._headers_buffer))
    ~~~~~~~~~~~~~~~~^^^^^^^^^^^^^^^^^^^^^^^^^^^^^^^^
  File "C:\Users\Hp\AppData\Local\Programs\Python\Python314\Lib\socketserver.py", line 845, in write
    self._sock.sendall(b)
    ~~~~~~~~~~~~~~~~~~^^^
ConnectionAbortedError: [WinError 10053] An established connection was aborted by the software in your host machine
----------------------------------------
Traceback (most recent call last):
  File "C:\Users\Hp\Downloads\ecommerce-ai-capstone\public\app.py", line 266, in do_GET
    eid = int(re.match(r"^/api/elections/(\d+)$", path).group(1))
              ^^^^^^^^^^^^^^^^^^^^^^^^^^^^
  File "C:\Users\Hp\Downloads\ecommerce-ai-capstone\public\app.py", line 191, in require_auth
    self.send_header("Content-Disposition", f'attachment; filename="{filename}"')
        ^^^^^^^^^^^^^^^^^^^^^^^^^^^^^^^^^^^^^^^^^^^^^^^^^^^^^^^^^^^^^
  File "C:\Users\Hp\Downloads\ecommerce-ai-capstone\public\app.py", line 154, in send_json
    if not emails: return
        ^^^^^^^^^^^^^^^^^
  File "C:\Users\Hp\AppData\Local\Programs\Python\Python314\Lib\socketserver.py", line 845, in write
    self._sock.sendall(b)
    ~~~~~~~~~~~~~~~~~~^^^
ConnectionAbortedError: [WinError 10053] An established connection was aborted by the software in your host machine
----------------------------------------
Exception occurred during processing of request from ('127.0.0.1', 59410)
Traceback (most recent call last):
  File "C:\Users\Hp\Downloads\ecommerce-ai-capstone\public\app.py", line 266, in do_GET
    eid = int(re.match(r"^/api/elections/(\d+)$", path).group(1))
              ^^^^^^^^^^^^^^^^^^^^^^^^^^^^
  File "C:\Users\Hp\Downloads\ecommerce-ai-capstone\public\app.py", line 191, in require_auth
    self.send_header("Content-Disposition", f'attachment; filename="{filename}"')
        ^^^^^^^^^^^^^^^^^^^^^^^^^^^^^^^^^^^^^^^^^^^^^^^^^^^^^^^^^^^^^
  File "C:\Users\Hp\Downloads\ecommerce-ai-capstone\public\app.py", line 154, in send_json
    if not emails: return
        ^^^^^^^^^^^^^^^^^
  File "C:\Users\Hp\AppData\Local\Programs\Python\Python314\Lib\socketserver.py", line 845, in write
    self._sock.sendall(b)
    ~~~~~~~~~~~~~~~~~~^^^
ConnectionAbortedError: [WinError 10053] An established connection was aborted by the software in your host machine

During handling of the above exception, another exception occurred:

Traceback (most recent call last):
  File "C:\Users\Hp\AppData\Local\Programs\Python\Python314\Lib\socketserver.py", line 318, in _handle_request_noblock
    self.process_request(request, client_address)
    ~~~~~~~~~~~~~~~~~~~~^^^^^^^^^^^^^^^^^^^^^^^^^
  File "C:\Users\Hp\AppData\Local\Programs\Python\Python314\Lib\socketserver.py", line 349, in process_request
    self.finish_request(request, client_address)
    ~~~~~~~~~~~~~~~~~~~^^^^^^^^^^^^^^^^^^^^^^^^^
  File "C:\Users\Hp\AppData\Local\Programs\Python\Python314\Lib\socketserver.py", line 362, in finish_request
    self.RequestHandlerClass(request, client_address, self)
    ~~~~~~~~~~~~~~~~~~~~~~~~^^^^^^^^^^^^^^^^^^^^^^^^^^^^^^^
  File "C:\Users\Hp\Downloads\ecommerce-ai-capstone\public\app.py", line 138, in __init__
    
    \U0001f3c6 Winner: {winner_text}
    
  File "C:\Users\Hp\AppData\Local\Programs\Python\Python314\Lib\http\server.py", line 732, in __init__
    super().__init__(*args, **kwargs)
    ~~~~~~~~~~~~~~~~^^^^^^^^^^^^^^^^^
  File "C:\Users\Hp\AppData\Local\Programs\Python\Python314\Lib\socketserver.py", line 766, in __init__
    self.handle()
    ~~~~~~~~~~~^^
  File "C:\Users\Hp\AppData\Local\Programs\Python\Python314\Lib\http\server.py", line 496, in handle
    self.handle_one_request()
    ~~~~~~~~~~~~~~~~~~~~~~~^^
  File "C:\Users\Hp\AppData\Local\Programs\Python\Python314\Lib\http\server.py", line 484, in handle_one_request
    method()
    ~~~~~~^^
  File "C:\Users\Hp\Downloads\ecommerce-ai-capstone\public\app.py", line 633, in do_GET
    compute_results(cur, eid)
    ~~~~~~~~~~~~~~~^^^^^^^^^^
  File "C:\Users\Hp\Downloads\ecommerce-ai-capstone\public\app.py", line 153, in send_json
  File "C:\Users\Hp\AppData\Local\Programs\Python\Python314\Lib\http\server.py", line 598, in end_headers
    self.flush_headers()
    ~~~~~~~~~~~~~~~~~~^^
  File "C:\Users\Hp\AppData\Local\Programs\Python\Python314\Lib\http\server.py", line 602, in flush_headers
    self.wfile.write(b"".join(self._headers_buffer))
    ~~~~~~~~~~~~~~~~^^^^^^^^^^^^^^^^^^^^^^^^^^^^^^^^
  File "C:\Users\Hp\AppData\Local\Programs\Python\Python314\Lib\socketserver.py", line 845, in write
    self._sock.sendall(b)
    ~~~~~~~~~~~~~~~~~~^^^
ConnectionAbortedError: [WinError 10053] An established connection was aborted by the software in your host machine
----------------------------------------
Traceback (most recent call last):
  File "C:\Users\Hp\Downloads\ecommerce-ai-capstone\public\app.py", line 734, in do_POST
    return self.send_json({"error": "Email already registered."}, 409)
    ^^^^^^^^^^^^^^^^^^^^^^^^^^^^^^^^^^^^^^
  File "C:\Users\Hp\Downloads\ecommerce-ai-capstone\public\app.py", line 154, in send_json
    if not emails: return
        ^^^^^^^^^^^^^^^^^
  File "C:\Users\Hp\AppData\Local\Programs\Python\Python314\Lib\socketserver.py", line 845, in write
    self._sock.sendall(b)
    ~~~~~~~~~~~~~~~~~~^^^
ConnectionAbortedError: [WinError 10053] An established connection was aborted by the software in your host machine
----------------------------------------
Exception occurred during processing of request from ('127.0.0.1', 52034)
Traceback (most recent call last):
  File "C:\Users\Hp\Downloads\ecommerce-ai-capstone\public\app.py", line 734, in do_POST
    return self.send_json({"error": "Email already registered."}, 409)
    ^^^^^^^^^^^^^^^^^^^^^^^^^^^^^^^^^^^^^^
  File "C:\Users\Hp\Downloads\ecommerce-ai-capstone\public\app.py", line 154, in send_json
    if not emails: return
        ^^^^^^^^^^^^^^^^^
  File "C:\Users\Hp\AppData\Local\Programs\Python\Python314\Lib\socketserver.py", line 845, in write
    self._sock.sendall(b)
    ~~~~~~~~~~~~~~~~~~^^^
ConnectionAbortedError: [WinError 10053] An established connection was aborted by the software in your host machine

During handling of the above exception, another exception occurred:

Traceback (most recent call last):
  File "C:\Users\Hp\AppData\Local\Programs\Python\Python314\Lib\socketserver.py", line 318, in _handle_request_noblock
    self.process_request(request, client_address)
    ~~~~~~~~~~~~~~~~~~~~^^^^^^^^^^^^^^^^^^^^^^^^^
  File "C:\Users\Hp\AppData\Local\Programs\Python\Python314\Lib\socketserver.py", line 349, in process_request
    self.finish_request(request, client_address)
    ~~~~~~~~~~~~~~~~~~~^^^^^^^^^^^^^^^^^^^^^^^^^
  File "C:\Users\Hp\AppData\Local\Programs\Python\Python314\Lib\socketserver.py", line 362, in finish_request
    self.RequestHandlerClass(request, client_address, self)
    ~~~~~~~~~~~~~~~~~~~~~~~~^^^^^^^^^^^^^^^^^^^^^^^^^^^^^^^
  File "C:\Users\Hp\Downloads\ecommerce-ai-capstone\public\app.py", line 138, in __init__
    
    \U0001f3c6 Winner: {winner_text}
    
  File "C:\Users\Hp\AppData\Local\Programs\Python\Python314\Lib\http\server.py", line 732, in __init__
    super().__init__(*args, **kwargs)
    ~~~~~~~~~~~~~~~~^^^^^^^^^^^^^^^^^
  File "C:\Users\Hp\AppData\Local\Programs\Python\Python314\Lib\socketserver.py", line 766, in __init__
    self.handle()
    ~~~~~~~~~~~^^
  File "C:\Users\Hp\AppData\Local\Programs\Python\Python314\Lib\http\server.py", line 496, in handle
    self.handle_one_request()
    ~~~~~~~~~~~~~~~~~~~~~~~^^
  File "C:\Users\Hp\AppData\Local\Programs\Python\Python314\Lib\http\server.py", line 484, in handle_one_request
    method()
    ~~~~~~^^
  File "C:\Users\Hp\Downloads\ecommerce-ai-capstone\public\app.py", line 959, in do_POST
    vals = list(fields.values()) + [session["user_id"]]
    ^^^^^^^^^^^^^^^^^^^^^^^^^^^^^^
  File "C:\Users\Hp\Downloads\ecommerce-ai-capstone\public\app.py", line 153, in send_json
  File "C:\Users\Hp\AppData\Local\Programs\Python\Python314\Lib\http\server.py", line 598, in end_headers
    self.flush_headers()
    ~~~~~~~~~~~~~~~~~~^^
  File "C:\Users\Hp\AppData\Local\Programs\Python\Python314\Lib\http\server.py", line 602, in flush_headers
    self.wfile.write(b"".join(self._headers_buffer))
    ~~~~~~~~~~~~~~~~^^^^^^^^^^^^^^^^^^^^^^^^^^^^^^^^
  File "C:\Users\Hp\AppData\Local\Programs\Python\Python314\Lib\socketserver.py", line 845, in write
    self._sock.sendall(b)
    ~~~~~~~~~~~~~~~~~~^^^
ConnectionAbortedError: [WinError 10053] An established connection was aborted by the software in your host machine
----------------------------------------
Traceback (most recent call last):
  File "C:\Users\Hp\Downloads\ecommerce-ai-capstone\public\app.py", line 628, in do_GET
    self.end_headers()
    ^^^^^^^^^^^^^^^^
  File "C:\Users\Hp\AppData\Local\Programs\Python\Python314\Lib\http\server.py", line 739, in do_GET
    self.copyfile(f, self.wfile)
    ~~~~~~~~~~~~~^^^^^^^^^^^^^^^
  File "C:\Users\Hp\AppData\Local\Programs\Python\Python314\Lib\http\server.py", line 942, in copyfile
    shutil.copyfileobj(source, outputfile)
    ~~~~~~~~~~~~~~~~~~^^^^^^^^^^^^^^^^^^^^
  File "C:\Users\Hp\AppData\Local\Programs\Python\Python314\Lib\shutil.py", line 257, in copyfileobj
    fdst_write(buf)
    ~~~~~~~~~~^^^^^
  File "C:\Users\Hp\AppData\Local\Programs\Python\Python314\Lib\socketserver.py", line 845, in write
    self._sock.sendall(b)
    ~~~~~~~~~~~~~~~~~~^^^
ConnectionAbortedError: [WinError 10053] An established connection was aborted by the software in your host machine
----------------------------------------
Exception occurred during processing of request from ('127.0.0.1', 62589)
Traceback (most recent call last):
  File "C:\Users\Hp\Downloads\ecommerce-ai-capstone\public\app.py", line 628, in do_GET
    self.end_headers()
    ^^^^^^^^^^^^^^^^
  File "C:\Users\Hp\AppData\Local\Programs\Python\Python314\Lib\http\server.py", line 739, in do_GET
    self.copyfile(f, self.wfile)
    ~~~~~~~~~~~~~^^^^^^^^^^^^^^^
  File "C:\Users\Hp\AppData\Local\Programs\Python\Python314\Lib\http\server.py", line 942, in copyfile
    shutil.copyfileobj(source, outputfile)
    ~~~~~~~~~~~~~~~~~~^^^^^^^^^^^^^^^^^^^^
  File "C:\Users\Hp\AppData\Local\Programs\Python\Python314\Lib\shutil.py", line 257, in copyfileobj
    fdst_write(buf)
    ~~~~~~~~~~^^^^^
  File "C:\Users\Hp\AppData\Local\Programs\Python\Python314\Lib\socketserver.py", line 845, in write
    self._sock.sendall(b)
    ~~~~~~~~~~~~~~~~~~^^^
ConnectionAbortedError: [WinError 10053] An established connection was aborted by the software in your host machine

During handling of the above exception, another exception occurred:

Traceback (most recent call last):
  File "C:\Users\Hp\AppData\Local\Programs\Python\Python314\Lib\socketserver.py", line 318, in _handle_request_noblock
    self.process_request(request, client_address)
    ~~~~~~~~~~~~~~~~~~~~^^^^^^^^^^^^^^^^^^^^^^^^^
  File "C:\Users\Hp\AppData\Local\Programs\Python\Python314\Lib\socketserver.py", line 349, in process_request
    self.finish_request(request, client_address)
    ~~~~~~~~~~~~~~~~~~~^^^^^^^^^^^^^^^^^^^^^^^^^
  File "C:\Users\Hp\AppData\Local\Programs\Python\Python314\Lib\socketserver.py", line 362, in finish_request
    self.RequestHandlerClass(request, client_address, self)
    ~~~~~~~~~~~~~~~~~~~~~~~~^^^^^^^^^^^^^^^^^^^^^^^^^^^^^^^
  File "C:\Users\Hp\Downloads\ecommerce-ai-capstone\public\app.py", line 138, in __init__
    
    \U0001f3c6 Winner: {winner_text}
    
  File "C:\Users\Hp\AppData\Local\Programs\Python\Python314\Lib\http\server.py", line 732, in __init__
    super().__init__(*args, **kwargs)
    ~~~~~~~~~~~~~~~~^^^^^^^^^^^^^^^^^
  File "C:\Users\Hp\AppData\Local\Programs\Python\Python314\Lib\socketserver.py", line 766, in __init__
    self.handle()
    ~~~~~~~~~~~^^
  File "C:\Users\Hp\AppData\Local\Programs\Python\Python314\Lib\http\server.py", line 496, in handle
    self.handle_one_request()
    ~~~~~~~~~~~~~~~~~~~~~~~^^
  File "C:\Users\Hp\AppData\Local\Programs\Python\Python314\Lib\http\server.py", line 484, in handle_one_request
    method()
    ~~~~~~^^
  File "C:\Users\Hp\Downloads\ecommerce-ai-capstone\public\app.py", line 633, in do_GET
    compute_results(cur, eid)
    ~~~~~~~~~~~~~~~^^^^^^^^^^
  File "C:\Users\Hp\Downloads\ecommerce-ai-capstone\public\app.py", line 153, in send_json
  File "C:\Users\Hp\AppData\Local\Programs\Python\Python314\Lib\http\server.py", line 598, in end_headers
    self.flush_headers()
    ~~~~~~~~~~~~~~~~~~^^
  File "C:\Users\Hp\AppData\Local\Programs\Python\Python314\Lib\http\server.py", line 602, in flush_headers
    self.wfile.write(b"".join(self._headers_buffer))
    ~~~~~~~~~~~~~~~~^^^^^^^^^^^^^^^^^^^^^^^^^^^^^^^^
  File "C:\Users\Hp\AppData\Local\Programs\Python\Python314\Lib\socketserver.py", line 845, in write
    self._sock.sendall(b)
    ~~~~~~~~~~~~~~~~~~^^^
ConnectionAbortedError: [WinError 10053] An established connection was aborted by the software in your host machine
----------------------------------------
Traceback (most recent call last):
  File "C:\Users\Hp\Downloads\ecommerce-ai-capstone\public\app.py", line 380, in do_GET
    FROM candidates c
            ^^^^^^^^^
  File "C:\Users\Hp\Downloads\ecommerce-ai-capstone\public\ai_engine.py", line 132, in detect_anomalies
    rows = cur.execute("""
           ~~~~~~~~~~~^^^^
        SELECT ip_address, election_id, COUNT(*) as cnt
        ^^^^^^^^^^^^^^^^^^^^^^^^^^^^^^^^^^^^^^^^^^^^^^^
    ...<3 lines>...
        HAVING cnt > 1
        ^^^^^^^^^^^^^^
    """).fetchall()
    ^^^^
  File "C:\Users\Hp\Downloads\ecommerce-ai-capstone\public\database.py", line 57, in execute
    cur.execute(pg_sql, params)
    ~~~~~~~~~~~^^^^^^^^^^^^^^^^
  File "C:\Users\Hp\AppData\Local\Programs\Python\Python314\Lib\site-packages\psycopg2\extras.py", line 146, in execute
    return super().execute(query, vars)
           ~~~~~~~~~~~~~~~^^^^^^^^^^^^^
psycopg2.errors.UndefinedColumn: column "cnt" does not exist
LINE 6:         HAVING cnt > 1
                       ^

Traceback (most recent call last):
  File "C:\Users\Hp\Downloads\ecommerce-ai-capstone\public\app.py", line 380, in do_GET
    FROM candidates c
            ^^^^^^^^^
  File "C:\Users\Hp\Downloads\ecommerce-ai-capstone\public\ai_engine.py", line 132, in detect_anomalies
    rows = cur.execute("""
           ~~~~~~~~~~~^^^^
        SELECT ip_address, election_id, COUNT(*) as cnt
        ^^^^^^^^^^^^^^^^^^^^^^^^^^^^^^^^^^^^^^^^^^^^^^^
    ...<3 lines>...
        HAVING cnt > 1
        ^^^^^^^^^^^^^^
    """).fetchall()
    ^^^^
  File "C:\Users\Hp\Downloads\ecommerce-ai-capstone\public\database.py", line 57, in execute
    cur.execute(pg_sql, params)
    ~~~~~~~~~~~^^^^^^^^^^^^^^^^
  File "C:\Users\Hp\AppData\Local\Programs\Python\Python314\Lib\site-packages\psycopg2\extras.py", line 146, in execute
    return super().execute(query, vars)
           ~~~~~~~~~~~~~~~^^^^^^^^^^^^^
psycopg2.errors.UndefinedColumn: column "cnt" does not exist
LINE 6:         HAVING cnt > 1
                       ^

Traceback (most recent call last):
  File "C:\Users\Hp\Downloads\ecommerce-ai-capstone\public\app.py", line 380, in do_GET
    FROM candidates c
            ^^^^^^^^^
  File "C:\Users\Hp\Downloads\ecommerce-ai-capstone\public\ai_engine.py", line 132, in detect_anomalies
    rows = cur.execute("""
           ~~~~~~~~~~~^^^^
        SELECT ip_address, election_id, COUNT(*) as cnt
        ^^^^^^^^^^^^^^^^^^^^^^^^^^^^^^^^^^^^^^^^^^^^^^^
    ...<3 lines>...
        HAVING cnt > 1
        ^^^^^^^^^^^^^^
    """).fetchall()
    ^^^^
  File "C:\Users\Hp\Downloads\ecommerce-ai-capstone\public\database.py", line 57, in execute
    cur.execute(pg_sql, params)
    ~~~~~~~~~~~^^^^^^^^^^^^^^^^
  File "C:\Users\Hp\AppData\Local\Programs\Python\Python314\Lib\site-packages\psycopg2\extras.py", line 146, in execute
    return super().execute(query, vars)
           ~~~~~~~~~~~~~~~^^^^^^^^^^^^^
psycopg2.errors.UndefinedColumn: column "cnt" does not exist
LINE 6:         HAVING cnt > 1
                       ^

Traceback (most recent call last):
  File "C:\Users\Hp\Downloads\ecommerce-ai-capstone\public\app.py", line 380, in do_GET
    FROM candidates c
            ^^^^^^^^^
  File "C:\Users\Hp\Downloads\ecommerce-ai-capstone\public\ai_engine.py", line 132, in detect_anomalies
    rows = cur.execute("""
           ~~~~~~~~~~~^^^^
        SELECT ip_address, election_id, COUNT(*) as cnt
        ^^^^^^^^^^^^^^^^^^^^^^^^^^^^^^^^^^^^^^^^^^^^^^^
    ...<3 lines>...
        HAVING cnt > 1
        ^^^^^^^^^^^^^^
    """).fetchall()
    ^^^^
  File "C:\Users\Hp\Downloads\ecommerce-ai-capstone\public\database.py", line 57, in execute
    cur.execute(pg_sql, params)
    ~~~~~~~~~~~^^^^^^^^^^^^^^^^
  File "C:\Users\Hp\AppData\Local\Programs\Python\Python314\Lib\site-packages\psycopg2\extras.py", line 146, in execute
    return super().execute(query, vars)
           ~~~~~~~~~~~~~~~^^^^^^^^^^^^^
psycopg2.errors.UndefinedColumn: column "cnt" does not exist
LINE 6:         HAVING cnt > 1
                       ^

Traceback (most recent call last):
  File "C:\Users\Hp\Downloads\ecommerce-ai-capstone\public\app.py", line 380, in do_GET
    FROM candidates c
            ^^^^^^^^^
  File "C:\Users\Hp\Downloads\ecommerce-ai-capstone\public\ai_engine.py", line 132, in detect_anomalies
    rows = cur.execute("""
           ~~~~~~~~~~~^^^^
        SELECT ip_address, election_id, COUNT(*) as cnt
        ^^^^^^^^^^^^^^^^^^^^^^^^^^^^^^^^^^^^^^^^^^^^^^^
    ...<3 lines>...
        HAVING cnt > 1
        ^^^^^^^^^^^^^^
    """).fetchall()
    ^^^^
  File "C:\Users\Hp\Downloads\ecommerce-ai-capstone\public\database.py", line 57, in execute
    cur.execute(pg_sql, params)
    ~~~~~~~~~~~^^^^^^^^^^^^^^^^
  File "C:\Users\Hp\AppData\Local\Programs\Python\Python314\Lib\site-packages\psycopg2\extras.py", line 146, in execute
    return super().execute(query, vars)
           ~~~~~~~~~~~~~~~^^^^^^^^^^^^^
psycopg2.errors.UndefinedColumn: column "cnt" does not exist
LINE 6:         HAVING cnt > 1
                       ^

Traceback (most recent call last):
  File "C:\Users\Hp\Downloads\ecommerce-ai-capstone\public\app.py", line 951, in do_POST
    elif path == "/api/voter/profile":
    
  File "C:\Users\Hp\Downloads\ecommerce-ai-capstone\public\database.py", line 82, in lastrowid
    res = self._last_cur.fetchone()
  File "C:\Users\Hp\AppData\Local\Programs\Python\Python314\Lib\site-packages\psycopg2\extras.py", line 82, in fetchone
    res = super().fetchone()
psycopg2.ProgrammingError: no results to fetch
Traceback (most recent call last):
  File "C:\Users\Hp\Downloads\ecommerce-ai-capstone\public\app.py", line 951, in do_POST
    elif path == "/api/voter/profile":
    
  File "C:\Users\Hp\Downloads\ecommerce-ai-capstone\public\database.py", line 82, in lastrowid
    res = self._last_cur.fetchone()
  File "C:\Users\Hp\AppData\Local\Programs\Python\Python314\Lib\site-packages\psycopg2\extras.py", line 82, in fetchone
    res = super().fetchone()
psycopg2.ProgrammingError: no results to fetch
Traceback (most recent call last):
  File "C:\Users\Hp\Downloads\ecommerce-ai-capstone\public\app.py", line 951, in do_POST
    elif path == "/api/voter/profile":
    
  File "C:\Users\Hp\Downloads\ecommerce-ai-capstone\public\database.py", line 82, in lastrowid
    res = self._last_cur.fetchone()
  File "C:\Users\Hp\AppData\Local\Programs\Python\Python314\Lib\site-packages\psycopg2\extras.py", line 82, in fetchone
    res = super().fetchone()
psycopg2.ProgrammingError: no results to fetch
Traceback (most recent call last):
  File "C:\Users\Hp\Downloads\ecommerce-ai-capstone\public\app.py", line 951, in do_POST
    elif path == "/api/voter/profile":
    
  File "C:\Users\Hp\Downloads\ecommerce-ai-capstone\public\database.py", line 82, in lastrowid
    res = self._last_cur.fetchone()
  File "C:\Users\Hp\AppData\Local\Programs\Python\Python314\Lib\site-packages\psycopg2\extras.py", line 82, in fetchone
    res = super().fetchone()
psycopg2.ProgrammingError: no results to fetch
Traceback (most recent call last):
  File "C:\Users\Hp\Downloads\ecommerce-ai-capstone\public\app.py", line 951, in do_POST
    elif path == "/api/voter/profile":
    
  File "C:\Users\Hp\Downloads\ecommerce-ai-capstone\public\database.py", line 82, in lastrowid
    res = self._last_cur.fetchone()
  File "C:\Users\Hp\AppData\Local\Programs\Python\Python314\Lib\site-packages\psycopg2\extras.py", line 82, in fetchone
    res = super().fetchone()
psycopg2.ProgrammingError: no results to fetch
Traceback (most recent call last):
  File "C:\Users\Hp\Downloads\ecommerce-ai-capstone\public\app.py", line 951, in do_POST
    elif path == "/api/voter/profile":
    
  File "C:\Users\Hp\Downloads\ecommerce-ai-capstone\public\database.py", line 82, in lastrowid
    res = self._last_cur.fetchone()
  File "C:\Users\Hp\AppData\Local\Programs\Python\Python314\Lib\site-packages\psycopg2\extras.py", line 82, in fetchone
    res = super().fetchone()
psycopg2.ProgrammingError: no results to fetch
Traceback (most recent call last):
  File "C:\Users\Hp\Downloads\ecommerce-ai-capstone\public\app.py", line 951, in do_POST
    elif path == "/api/voter/profile":
    
  File "C:\Users\Hp\Downloads\ecommerce-ai-capstone\public\database.py", line 82, in lastrowid
    res = self._last_cur.fetchone()
  File "C:\Users\Hp\AppData\Local\Programs\Python\Python314\Lib\site-packages\psycopg2\extras.py", line 82, in fetchone
    res = super().fetchone()
psycopg2.ProgrammingError: no results to fetch
Traceback (most recent call last):
  File "C:\Users\Hp\Downloads\ecommerce-ai-capstone\public\app.py", line 951, in do_POST
    elif path == "/api/voter/profile":
    
  File "C:\Users\Hp\Downloads\ecommerce-ai-capstone\public\database.py", line 82, in lastrowid
    res = self._last_cur.fetchone()
  File "C:\Users\Hp\AppData\Local\Programs\Python\Python314\Lib\site-packages\psycopg2\extras.py", line 82, in fetchone
    res = super().fetchone()
psycopg2.ProgrammingError: no results to fetch
Traceback (most recent call last):
  File "C:\Users\Hp\Downloads\ecommerce-ai-capstone\public\app.py", line 951, in do_POST
    elif path == "/api/voter/profile":
    
  File "C:\Users\Hp\Downloads\ecommerce-ai-capstone\public\database.py", line 82, in lastrowid
    res = self._last_cur.fetchone()
  File "C:\Users\Hp\AppData\Local\Programs\Python\Python314\Lib\site-packages\psycopg2\extras.py", line 82, in fetchone
    res = super().fetchone()
psycopg2.ProgrammingError: no results to fetch
Traceback (most recent call last):
  File "C:\Users\Hp\Downloads\ecommerce-ai-capstone\public\app.py", line 628, in do_GET
    self.end_headers()
    ^^^^^^^^^^^^^^^^
  File "C:\Users\Hp\AppData\Local\Programs\Python\Python314\Lib\http\server.py", line 739, in do_GET
    self.copyfile(f, self.wfile)
    ~~~~~~~~~~~~~^^^^^^^^^^^^^^^
  File "C:\Users\Hp\AppData\Local\Programs\Python\Python314\Lib\http\server.py", line 942, in copyfile
    shutil.copyfileobj(source, outputfile)
    ~~~~~~~~~~~~~~~~~~^^^^^^^^^^^^^^^^^^^^
  File "C:\Users\Hp\AppData\Local\Programs\Python\Python314\Lib\shutil.py", line 257, in copyfileobj
    fdst_write(buf)
    ~~~~~~~~~~^^^^^
  File "C:\Users\Hp\AppData\Local\Programs\Python\Python314\Lib\socketserver.py", line 845, in write
    self._sock.sendall(b)
    ~~~~~~~~~~~~~~~~~~^^^
ConnectionAbortedError: [WinError 10053] An established connection was aborted by the software in your host machine
----------------------------------------
Exception occurred during processing of request from ('127.0.0.1', 52213)
Traceback (most recent call last):
  File "C:\Users\Hp\Downloads\ecommerce-ai-capstone\public\app.py", line 628, in do_GET
    self.end_headers()
    ^^^^^^^^^^^^^^^^
  File "C:\Users\Hp\AppData\Local\Programs\Python\Python314\Lib\http\server.py", line 739, in do_GET
    self.copyfile(f, self.wfile)
    ~~~~~~~~~~~~~^^^^^^^^^^^^^^^
  File "C:\Users\Hp\AppData\Local\Programs\Python\Python314\Lib\http\server.py", line 942, in copyfile
    shutil.copyfileobj(source, outputfile)
    ~~~~~~~~~~~~~~~~~~^^^^^^^^^^^^^^^^^^^^
  File "C:\Users\Hp\AppData\Local\Programs\Python\Python314\Lib\shutil.py", line 257, in copyfileobj
    fdst_write(buf)
    ~~~~~~~~~~^^^^^
  File "C:\Users\Hp\AppData\Local\Programs\Python\Python314\Lib\socketserver.py", line 845, in write
    self._sock.sendall(b)
    ~~~~~~~~~~~~~~~~~~^^^
ConnectionAbortedError: [WinError 10053] An established connection was aborted by the software in your host machine

During handling of the above exception, another exception occurred:

Traceback (most recent call last):
  File "C:\Users\Hp\AppData\Local\Programs\Python\Python314\Lib\socketserver.py", line 318, in _handle_request_noblock
    self.process_request(request, client_address)
    ~~~~~~~~~~~~~~~~~~~~^^^^^^^^^^^^^^^^^^^^^^^^^
  File "C:\Users\Hp\AppData\Local\Programs\Python\Python314\Lib\socketserver.py", line 349, in process_request
    self.finish_request(request, client_address)
    ~~~~~~~~~~~~~~~~~~~^^^^^^^^^^^^^^^^^^^^^^^^^
  File "C:\Users\Hp\AppData\Local\Programs\Python\Python314\Lib\socketserver.py", line 362, in finish_request
    self.RequestHandlerClass(request, client_address, self)
    ~~~~~~~~~~~~~~~~~~~~~~~~^^^^^^^^^^^^^^^^^^^^^^^^^^^^^^^
  File "C:\Users\Hp\Downloads\ecommerce-ai-capstone\public\app.py", line 138, in __init__
    
    \U0001f3c6 Winner: {winner_text}
    
  File "C:\Users\Hp\AppData\Local\Programs\Python\Python314\Lib\http\server.py", line 732, in __init__
    super().__init__(*args, **kwargs)
    ~~~~~~~~~~~~~~~~^^^^^^^^^^^^^^^^^
  File "C:\Users\Hp\AppData\Local\Programs\Python\Python314\Lib\socketserver.py", line 766, in __init__
    self.handle()
    ~~~~~~~~~~~^^
  File "C:\Users\Hp\AppData\Local\Programs\Python\Python314\Lib\http\server.py", line 496, in handle
    self.handle_one_request()
    ~~~~~~~~~~~~~~~~~~~~~~~^^
  File "C:\Users\Hp\AppData\Local\Programs\Python\Python314\Lib\http\server.py", line 484, in handle_one_request
    method()
    ~~~~~~^^
  File "C:\Users\Hp\Downloads\ecommerce-ai-capstone\public\app.py", line 633, in do_GET
    compute_results(cur, eid)
    ~~~~~~~~~~~~~~~^^^^^^^^^^
  File "C:\Users\Hp\Downloads\ecommerce-ai-capstone\public\app.py", line 153, in send_json
  File "C:\Users\Hp\AppData\Local\Programs\Python\Python314\Lib\http\server.py", line 598, in end_headers
    self.flush_headers()
    ~~~~~~~~~~~~~~~~~~^^
  File "C:\Users\Hp\AppData\Local\Programs\Python\Python314\Lib\http\server.py", line 602, in flush_headers
    self.wfile.write(b"".join(self._headers_buffer))
    ~~~~~~~~~~~~~~~~^^^^^^^^^^^^^^^^^^^^^^^^^^^^^^^^
  File "C:\Users\Hp\AppData\Local\Programs\Python\Python314\Lib\socketserver.py", line 845, in write
    self._sock.sendall(b)
    ~~~~~~~~~~~~~~~~~~^^^
ConnectionAbortedError: [WinError 10053] An established connection was aborted by the software in your host machine
----------------------------------------
Traceback (most recent call last):
  File "C:\Users\Hp\Downloads\ecommerce-ai-capstone\public\app.py", line 628, in do_GET
    self.end_headers()
    ^^^^^^^^^^^^^^^^
  File "C:\Users\Hp\AppData\Local\Programs\Python\Python314\Lib\http\server.py", line 739, in do_GET
    self.copyfile(f, self.wfile)
    ~~~~~~~~~~~~~^^^^^^^^^^^^^^^
  File "C:\Users\Hp\AppData\Local\Programs\Python\Python314\Lib\http\server.py", line 942, in copyfile
    shutil.copyfileobj(source, outputfile)
    ~~~~~~~~~~~~~~~~~~^^^^^^^^^^^^^^^^^^^^
  File "C:\Users\Hp\AppData\Local\Programs\Python\Python314\Lib\shutil.py", line 257, in copyfileobj
    fdst_write(buf)
    ~~~~~~~~~~^^^^^
  File "C:\Users\Hp\AppData\Local\Programs\Python\Python314\Lib\socketserver.py", line 845, in write
    self._sock.sendall(b)
    ~~~~~~~~~~~~~~~~~~^^^
ConnectionAbortedError: [WinError 10053] An established connection was aborted by the software in your host machine
----------------------------------------
Exception occurred during processing of request from ('127.0.0.1', 64990)
Traceback (most recent call last):
  File "C:\Users\Hp\Downloads\ecommerce-ai-capstone\public\app.py", line 628, in do_GET
    self.end_headers()
    ^^^^^^^^^^^^^^^^
  File "C:\Users\Hp\AppData\Local\Programs\Python\Python314\Lib\http\server.py", line 739, in do_GET
    self.copyfile(f, self.wfile)
    ~~~~~~~~~~~~~^^^^^^^^^^^^^^^
  File "C:\Users\Hp\AppData\Local\Programs\Python\Python314\Lib\http\server.py", line 942, in copyfile
    shutil.copyfileobj(source, outputfile)
    ~~~~~~~~~~~~~~~~~~^^^^^^^^^^^^^^^^^^^^
  File "C:\Users\Hp\AppData\Local\Programs\Python\Python314\Lib\shutil.py", line 257, in copyfileobj
    fdst_write(buf)
    ~~~~~~~~~~^^^^^
  File "C:\Users\Hp\AppData\Local\Programs\Python\Python314\Lib\socketserver.py", line 845, in write
    self._sock.sendall(b)
    ~~~~~~~~~~~~~~~~~~^^^
ConnectionAbortedError: [WinError 10053] An established connection was aborted by the software in your host machine

During handling of the above exception, another exception occurred:

Traceback (most recent call last):
  File "C:\Users\Hp\AppData\Local\Programs\Python\Python314\Lib\socketserver.py", line 318, in _handle_request_noblock
    self.process_request(request, client_address)
    ~~~~~~~~~~~~~~~~~~~~^^^^^^^^^^^^^^^^^^^^^^^^^
  File "C:\Users\Hp\AppData\Local\Programs\Python\Python314\Lib\socketserver.py", line 349, in process_request
    self.finish_request(request, client_address)
    ~~~~~~~~~~~~~~~~~~~^^^^^^^^^^^^^^^^^^^^^^^^^
  File "C:\Users\Hp\AppData\Local\Programs\Python\Python314\Lib\socketserver.py", line 362, in finish_request
    self.RequestHandlerClass(request, client_address, self)
    ~~~~~~~~~~~~~~~~~~~~~~~~^^^^^^^^^^^^^^^^^^^^^^^^^^^^^^^
  File "C:\Users\Hp\Downloads\ecommerce-ai-capstone\public\app.py", line 138, in __init__
    
    \U0001f3c6 Winner: {winner_text}
    
  File "C:\Users\Hp\AppData\Local\Programs\Python\Python314\Lib\http\server.py", line 732, in __init__
    super().__init__(*args, **kwargs)
    ~~~~~~~~~~~~~~~~^^^^^^^^^^^^^^^^^
  File "C:\Users\Hp\AppData\Local\Programs\Python\Python314\Lib\socketserver.py", line 766, in __init__
    self.handle()
    ~~~~~~~~~~~^^
  File "C:\Users\Hp\AppData\Local\Programs\Python\Python314\Lib\http\server.py", line 496, in handle
    self.handle_one_request()
    ~~~~~~~~~~~~~~~~~~~~~~~^^
  File "C:\Users\Hp\AppData\Local\Programs\Python\Python314\Lib\http\server.py", line 484, in handle_one_request
    method()
    ~~~~~~^^
  File "C:\Users\Hp\Downloads\ecommerce-ai-capstone\public\app.py", line 633, in do_GET
    compute_results(cur, eid)
    ~~~~~~~~~~~~~~~^^^^^^^^^^
  File "C:\Users\Hp\Downloads\ecommerce-ai-capstone\public\app.py", line 153, in send_json
  File "C:\Users\Hp\AppData\Local\Programs\Python\Python314\Lib\http\server.py", line 598, in end_headers
    self.flush_headers()
    ~~~~~~~~~~~~~~~~~~^^
  File "C:\Users\Hp\AppData\Local\Programs\Python\Python314\Lib\http\server.py", line 602, in flush_headers
    self.wfile.write(b"".join(self._headers_buffer))
    ~~~~~~~~~~~~~~~~^^^^^^^^^^^^^^^^^^^^^^^^^^^^^^^^
  File "C:\Users\Hp\AppData\Local\Programs\Python\Python314\Lib\socketserver.py", line 845, in write
    self._sock.sendall(b)
    ~~~~~~~~~~~~~~~~~~^^^
ConnectionAbortedError: [WinError 10053] An established connection was aborted by the software in your host machine
----------------------------------------
Traceback (most recent call last):
  File "C:\Users\Hp\Downloads\ecommerce-ai-capstone\public\app.py", line 628, in do_GET
    self.end_headers()
    ^^^^^^^^^^^^^^^^
  File "C:\Users\Hp\AppData\Local\Programs\Python\Python314\Lib\http\server.py", line 739, in do_GET
    self.copyfile(f, self.wfile)
    ~~~~~~~~~~~~~^^^^^^^^^^^^^^^
  File "C:\Users\Hp\AppData\Local\Programs\Python\Python314\Lib\http\server.py", line 942, in copyfile
    shutil.copyfileobj(source, outputfile)
    ~~~~~~~~~~~~~~~~~~^^^^^^^^^^^^^^^^^^^^
  File "C:\Users\Hp\AppData\Local\Programs\Python\Python314\Lib\shutil.py", line 257, in copyfileobj
    fdst_write(buf)
    ~~~~~~~~~~^^^^^
  File "C:\Users\Hp\AppData\Local\Programs\Python\Python314\Lib\socketserver.py", line 845, in write
    self._sock.sendall(b)
    ~~~~~~~~~~~~~~~~~~^^^
ConnectionAbortedError: [WinError 10053] An established connection was aborted by the software in your host machine
----------------------------------------
Exception occurred during processing of request from ('127.0.0.1', 58687)
Traceback (most recent call last):
  File "C:\Users\Hp\Downloads\ecommerce-ai-capstone\public\app.py", line 628, in do_GET
    self.end_headers()
    ^^^^^^^^^^^^^^^^
  File "C:\Users\Hp\AppData\Local\Programs\Python\Python314\Lib\http\server.py", line 739, in do_GET
    self.copyfile(f, self.wfile)
    ~~~~~~~~~~~~~^^^^^^^^^^^^^^^
  File "C:\Users\Hp\AppData\Local\Programs\Python\Python314\Lib\http\server.py", line 942, in copyfile
    shutil.copyfileobj(source, outputfile)
    ~~~~~~~~~~~~~~~~~~^^^^^^^^^^^^^^^^^^^^
  File "C:\Users\Hp\AppData\Local\Programs\Python\Python314\Lib\shutil.py", line 257, in copyfileobj
    fdst_write(buf)
    ~~~~~~~~~~^^^^^
  File "C:\Users\Hp\AppData\Local\Programs\Python\Python314\Lib\socketserver.py", line 845, in write
    self._sock.sendall(b)
    ~~~~~~~~~~~~~~~~~~^^^
ConnectionAbortedError: [WinError 10053] An established connection was aborted by the software in your host machine

During handling of the above exception, another exception occurred:

Traceback (most recent call last):
  File "C:\Users\Hp\AppData\Local\Programs\Python\Python314\Lib\socketserver.py", line 318, in _handle_request_noblock
    self.process_request(request, client_address)
    ~~~~~~~~~~~~~~~~~~~~^^^^^^^^^^^^^^^^^^^^^^^^^
  File "C:\Users\Hp\AppData\Local\Programs\Python\Python314\Lib\socketserver.py", line 349, in process_request
    self.finish_request(request, client_address)
    ~~~~~~~~~~~~~~~~~~~^^^^^^^^^^^^^^^^^^^^^^^^^
  File "C:\Users\Hp\AppData\Local\Programs\Python\Python314\Lib\socketserver.py", line 362, in finish_request
    self.RequestHandlerClass(request, client_address, self)
    ~~~~~~~~~~~~~~~~~~~~~~~~^^^^^^^^^^^^^^^^^^^^^^^^^^^^^^^
  File "C:\Users\Hp\Downloads\ecommerce-ai-capstone\public\app.py", line 138, in __init__
    
    \U0001f3c6 Winner: {winner_text}
    
  File "C:\Users\Hp\AppData\Local\Programs\Python\Python314\Lib\http\server.py", line 732, in __init__
    super().__init__(*args, **kwargs)
    ~~~~~~~~~~~~~~~~^^^^^^^^^^^^^^^^^
  File "C:\Users\Hp\AppData\Local\Programs\Python\Python314\Lib\socketserver.py", line 766, in __init__
    self.handle()
    ~~~~~~~~~~~^^
  File "C:\Users\Hp\AppData\Local\Programs\Python\Python314\Lib\http\server.py", line 496, in handle
    self.handle_one_request()
    ~~~~~~~~~~~~~~~~~~~~~~~^^
  File "C:\Users\Hp\AppData\Local\Programs\Python\Python314\Lib\http\server.py", line 484, in handle_one_request
    method()
    ~~~~~~^^
  File "C:\Users\Hp\Downloads\ecommerce-ai-capstone\public\app.py", line 633, in do_GET
    compute_results(cur, eid)
    ~~~~~~~~~~~~~~~^^^^^^^^^^
  File "C:\Users\Hp\Downloads\ecommerce-ai-capstone\public\app.py", line 153, in send_json
  File "C:\Users\Hp\AppData\Local\Programs\Python\Python314\Lib\http\server.py", line 598, in end_headers
    self.flush_headers()
    ~~~~~~~~~~~~~~~~~~^^
  File "C:\Users\Hp\AppData\Local\Programs\Python\Python314\Lib\http\server.py", line 602, in flush_headers
    self.wfile.write(b"".join(self._headers_buffer))
    ~~~~~~~~~~~~~~~~^^^^^^^^^^^^^^^^^^^^^^^^^^^^^^^^
  File "C:\Users\Hp\AppData\Local\Programs\Python\Python314\Lib\socketserver.py", line 845, in write
    self._sock.sendall(b)
    ~~~~~~~~~~~~~~~~~~^^^
ConnectionAbortedError: [WinError 10053] An established connection was aborted by the software in your host machine
----------------------------------------
Traceback (most recent call last):
  File "C:\Users\Hp\Downloads\ecommerce-ai-capstone\public\app.py", line 628, in do_GET
    self.end_headers()
    ^^^^^^^^^^^^^^^^
  File "C:\Users\Hp\AppData\Local\Programs\Python\Python314\Lib\http\server.py", line 739, in do_GET
    self.copyfile(f, self.wfile)
    ~~~~~~~~~~~~~^^^^^^^^^^^^^^^
  File "C:\Users\Hp\AppData\Local\Programs\Python\Python314\Lib\http\server.py", line 942, in copyfile
    shutil.copyfileobj(source, outputfile)
    ~~~~~~~~~~~~~~~~~~^^^^^^^^^^^^^^^^^^^^
  File "C:\Users\Hp\AppData\Local\Programs\Python\Python314\Lib\shutil.py", line 257, in copyfileobj
    fdst_write(buf)
    ~~~~~~~~~~^^^^^
  File "C:\Users\Hp\AppData\Local\Programs\Python\Python314\Lib\socketserver.py", line 845, in write
    self._sock.sendall(b)
    ~~~~~~~~~~~~~~~~~~^^^
ConnectionAbortedError: [WinError 10053] An established connection was aborted by the software in your host machine
----------------------------------------
Exception occurred during processing of request from ('127.0.0.1', 60617)
Traceback (most recent call last):
  File "C:\Users\Hp\Downloads\ecommerce-ai-capstone\public\app.py", line 628, in do_GET
    self.end_headers()
    ^^^^^^^^^^^^^^^^
  File "C:\Users\Hp\AppData\Local\Programs\Python\Python314\Lib\http\server.py", line 739, in do_GET
    self.copyfile(f, self.wfile)
    ~~~~~~~~~~~~~^^^^^^^^^^^^^^^
  File "C:\Users\Hp\AppData\Local\Programs\Python\Python314\Lib\http\server.py", line 942, in copyfile
    shutil.copyfileobj(source, outputfile)
    ~~~~~~~~~~~~~~~~~~^^^^^^^^^^^^^^^^^^^^
  File "C:\Users\Hp\AppData\Local\Programs\Python\Python314\Lib\shutil.py", line 257, in copyfileobj
    fdst_write(buf)
    ~~~~~~~~~~^^^^^
  File "C:\Users\Hp\AppData\Local\Programs\Python\Python314\Lib\socketserver.py", line 845, in write
    self._sock.sendall(b)
    ~~~~~~~~~~~~~~~~~~^^^
ConnectionAbortedError: [WinError 10053] An established connection was aborted by the software in your host machine

During handling of the above exception, another exception occurred:

Traceback (most recent call last):
  File "C:\Users\Hp\AppData\Local\Programs\Python\Python314\Lib\socketserver.py", line 318, in _handle_request_noblock
    self.process_request(request, client_address)
    ~~~~~~~~~~~~~~~~~~~~^^^^^^^^^^^^^^^^^^^^^^^^^
  File "C:\Users\Hp\AppData\Local\Programs\Python\Python314\Lib\socketserver.py", line 349, in process_request
    self.finish_request(request, client_address)
    ~~~~~~~~~~~~~~~~~~~^^^^^^^^^^^^^^^^^^^^^^^^^
  File "C:\Users\Hp\AppData\Local\Programs\Python\Python314\Lib\socketserver.py", line 362, in finish_request
    self.RequestHandlerClass(request, client_address, self)
    ~~~~~~~~~~~~~~~~~~~~~~~~^^^^^^^^^^^^^^^^^^^^^^^^^^^^^^^
  File "C:\Users\Hp\Downloads\ecommerce-ai-capstone\public\app.py", line 138, in __init__
    
    \U0001f3c6 Winner: {winner_text}
    
  File "C:\Users\Hp\AppData\Local\Programs\Python\Python314\Lib\http\server.py", line 732, in __init__
    super().__init__(*args, **kwargs)
    ~~~~~~~~~~~~~~~~^^^^^^^^^^^^^^^^^
  File "C:\Users\Hp\AppData\Local\Programs\Python\Python314\Lib\socketserver.py", line 766, in __init__
    self.handle()
    ~~~~~~~~~~~^^
  File "C:\Users\Hp\AppData\Local\Programs\Python\Python314\Lib\http\server.py", line 496, in handle
    self.handle_one_request()
    ~~~~~~~~~~~~~~~~~~~~~~~^^
  File "C:\Users\Hp\AppData\Local\Programs\Python\Python314\Lib\http\server.py", line 484, in handle_one_request
    method()
    ~~~~~~^^
  File "C:\Users\Hp\Downloads\ecommerce-ai-capstone\public\app.py", line 633, in do_GET
    compute_results(cur, eid)
    ~~~~~~~~~~~~~~~^^^^^^^^^^
  File "C:\Users\Hp\Downloads\ecommerce-ai-capstone\public\app.py", line 153, in send_json
  File "C:\Users\Hp\AppData\Local\Programs\Python\Python314\Lib\http\server.py", line 598, in end_headers
    self.flush_headers()
    ~~~~~~~~~~~~~~~~~~^^
  File "C:\Users\Hp\AppData\Local\Programs\Python\Python314\Lib\http\server.py", line 602, in flush_headers
    self.wfile.write(b"".join(self._headers_buffer))
    ~~~~~~~~~~~~~~~~^^^^^^^^^^^^^^^^^^^^^^^^^^^^^^^^
  File "C:\Users\Hp\AppData\Local\Programs\Python\Python314\Lib\socketserver.py", line 845, in write
    self._sock.sendall(b)
    ~~~~~~~~~~~~~~~~~~^^^
ConnectionAbortedError: [WinError 10053] An established connection was aborted by the software in your host machine
----------------------------------------
Traceback (most recent call last):
  File "C:\Users\Hp\Downloads\ecommerce-ai-capstone\public\app.py", line 628, in do_GET
    self.end_headers()
    ^^^^^^^^^^^^^^^^
  File "C:\Users\Hp\AppData\Local\Programs\Python\Python314\Lib\http\server.py", line 739, in do_GET
    self.copyfile(f, self.wfile)
    ~~~~~~~~~~~~~^^^^^^^^^^^^^^^
  File "C:\Users\Hp\AppData\Local\Programs\Python\Python314\Lib\http\server.py", line 942, in copyfile
    shutil.copyfileobj(source, outputfile)
    ~~~~~~~~~~~~~~~~~~^^^^^^^^^^^^^^^^^^^^
  File "C:\Users\Hp\AppData\Local\Programs\Python\Python314\Lib\shutil.py", line 257, in copyfileobj
    fdst_write(buf)
    ~~~~~~~~~~^^^^^
  File "C:\Users\Hp\AppData\Local\Programs\Python\Python314\Lib\socketserver.py", line 845, in write
    self._sock.sendall(b)
    ~~~~~~~~~~~~~~~~~~^^^
ConnectionAbortedError: [WinError 10053] An established connection was aborted by the software in your host machine
----------------------------------------
Exception occurred during processing of request from ('127.0.0.1', 57813)
Traceback (most recent call last):
  File "C:\Users\Hp\Downloads\ecommerce-ai-capstone\public\app.py", line 628, in do_GET
    self.end_headers()
    ^^^^^^^^^^^^^^^^
  File "C:\Users\Hp\AppData\Local\Programs\Python\Python314\Lib\http\server.py", line 739, in do_GET
    self.copyfile(f, self.wfile)
    ~~~~~~~~~~~~~^^^^^^^^^^^^^^^
  File "C:\Users\Hp\AppData\Local\Programs\Python\Python314\Lib\http\server.py", line 942, in copyfile
    shutil.copyfileobj(source, outputfile)
    ~~~~~~~~~~~~~~~~~~^^^^^^^^^^^^^^^^^^^^
  File "C:\Users\Hp\AppData\Local\Programs\Python\Python314\Lib\shutil.py", line 257, in copyfileobj
    fdst_write(buf)
    ~~~~~~~~~~^^^^^
  File "C:\Users\Hp\AppData\Local\Programs\Python\Python314\Lib\socketserver.py", line 845, in write
    self._sock.sendall(b)
    ~~~~~~~~~~~~~~~~~~^^^
ConnectionAbortedError: [WinError 10053] An established connection was aborted by the software in your host machine

During handling of the above exception, another exception occurred:

Traceback (most recent call last):
  File "C:\Users\Hp\AppData\Local\Programs\Python\Python314\Lib\socketserver.py", line 318, in _handle_request_noblock
    self.process_request(request, client_address)
    ~~~~~~~~~~~~~~~~~~~~^^^^^^^^^^^^^^^^^^^^^^^^^
  File "C:\Users\Hp\AppData\Local\Programs\Python\Python314\Lib\socketserver.py", line 349, in process_request
    self.finish_request(request, client_address)
    ~~~~~~~~~~~~~~~~~~~^^^^^^^^^^^^^^^^^^^^^^^^^
  File "C:\Users\Hp\AppData\Local\Programs\Python\Python314\Lib\socketserver.py", line 362, in finish_request
    self.RequestHandlerClass(request, client_address, self)
    ~~~~~~~~~~~~~~~~~~~~~~~~^^^^^^^^^^^^^^^^^^^^^^^^^^^^^^^
  File "C:\Users\Hp\Downloads\ecommerce-ai-capstone\public\app.py", line 138, in __init__
    
    \U0001f3c6 Winner: {winner_text}
    
  File "C:\Users\Hp\AppData\Local\Programs\Python\Python314\Lib\http\server.py", line 732, in __init__
    super().__init__(*args, **kwargs)
    ~~~~~~~~~~~~~~~~^^^^^^^^^^^^^^^^^
  File "C:\Users\Hp\AppData\Local\Programs\Python\Python314\Lib\socketserver.py", line 766, in __init__
    self.handle()
    ~~~~~~~~~~~^^
  File "C:\Users\Hp\AppData\Local\Programs\Python\Python314\Lib\http\server.py", line 496, in handle
    self.handle_one_request()
    ~~~~~~~~~~~~~~~~~~~~~~~^^
  File "C:\Users\Hp\AppData\Local\Programs\Python\Python314\Lib\http\server.py", line 484, in handle_one_request
    method()
    ~~~~~~^^
  File "C:\Users\Hp\Downloads\ecommerce-ai-capstone\public\app.py", line 633, in do_GET
    compute_results(cur, eid)
    ~~~~~~~~~~~~~~~^^^^^^^^^^
  File "C:\Users\Hp\Downloads\ecommerce-ai-capstone\public\app.py", line 153, in send_json
  File "C:\Users\Hp\AppData\Local\Programs\Python\Python314\Lib\http\server.py", line 598, in end_headers
    self.flush_headers()
    ~~~~~~~~~~~~~~~~~~^^
  File "C:\Users\Hp\AppData\Local\Programs\Python\Python314\Lib\http\server.py", line 602, in flush_headers
    self.wfile.write(b"".join(self._headers_buffer))
    ~~~~~~~~~~~~~~~~^^^^^^^^^^^^^^^^^^^^^^^^^^^^^^^^
  File "C:\Users\Hp\AppData\Local\Programs\Python\Python314\Lib\socketserver.py", line 845, in write
    self._sock.sendall(b)
    ~~~~~~~~~~~~~~~~~~^^^
ConnectionAbortedError: [WinError 10053] An established connection was aborted by the software in your host machine
----------------------------------------
Traceback (most recent call last):
  File "C:\Users\Hp\Downloads\ecommerce-ai-capstone\public\app.py", line 628, in do_GET
    self.end_headers()
    ^^^^^^^^^^^^^^^^
  File "C:\Users\Hp\AppData\Local\Programs\Python\Python314\Lib\http\server.py", line 739, in do_GET
    self.copyfile(f, self.wfile)
    ~~~~~~~~~~~~~^^^^^^^^^^^^^^^
  File "C:\Users\Hp\AppData\Local\Programs\Python\Python314\Lib\http\server.py", line 942, in copyfile
    shutil.copyfileobj(source, outputfile)
    ~~~~~~~~~~~~~~~~~~^^^^^^^^^^^^^^^^^^^^
  File "C:\Users\Hp\AppData\Local\Programs\Python\Python314\Lib\shutil.py", line 257, in copyfileobj
    fdst_write(buf)
    ~~~~~~~~~~^^^^^
  File "C:\Users\Hp\AppData\Local\Programs\Python\Python314\Lib\socketserver.py", line 845, in write
    self._sock.sendall(b)
    ~~~~~~~~~~~~~~~~~~^^^
ConnectionAbortedError: [WinError 10053] An established connection was aborted by the software in your host machine
----------------------------------------
Exception occurred during processing of request from ('127.0.0.1', 61504)
Traceback (most recent call last):
  File "C:\Users\Hp\Downloads\ecommerce-ai-capstone\public\app.py", line 628, in do_GET
    self.end_headers()
    ^^^^^^^^^^^^^^^^
  File "C:\Users\Hp\AppData\Local\Programs\Python\Python314\Lib\http\server.py", line 739, in do_GET
    self.copyfile(f, self.wfile)
    ~~~~~~~~~~~~~^^^^^^^^^^^^^^^
  File "C:\Users\Hp\AppData\Local\Programs\Python\Python314\Lib\http\server.py", line 942, in copyfile
    shutil.copyfileobj(source, outputfile)
    ~~~~~~~~~~~~~~~~~~^^^^^^^^^^^^^^^^^^^^
  File "C:\Users\Hp\AppData\Local\Programs\Python\Python314\Lib\shutil.py", line 257, in copyfileobj
    fdst_write(buf)
    ~~~~~~~~~~^^^^^
  File "C:\Users\Hp\AppData\Local\Programs\Python\Python314\Lib\socketserver.py", line 845, in write
    self._sock.sendall(b)
    ~~~~~~~~~~~~~~~~~~^^^
ConnectionAbortedError: [WinError 10053] An established connection was aborted by the software in your host machine

During handling of the above exception, another exception occurred:

Traceback (most recent call last):
  File "C:\Users\Hp\AppData\Local\Programs\Python\Python314\Lib\socketserver.py", line 318, in _handle_request_noblock
    self.process_request(request, client_address)
    ~~~~~~~~~~~~~~~~~~~~^^^^^^^^^^^^^^^^^^^^^^^^^
  File "C:\Users\Hp\AppData\Local\Programs\Python\Python314\Lib\socketserver.py", line 349, in process_request
    self.finish_request(request, client_address)
    ~~~~~~~~~~~~~~~~~~~^^^^^^^^^^^^^^^^^^^^^^^^^
  File "C:\Users\Hp\AppData\Local\Programs\Python\Python314\Lib\socketserver.py", line 362, in finish_request
    self.RequestHandlerClass(request, client_address, self)
    ~~~~~~~~~~~~~~~~~~~~~~~~^^^^^^^^^^^^^^^^^^^^^^^^^^^^^^^
  File "C:\Users\Hp\Downloads\ecommerce-ai-capstone\public\app.py", line 138, in __init__
    
    \U0001f3c6 Winner: {winner_text}
    
  File "C:\Users\Hp\AppData\Local\Programs\Python\Python314\Lib\http\server.py", line 732, in __init__
    super().__init__(*args, **kwargs)
    ~~~~~~~~~~~~~~~~^^^^^^^^^^^^^^^^^
  File "C:\Users\Hp\AppData\Local\Programs\Python\Python314\Lib\socketserver.py", line 766, in __init__
    self.handle()
    ~~~~~~~~~~~^^
  File "C:\Users\Hp\AppData\Local\Programs\Python\Python314\Lib\http\server.py", line 496, in handle
    self.handle_one_request()
    ~~~~~~~~~~~~~~~~~~~~~~~^^
  File "C:\Users\Hp\AppData\Local\Programs\Python\Python314\Lib\http\server.py", line 484, in handle_one_request
    method()
    ~~~~~~^^
  File "C:\Users\Hp\Downloads\ecommerce-ai-capstone\public\app.py", line 633, in do_GET
    compute_results(cur, eid)
    ~~~~~~~~~~~~~~~^^^^^^^^^^
  File "C:\Users\Hp\Downloads\ecommerce-ai-capstone\public\app.py", line 153, in send_json
  File "C:\Users\Hp\AppData\Local\Programs\Python\Python314\Lib\http\server.py", line 598, in end_headers
    self.flush_headers()
    ~~~~~~~~~~~~~~~~~~^^
  File "C:\Users\Hp\AppData\Local\Programs\Python\Python314\Lib\http\server.py", line 602, in flush_headers
    self.wfile.write(b"".join(self._headers_buffer))
    ~~~~~~~~~~~~~~~~^^^^^^^^^^^^^^^^^^^^^^^^^^^^^^^^
  File "C:\Users\Hp\AppData\Local\Programs\Python\Python314\Lib\socketserver.py", line 845, in write
    self._sock.sendall(b)
    ~~~~~~~~~~~~~~~~~~^^^
ConnectionAbortedError: [WinError 10053] An established connection was aborted by the software in your host machine
----------------------------------------
Traceback (most recent call last):
  File "C:\Users\Hp\Downloads\ecommerce-ai-capstone\public\app.py", line 628, in do_GET
    self.end_headers()
    ^^^^^^^^^^^^^^^^
  File "C:\Users\Hp\AppData\Local\Programs\Python\Python314\Lib\http\server.py", line 739, in do_GET
    self.copyfile(f, self.wfile)
    ~~~~~~~~~~~~~^^^^^^^^^^^^^^^
  File "C:\Users\Hp\AppData\Local\Programs\Python\Python314\Lib\http\server.py", line 942, in copyfile
    shutil.copyfileobj(source, outputfile)
    ~~~~~~~~~~~~~~~~~~^^^^^^^^^^^^^^^^^^^^
  File "C:\Users\Hp\AppData\Local\Programs\Python\Python314\Lib\shutil.py", line 257, in copyfileobj
    fdst_write(buf)
    ~~~~~~~~~~^^^^^
  File "C:\Users\Hp\AppData\Local\Programs\Python\Python314\Lib\socketserver.py", line 845, in write
    self._sock.sendall(b)
    ~~~~~~~~~~~~~~~~~~^^^
ConnectionAbortedError: [WinError 10053] An established connection was aborted by the software in your host machine
----------------------------------------
Exception occurred during processing of request from ('127.0.0.1', 58876)
Traceback (most recent call last):
  File "C:\Users\Hp\Downloads\ecommerce-ai-capstone\public\app.py", line 628, in do_GET
    self.end_headers()
    ^^^^^^^^^^^^^^^^
  File "C:\Users\Hp\AppData\Local\Programs\Python\Python314\Lib\http\server.py", line 739, in do_GET
    self.copyfile(f, self.wfile)
    ~~~~~~~~~~~~~^^^^^^^^^^^^^^^
  File "C:\Users\Hp\AppData\Local\Programs\Python\Python314\Lib\http\server.py", line 942, in copyfile
    shutil.copyfileobj(source, outputfile)
    ~~~~~~~~~~~~~~~~~~^^^^^^^^^^^^^^^^^^^^
  File "C:\Users\Hp\AppData\Local\Programs\Python\Python314\Lib\shutil.py", line 257, in copyfileobj
    fdst_write(buf)
    ~~~~~~~~~~^^^^^
  File "C:\Users\Hp\AppData\Local\Programs\Python\Python314\Lib\socketserver.py", line 845, in write
    self._sock.sendall(b)
    ~~~~~~~~~~~~~~~~~~^^^
ConnectionAbortedError: [WinError 10053] An established connection was aborted by the software in your host machine

During handling of the above exception, another exception occurred:

Traceback (most recent call last):
  File "C:\Users\Hp\AppData\Local\Programs\Python\Python314\Lib\socketserver.py", line 318, in _handle_request_noblock
    self.process_request(request, client_address)
    ~~~~~~~~~~~~~~~~~~~~^^^^^^^^^^^^^^^^^^^^^^^^^
  File "C:\Users\Hp\AppData\Local\Programs\Python\Python314\Lib\socketserver.py", line 349, in process_request
    self.finish_request(request, client_address)
    ~~~~~~~~~~~~~~~~~~~^^^^^^^^^^^^^^^^^^^^^^^^^
  File "C:\Users\Hp\AppData\Local\Programs\Python\Python314\Lib\socketserver.py", line 362, in finish_request
    self.RequestHandlerClass(request, client_address, self)
    ~~~~~~~~~~~~~~~~~~~~~~~~^^^^^^^^^^^^^^^^^^^^^^^^^^^^^^^
  File "C:\Users\Hp\Downloads\ecommerce-ai-capstone\public\app.py", line 138, in __init__
    
    \U0001f3c6 Winner: {winner_text}
    
  File "C:\Users\Hp\AppData\Local\Programs\Python\Python314\Lib\http\server.py", line 732, in __init__
    super().__init__(*args, **kwargs)
    ~~~~~~~~~~~~~~~~^^^^^^^^^^^^^^^^^
  File "C:\Users\Hp\AppData\Local\Programs\Python\Python314\Lib\socketserver.py", line 766, in __init__
    self.handle()
    ~~~~~~~~~~~^^
  File "C:\Users\Hp\AppData\Local\Programs\Python\Python314\Lib\http\server.py", line 496, in handle
    self.handle_one_request()
    ~~~~~~~~~~~~~~~~~~~~~~~^^
  File "C:\Users\Hp\AppData\Local\Programs\Python\Python314\Lib\http\server.py", line 484, in handle_one_request
    method()
    ~~~~~~^^
  File "C:\Users\Hp\Downloads\ecommerce-ai-capstone\public\app.py", line 633, in do_GET
    compute_results(cur, eid)
    ~~~~~~~~~~~~~~~^^^^^^^^^^
  File "C:\Users\Hp\Downloads\ecommerce-ai-capstone\public\app.py", line 153, in send_json
  File "C:\Users\Hp\AppData\Local\Programs\Python\Python314\Lib\http\server.py", line 598, in end_headers
    self.flush_headers()
    ~~~~~~~~~~~~~~~~~~^^
  File "C:\Users\Hp\AppData\Local\Programs\Python\Python314\Lib\http\server.py", line 602, in flush_headers
    self.wfile.write(b"".join(self._headers_buffer))
    ~~~~~~~~~~~~~~~~^^^^^^^^^^^^^^^^^^^^^^^^^^^^^^^^
  File "C:\Users\Hp\AppData\Local\Programs\Python\Python314\Lib\socketserver.py", line 845, in write
    self._sock.sendall(b)
    ~~~~~~~~~~~~~~~~~~^^^
ConnectionAbortedError: [WinError 10053] An established connection was aborted by the software in your host machine
----------------------------------------
Traceback (most recent call last):
  File "C:\Users\Hp\Downloads\ecommerce-ai-capstone\public\app.py", line 628, in do_GET
    self.end_headers()
    ^^^^^^^^^^^^^^^^
  File "C:\Users\Hp\AppData\Local\Programs\Python\Python314\Lib\http\server.py", line 739, in do_GET
    self.copyfile(f, self.wfile)
    ~~~~~~~~~~~~~^^^^^^^^^^^^^^^
  File "C:\Users\Hp\AppData\Local\Programs\Python\Python314\Lib\http\server.py", line 942, in copyfile
    shutil.copyfileobj(source, outputfile)
    ~~~~~~~~~~~~~~~~~~^^^^^^^^^^^^^^^^^^^^
  File "C:\Users\Hp\AppData\Local\Programs\Python\Python314\Lib\shutil.py", line 257, in copyfileobj
    fdst_write(buf)
    ~~~~~~~~~~^^^^^
  File "C:\Users\Hp\AppData\Local\Programs\Python\Python314\Lib\socketserver.py", line 845, in write
    self._sock.sendall(b)
    ~~~~~~~~~~~~~~~~~~^^^
ConnectionAbortedError: [WinError 10053] An established connection was aborted by the software in your host machine
----------------------------------------
Exception occurred during processing of request from ('127.0.0.1', 59318)
Traceback (most recent call last):
  File "C:\Users\Hp\Downloads\ecommerce-ai-capstone\public\app.py", line 628, in do_GET
    self.end_headers()
    ^^^^^^^^^^^^^^^^
  File "C:\Users\Hp\AppData\Local\Programs\Python\Python314\Lib\http\server.py", line 739, in do_GET
    self.copyfile(f, self.wfile)
    ~~~~~~~~~~~~~^^^^^^^^^^^^^^^
  File "C:\Users\Hp\AppData\Local\Programs\Python\Python314\Lib\http\server.py", line 942, in copyfile
    shutil.copyfileobj(source, outputfile)
    ~~~~~~~~~~~~~~~~~~^^^^^^^^^^^^^^^^^^^^
  File "C:\Users\Hp\AppData\Local\Programs\Python\Python314\Lib\shutil.py", line 257, in copyfileobj
    fdst_write(buf)
    ~~~~~~~~~~^^^^^
  File "C:\Users\Hp\AppData\Local\Programs\Python\Python314\Lib\socketserver.py", line 845, in write
    self._sock.sendall(b)
    ~~~~~~~~~~~~~~~~~~^^^
ConnectionAbortedError: [WinError 10053] An established connection was aborted by the software in your host machine

During handling of the above exception, another exception occurred:

Traceback (most recent call last):
  File "C:\Users\Hp\AppData\Local\Programs\Python\Python314\Lib\socketserver.py", line 318, in _handle_request_noblock
    self.process_request(request, client_address)
    ~~~~~~~~~~~~~~~~~~~~^^^^^^^^^^^^^^^^^^^^^^^^^
  File "C:\Users\Hp\AppData\Local\Programs\Python\Python314\Lib\socketserver.py", line 349, in process_request
    self.finish_request(request, client_address)
    ~~~~~~~~~~~~~~~~~~~^^^^^^^^^^^^^^^^^^^^^^^^^
  File "C:\Users\Hp\AppData\Local\Programs\Python\Python314\Lib\socketserver.py", line 362, in finish_request
    self.RequestHandlerClass(request, client_address, self)
    ~~~~~~~~~~~~~~~~~~~~~~~~^^^^^^^^^^^^^^^^^^^^^^^^^^^^^^^
  File "C:\Users\Hp\Downloads\ecommerce-ai-capstone\public\app.py", line 138, in __init__
    
    \U0001f3c6 Winner: {winner_text}
    
  File "C:\Users\Hp\AppData\Local\Programs\Python\Python314\Lib\http\server.py", line 732, in __init__
    super().__init__(*args, **kwargs)
    ~~~~~~~~~~~~~~~~^^^^^^^^^^^^^^^^^
  File "C:\Users\Hp\AppData\Local\Programs\Python\Python314\Lib\socketserver.py", line 766, in __init__
    self.handle()
    ~~~~~~~~~~~^^
  File "C:\Users\Hp\AppData\Local\Programs\Python\Python314\Lib\http\server.py", line 496, in handle
    self.handle_one_request()
    ~~~~~~~~~~~~~~~~~~~~~~~^^
  File "C:\Users\Hp\AppData\Local\Programs\Python\Python314\Lib\http\server.py", line 484, in handle_one_request
    method()
    ~~~~~~^^
  File "C:\Users\Hp\Downloads\ecommerce-ai-capstone\public\app.py", line 633, in do_GET
    compute_results(cur, eid)
    ~~~~~~~~~~~~~~~^^^^^^^^^^
  File "C:\Users\Hp\Downloads\ecommerce-ai-capstone\public\app.py", line 153, in send_json
  File "C:\Users\Hp\AppData\Local\Programs\Python\Python314\Lib\http\server.py", line 598, in end_headers
    self.flush_headers()
    ~~~~~~~~~~~~~~~~~~^^
  File "C:\Users\Hp\AppData\Local\Programs\Python\Python314\Lib\http\server.py", line 602, in flush_headers
    self.wfile.write(b"".join(self._headers_buffer))
    ~~~~~~~~~~~~~~~~^^^^^^^^^^^^^^^^^^^^^^^^^^^^^^^^
  File "C:\Users\Hp\AppData\Local\Programs\Python\Python314\Lib\socketserver.py", line 845, in write
    self._sock.sendall(b)
    ~~~~~~~~~~~~~~~~~~^^^
ConnectionAbortedError: [WinError 10053] An established connection was aborted by the software in your host machine
----------------------------------------
Traceback (most recent call last):
  File "C:\Users\Hp\Downloads\ecommerce-ai-capstone\public\app.py", line 628, in do_GET
    self.end_headers()
    ^^^^^^^^^^^^^^^^
  File "C:\Users\Hp\AppData\Local\Programs\Python\Python314\Lib\http\server.py", line 739, in do_GET
    self.copyfile(f, self.wfile)
    ~~~~~~~~~~~~~^^^^^^^^^^^^^^^
  File "C:\Users\Hp\AppData\Local\Programs\Python\Python314\Lib\http\server.py", line 942, in copyfile
    shutil.copyfileobj(source, outputfile)
    ~~~~~~~~~~~~~~~~~~^^^^^^^^^^^^^^^^^^^^
  File "C:\Users\Hp\AppData\Local\Programs\Python\Python314\Lib\shutil.py", line 257, in copyfileobj
    fdst_write(buf)
    ~~~~~~~~~~^^^^^
  File "C:\Users\Hp\AppData\Local\Programs\Python\Python314\Lib\socketserver.py", line 845, in write
    self._sock.sendall(b)
    ~~~~~~~~~~~~~~~~~~^^^
ConnectionAbortedError: [WinError 10053] An established connection was aborted by the software in your host machine
----------------------------------------
Exception occurred during processing of request from ('127.0.0.1', 54466)
Traceback (most recent call last):
  File "C:\Users\Hp\Downloads\ecommerce-ai-capstone\public\app.py", line 628, in do_GET
    self.end_headers()
    ^^^^^^^^^^^^^^^^
  File "C:\Users\Hp\AppData\Local\Programs\Python\Python314\Lib\http\server.py", line 739, in do_GET
    self.copyfile(f, self.wfile)
    ~~~~~~~~~~~~~^^^^^^^^^^^^^^^
  File "C:\Users\Hp\AppData\Local\Programs\Python\Python314\Lib\http\server.py", line 942, in copyfile
    shutil.copyfileobj(source, outputfile)
    ~~~~~~~~~~~~~~~~~~^^^^^^^^^^^^^^^^^^^^
  File "C:\Users\Hp\AppData\Local\Programs\Python\Python314\Lib\shutil.py", line 257, in copyfileobj
    fdst_write(buf)
    ~~~~~~~~~~^^^^^
  File "C:\Users\Hp\AppData\Local\Programs\Python\Python314\Lib\socketserver.py", line 845, in write
    self._sock.sendall(b)
    ~~~~~~~~~~~~~~~~~~^^^
ConnectionAbortedError: [WinError 10053] An established connection was aborted by the software in your host machine

During handling of the above exception, another exception occurred:

Traceback (most recent call last):
  File "C:\Users\Hp\AppData\Local\Programs\Python\Python314\Lib\socketserver.py", line 318, in _handle_request_noblock
    self.process_request(request, client_address)
    ~~~~~~~~~~~~~~~~~~~~^^^^^^^^^^^^^^^^^^^^^^^^^
  File "C:\Users\Hp\AppData\Local\Programs\Python\Python314\Lib\socketserver.py", line 349, in process_request
    self.finish_request(request, client_address)
    ~~~~~~~~~~~~~~~~~~~^^^^^^^^^^^^^^^^^^^^^^^^^
  File "C:\Users\Hp\AppData\Local\Programs\Python\Python314\Lib\socketserver.py", line 362, in finish_request
    self.RequestHandlerClass(request, client_address, self)
    ~~~~~~~~~~~~~~~~~~~~~~~~^^^^^^^^^^^^^^^^^^^^^^^^^^^^^^^
  File "C:\Users\Hp\Downloads\ecommerce-ai-capstone\public\app.py", line 138, in __init__
    
    \U0001f3c6 Winner: {winner_text}
    
  File "C:\Users\Hp\AppData\Local\Programs\Python\Python314\Lib\http\server.py", line 732, in __init__
    super().__init__(*args, **kwargs)
    ~~~~~~~~~~~~~~~~^^^^^^^^^^^^^^^^^
  File "C:\Users\Hp\AppData\Local\Programs\Python\Python314\Lib\socketserver.py", line 766, in __init__
    self.handle()
    ~~~~~~~~~~~^^
  File "C:\Users\Hp\AppData\Local\Programs\Python\Python314\Lib\http\server.py", line 496, in handle
    self.handle_one_request()
    ~~~~~~~~~~~~~~~~~~~~~~~^^
  File "C:\Users\Hp\AppData\Local\Programs\Python\Python314\Lib\http\server.py", line 484, in handle_one_request
    method()
    ~~~~~~^^
  File "C:\Users\Hp\Downloads\ecommerce-ai-capstone\public\app.py", line 633, in do_GET
    compute_results(cur, eid)
    ~~~~~~~~~~~~~~~^^^^^^^^^^
  File "C:\Users\Hp\Downloads\ecommerce-ai-capstone\public\app.py", line 153, in send_json
  File "C:\Users\Hp\AppData\Local\Programs\Python\Python314\Lib\http\server.py", line 598, in end_headers
    self.flush_headers()
    ~~~~~~~~~~~~~~~~~~^^
  File "C:\Users\Hp\AppData\Local\Programs\Python\Python314\Lib\http\server.py", line 602, in flush_headers
    self.wfile.write(b"".join(self._headers_buffer))
    ~~~~~~~~~~~~~~~~^^^^^^^^^^^^^^^^^^^^^^^^^^^^^^^^
  File "C:\Users\Hp\AppData\Local\Programs\Python\Python314\Lib\socketserver.py", line 845, in write
    self._sock.sendall(b)
    ~~~~~~~~~~~~~~~~~~^^^
ConnectionAbortedError: [WinError 10053] An established connection was aborted by the software in your host machine
----------------------------------------
Traceback (most recent call last):
  File "C:\Users\Hp\Downloads\ecommerce-ai-capstone\public\app.py", line 628, in do_GET
    self.end_headers()
    ^^^^^^^^^^^^^^^^
  File "C:\Users\Hp\AppData\Local\Programs\Python\Python314\Lib\http\server.py", line 739, in do_GET
    self.copyfile(f, self.wfile)
    ~~~~~~~~~~~~~^^^^^^^^^^^^^^^
  File "C:\Users\Hp\AppData\Local\Programs\Python\Python314\Lib\http\server.py", line 942, in copyfile
    shutil.copyfileobj(source, outputfile)
    ~~~~~~~~~~~~~~~~~~^^^^^^^^^^^^^^^^^^^^
  File "C:\Users\Hp\AppData\Local\Programs\Python\Python314\Lib\shutil.py", line 257, in copyfileobj
    fdst_write(buf)
    ~~~~~~~~~~^^^^^
  File "C:\Users\Hp\AppData\Local\Programs\Python\Python314\Lib\socketserver.py", line 845, in write
    self._sock.sendall(b)
    ~~~~~~~~~~~~~~~~~~^^^
ConnectionAbortedError: [WinError 10053] An established connection was aborted by the software in your host machine
----------------------------------------
Exception occurred during processing of request from ('127.0.0.1', 51656)
Traceback (most recent call last):
  File "C:\Users\Hp\Downloads\ecommerce-ai-capstone\public\app.py", line 628, in do_GET
    self.end_headers()
    ^^^^^^^^^^^^^^^^
  File "C:\Users\Hp\AppData\Local\Programs\Python\Python314\Lib\http\server.py", line 739, in do_GET
    self.copyfile(f, self.wfile)
    ~~~~~~~~~~~~~^^^^^^^^^^^^^^^
  File "C:\Users\Hp\AppData\Local\Programs\Python\Python314\Lib\http\server.py", line 942, in copyfile
    shutil.copyfileobj(source, outputfile)
    ~~~~~~~~~~~~~~~~~~^^^^^^^^^^^^^^^^^^^^
  File "C:\Users\Hp\AppData\Local\Programs\Python\Python314\Lib\shutil.py", line 257, in copyfileobj
    fdst_write(buf)
    ~~~~~~~~~~^^^^^
  File "C:\Users\Hp\AppData\Local\Programs\Python\Python314\Lib\socketserver.py", line 845, in write
    self._sock.sendall(b)
    ~~~~~~~~~~~~~~~~~~^^^
ConnectionAbortedError: [WinError 10053] An established connection was aborted by the software in your host machine

During handling of the above exception, another exception occurred:

Traceback (most recent call last):
  File "C:\Users\Hp\AppData\Local\Programs\Python\Python314\Lib\socketserver.py", line 318, in _handle_request_noblock
    self.process_request(request, client_address)
    ~~~~~~~~~~~~~~~~~~~~^^^^^^^^^^^^^^^^^^^^^^^^^
  File "C:\Users\Hp\AppData\Local\Programs\Python\Python314\Lib\socketserver.py", line 349, in process_request
    self.finish_request(request, client_address)
    ~~~~~~~~~~~~~~~~~~~^^^^^^^^^^^^^^^^^^^^^^^^^
  File "C:\Users\Hp\AppData\Local\Programs\Python\Python314\Lib\socketserver.py", line 362, in finish_request
    self.RequestHandlerClass(request, client_address, self)
    ~~~~~~~~~~~~~~~~~~~~~~~~^^^^^^^^^^^^^^^^^^^^^^^^^^^^^^^
  File "C:\Users\Hp\Downloads\ecommerce-ai-capstone\public\app.py", line 138, in __init__
    
    \U0001f3c6 Winner: {winner_text}
    
  File "C:\Users\Hp\AppData\Local\Programs\Python\Python314\Lib\http\server.py", line 732, in __init__
    super().__init__(*args, **kwargs)
    ~~~~~~~~~~~~~~~~^^^^^^^^^^^^^^^^^
  File "C:\Users\Hp\AppData\Local\Programs\Python\Python314\Lib\socketserver.py", line 766, in __init__
    self.handle()
    ~~~~~~~~~~~^^
  File "C:\Users\Hp\AppData\Local\Programs\Python\Python314\Lib\http\server.py", line 496, in handle
    self.handle_one_request()
    ~~~~~~~~~~~~~~~~~~~~~~~^^
  File "C:\Users\Hp\AppData\Local\Programs\Python\Python314\Lib\http\server.py", line 484, in handle_one_request
    method()
    ~~~~~~^^
  File "C:\Users\Hp\Downloads\ecommerce-ai-capstone\public\app.py", line 633, in do_GET
    compute_results(cur, eid)
    ~~~~~~~~~~~~~~~^^^^^^^^^^
  File "C:\Users\Hp\Downloads\ecommerce-ai-capstone\public\app.py", line 153, in send_json
  File "C:\Users\Hp\AppData\Local\Programs\Python\Python314\Lib\http\server.py", line 598, in end_headers
    self.flush_headers()
    ~~~~~~~~~~~~~~~~~~^^
  File "C:\Users\Hp\AppData\Local\Programs\Python\Python314\Lib\http\server.py", line 602, in flush_headers
    self.wfile.write(b"".join(self._headers_buffer))
    ~~~~~~~~~~~~~~~~^^^^^^^^^^^^^^^^^^^^^^^^^^^^^^^^
  File "C:\Users\Hp\AppData\Local\Programs\Python\Python314\Lib\socketserver.py", line 845, in write
    self._sock.sendall(b)
    ~~~~~~~~~~~~~~~~~~^^^
ConnectionAbortedError: [WinError 10053] An established connection was aborted by the software in your host machine
----------------------------------------
Traceback (most recent call last):
  File "C:\Users\Hp\Downloads\ecommerce-ai-capstone\public\app.py", line 628, in do_GET
    voter_id = generate_voter_id()
    ^^^^^^^^
  File "C:\Users\Hp\AppData\Local\Programs\Python\Python314\Lib\http\server.py", line 739, in do_GET
    self.copyfile(f, self.wfile)
    ~~~~~~~~~~~~~^^^^^^^^^^^^^^^
  File "C:\Users\Hp\AppData\Local\Programs\Python\Python314\Lib\http\server.py", line 942, in copyfile
    shutil.copyfileobj(source, outputfile)
    ~~~~~~~~~~~~~~~~~~^^^^^^^^^^^^^^^^^^^^
  File "C:\Users\Hp\AppData\Local\Programs\Python\Python314\Lib\shutil.py", line 257, in copyfileobj
    fdst_write(buf)
    ~~~~~~~~~~^^^^^
  File "C:\Users\Hp\AppData\Local\Programs\Python\Python314\Lib\socketserver.py", line 845, in write
    self._sock.sendall(b)
    ~~~~~~~~~~~~~~~~~~^^^
ConnectionAbortedError: [WinError 10053] An established connection was aborted by the software in your host machine
----------------------------------------
Exception occurred during processing of request from ('127.0.0.1', 60121)
Traceback (most recent call last):
  File "C:\Users\Hp\Downloads\ecommerce-ai-capstone\public\app.py", line 628, in do_GET
    voter_id = generate_voter_id()
    ^^^^^^^^
  File "C:\Users\Hp\AppData\Local\Programs\Python\Python314\Lib\http\server.py", line 739, in do_GET
    self.copyfile(f, self.wfile)
    ~~~~~~~~~~~~~^^^^^^^^^^^^^^^
  File "C:\Users\Hp\AppData\Local\Programs\Python\Python314\Lib\http\server.py", line 942, in copyfile
    shutil.copyfileobj(source, outputfile)
    ~~~~~~~~~~~~~~~~~~^^^^^^^^^^^^^^^^^^^^
  File "C:\Users\Hp\AppData\Local\Programs\Python\Python314\Lib\shutil.py", line 257, in copyfileobj
    fdst_write(buf)
    ~~~~~~~~~~^^^^^
  File "C:\Users\Hp\AppData\Local\Programs\Python\Python314\Lib\socketserver.py", line 845, in write
    self._sock.sendall(b)
    ~~~~~~~~~~~~~~~~~~^^^
ConnectionAbortedError: [WinError 10053] An established connection was aborted by the software in your host machine

During handling of the above exception, another exception occurred:

Traceback (most recent call last):
  File "C:\Users\Hp\AppData\Local\Programs\Python\Python314\Lib\socketserver.py", line 318, in _handle_request_noblock
    self.process_request(request, client_address)
    ~~~~~~~~~~~~~~~~~~~~^^^^^^^^^^^^^^^^^^^^^^^^^
  File "C:\Users\Hp\AppData\Local\Programs\Python\Python314\Lib\socketserver.py", line 349, in process_request
    self.finish_request(request, client_address)
    ~~~~~~~~~~~~~~~~~~~^^^^^^^^^^^^^^^^^^^^^^^^^
  File "C:\Users\Hp\AppData\Local\Programs\Python\Python314\Lib\socketserver.py", line 362, in finish_request
    self.RequestHandlerClass(request, client_address, self)
    ~~~~~~~~~~~~~~~~~~~~~~~~^^^^^^^^^^^^^^^^^^^^^^^^^^^^^^^
  File "C:\Users\Hp\Downloads\ecommerce-ai-capstone\public\app.py", line 138, in __init__
    
    winner_text = f"{results['name']} ({results['party']}) won with {results['percentage']}% of the votes!" if results else "No votes cast."
    
  File "C:\Users\Hp\AppData\Local\Programs\Python\Python314\Lib\http\server.py", line 732, in __init__
    super().__init__(*args, **kwargs)
    ~~~~~~~~~~~~~~~~^^^^^^^^^^^^^^^^^
  File "C:\Users\Hp\AppData\Local\Programs\Python\Python314\Lib\socketserver.py", line 766, in __init__
    self.handle()
    ~~~~~~~~~~~^^
  File "C:\Users\Hp\AppData\Local\Programs\Python\Python314\Lib\http\server.py", line 496, in handle
    self.handle_one_request()
    ~~~~~~~~~~~~~~~~~~~~~~~^^
  File "C:\Users\Hp\AppData\Local\Programs\Python\Python314\Lib\http\server.py", line 484, in handle_one_request
    method()
    ~~~~~~^^
  File "C:\Users\Hp\Downloads\ecommerce-ai-capstone\public\app.py", line 633, in do_GET
    )
  File "C:\Users\Hp\Downloads\ecommerce-ai-capstone\public\app.py", line 153, in send_json
    Thank you for participating in VoteSecure's democratic process!
            ^^^^^^^^^^^^^^^^^^
  File "C:\Users\Hp\AppData\Local\Programs\Python\Python314\Lib\http\server.py", line 598, in end_headers
    self.flush_headers()
    ~~~~~~~~~~~~~~~~~~^^
  File "C:\Users\Hp\AppData\Local\Programs\Python\Python314\Lib\http\server.py", line 602, in flush_headers
    self.wfile.write(b"".join(self._headers_buffer))
    ~~~~~~~~~~~~~~~~^^^^^^^^^^^^^^^^^^^^^^^^^^^^^^^^
  File "C:\Users\Hp\AppData\Local\Programs\Python\Python314\Lib\socketserver.py", line 845, in write
    self._sock.sendall(b)
    ~~~~~~~~~~~~~~~~~~^^^
ConnectionAbortedError: [WinError 10053] An established connection was aborted by the software in your host machine
----------------------------------------
Traceback (most recent call last):
  File "C:\Users\Hp\Downloads\ecommerce-ai-capstone\public\app.py", line 628, in do_GET
    voter_id = generate_voter_id()
    ^^^^^^^^
  File "C:\Users\Hp\AppData\Local\Programs\Python\Python314\Lib\http\server.py", line 739, in do_GET
    self.copyfile(f, self.wfile)
    ~~~~~~~~~~~~~^^^^^^^^^^^^^^^
  File "C:\Users\Hp\AppData\Local\Programs\Python\Python314\Lib\http\server.py", line 942, in copyfile
    shutil.copyfileobj(source, outputfile)
    ~~~~~~~~~~~~~~~~~~^^^^^^^^^^^^^^^^^^^^
  File "C:\Users\Hp\AppData\Local\Programs\Python\Python314\Lib\shutil.py", line 257, in copyfileobj
    fdst_write(buf)
    ~~~~~~~~~~^^^^^
  File "C:\Users\Hp\AppData\Local\Programs\Python\Python314\Lib\socketserver.py", line 845, in write
    self._sock.sendall(b)
    ~~~~~~~~~~~~~~~~~~^^^
ConnectionAbortedError: [WinError 10053] An established connection was aborted by the software in your host machine
----------------------------------------
Exception occurred during processing of request from ('127.0.0.1', 65043)
Traceback (most recent call last):
  File "C:\Users\Hp\Downloads\ecommerce-ai-capstone\public\app.py", line 628, in do_GET
    voter_id = generate_voter_id()
    ^^^^^^^^
  File "C:\Users\Hp\AppData\Local\Programs\Python\Python314\Lib\http\server.py", line 739, in do_GET
    self.copyfile(f, self.wfile)
    ~~~~~~~~~~~~~^^^^^^^^^^^^^^^
  File "C:\Users\Hp\AppData\Local\Programs\Python\Python314\Lib\http\server.py", line 942, in copyfile
    shutil.copyfileobj(source, outputfile)
    ~~~~~~~~~~~~~~~~~~^^^^^^^^^^^^^^^^^^^^
  File "C:\Users\Hp\AppData\Local\Programs\Python\Python314\Lib\shutil.py", line 257, in copyfileobj
    fdst_write(buf)
    ~~~~~~~~~~^^^^^
  File "C:\Users\Hp\AppData\Local\Programs\Python\Python314\Lib\socketserver.py", line 845, in write
    self._sock.sendall(b)
    ~~~~~~~~~~~~~~~~~~^^^
ConnectionAbortedError: [WinError 10053] An established connection was aborted by the software in your host machine

During handling of the above exception, another exception occurred:

Traceback (most recent call last):
  File "C:\Users\Hp\AppData\Local\Programs\Python\Python314\Lib\socketserver.py", line 318, in _handle_request_noblock
    self.process_request(request, client_address)
    ~~~~~~~~~~~~~~~~~~~~^^^^^^^^^^^^^^^^^^^^^^^^^
  File "C:\Users\Hp\AppData\Local\Programs\Python\Python314\Lib\socketserver.py", line 349, in process_request
    self.finish_request(request, client_address)
    ~~~~~~~~~~~~~~~~~~~^^^^^^^^^^^^^^^^^^^^^^^^^
  File "C:\Users\Hp\AppData\Local\Programs\Python\Python314\Lib\socketserver.py", line 362, in finish_request
    self.RequestHandlerClass(request, client_address, self)
    ~~~~~~~~~~~~~~~~~~~~~~~~^^^^^^^^^^^^^^^^^^^^^^^^^^^^^^^
  File "C:\Users\Hp\Downloads\ecommerce-ai-capstone\public\app.py", line 138, in __init__
    
    winner_text = f"{results['name']} ({results['party']}) won with {results['percentage']}% of the votes!" if results else "No votes cast."
    
  File "C:\Users\Hp\AppData\Local\Programs\Python\Python314\Lib\http\server.py", line 732, in __init__
    super().__init__(*args, **kwargs)
    ~~~~~~~~~~~~~~~~^^^^^^^^^^^^^^^^^
  File "C:\Users\Hp\AppData\Local\Programs\Python\Python314\Lib\socketserver.py", line 766, in __init__
    self.handle()
    ~~~~~~~~~~~^^
  File "C:\Users\Hp\AppData\Local\Programs\Python\Python314\Lib\http\server.py", line 496, in handle
    self.handle_one_request()
    ~~~~~~~~~~~~~~~~~~~~~~~^^
  File "C:\Users\Hp\AppData\Local\Programs\Python\Python314\Lib\http\server.py", line 484, in handle_one_request
    method()
    ~~~~~~^^
  File "C:\Users\Hp\Downloads\ecommerce-ai-capstone\public\app.py", line 633, in do_GET
    )
  File "C:\Users\Hp\Downloads\ecommerce-ai-capstone\public\app.py", line 153, in send_json
    Thank you for participating in VoteSecure's democratic process!
            ^^^^^^^^^^^^^^^^^^
  File "C:\Users\Hp\AppData\Local\Programs\Python\Python314\Lib\http\server.py", line 598, in end_headers
    self.flush_headers()
    ~~~~~~~~~~~~~~~~~~^^
  File "C:\Users\Hp\AppData\Local\Programs\Python\Python314\Lib\http\server.py", line 602, in flush_headers
    self.wfile.write(b"".join(self._headers_buffer))
    ~~~~~~~~~~~~~~~~^^^^^^^^^^^^^^^^^^^^^^^^^^^^^^^^
  File "C:\Users\Hp\AppData\Local\Programs\Python\Python314\Lib\socketserver.py", line 845, in write
    self._sock.sendall(b)
    ~~~~~~~~~~~~~~~~~~^^^
ConnectionAbortedError: [WinError 10053] An established connection was aborted by the software in your host machine
----------------------------------------
Traceback (most recent call last):
  File "C:\Users\Hp\Downloads\ecommerce-ai-capstone\public\app.py", line 628, in do_GET
    voter_id = generate_voter_id()
    ^^^^^^^^
  File "C:\Users\Hp\AppData\Local\Programs\Python\Python314\Lib\http\server.py", line 739, in do_GET
    self.copyfile(f, self.wfile)
    ~~~~~~~~~~~~~^^^^^^^^^^^^^^^
  File "C:\Users\Hp\AppData\Local\Programs\Python\Python314\Lib\http\server.py", line 942, in copyfile
    shutil.copyfileobj(source, outputfile)
    ~~~~~~~~~~~~~~~~~~^^^^^^^^^^^^^^^^^^^^
  File "C:\Users\Hp\AppData\Local\Programs\Python\Python314\Lib\shutil.py", line 257, in copyfileobj
    fdst_write(buf)
    ~~~~~~~~~~^^^^^
  File "C:\Users\Hp\AppData\Local\Programs\Python\Python314\Lib\socketserver.py", line 845, in write
    self._sock.sendall(b)
    ~~~~~~~~~~~~~~~~~~^^^
ConnectionAbortedError: [WinError 10053] An established connection was aborted by the software in your host machine
----------------------------------------
Exception occurred during processing of request from ('127.0.0.1', 52501)
Traceback (most recent call last):
  File "C:\Users\Hp\Downloads\ecommerce-ai-capstone\public\app.py", line 628, in do_GET
    voter_id = generate_voter_id()
    ^^^^^^^^
  File "C:\Users\Hp\AppData\Local\Programs\Python\Python314\Lib\http\server.py", line 739, in do_GET
    self.copyfile(f, self.wfile)
    ~~~~~~~~~~~~~^^^^^^^^^^^^^^^
  File "C:\Users\Hp\AppData\Local\Programs\Python\Python314\Lib\http\server.py", line 942, in copyfile
    shutil.copyfileobj(source, outputfile)
    ~~~~~~~~~~~~~~~~~~^^^^^^^^^^^^^^^^^^^^
  File "C:\Users\Hp\AppData\Local\Programs\Python\Python314\Lib\shutil.py", line 257, in copyfileobj
    fdst_write(buf)
    ~~~~~~~~~~^^^^^
  File "C:\Users\Hp\AppData\Local\Programs\Python\Python314\Lib\socketserver.py", line 845, in write
    self._sock.sendall(b)
    ~~~~~~~~~~~~~~~~~~^^^
ConnectionAbortedError: [WinError 10053] An established connection was aborted by the software in your host machine

During handling of the above exception, another exception occurred:

Traceback (most recent call last):
  File "C:\Users\Hp\AppData\Local\Programs\Python\Python314\Lib\socketserver.py", line 318, in _handle_request_noblock
    self.process_request(request, client_address)
    ~~~~~~~~~~~~~~~~~~~~^^^^^^^^^^^^^^^^^^^^^^^^^
  File "C:\Users\Hp\AppData\Local\Programs\Python\Python314\Lib\socketserver.py", line 349, in process_request
    self.finish_request(request, client_address)
    ~~~~~~~~~~~~~~~~~~~^^^^^^^^^^^^^^^^^^^^^^^^^
  File "C:\Users\Hp\AppData\Local\Programs\Python\Python314\Lib\socketserver.py", line 362, in finish_request
    self.RequestHandlerClass(request, client_address, self)
    ~~~~~~~~~~~~~~~~~~~~~~~~^^^^^^^^^^^^^^^^^^^^^^^^^^^^^^^
  File "C:\Users\Hp\Downloads\ecommerce-ai-capstone\public\app.py", line 138, in __init__
    
    winner_text = f"{results['name']} ({results['party']}) won with {results['percentage']}% of the votes!" if results else "No votes cast."
    
  File "C:\Users\Hp\AppData\Local\Programs\Python\Python314\Lib\http\server.py", line 732, in __init__
    super().__init__(*args, **kwargs)
    ~~~~~~~~~~~~~~~~^^^^^^^^^^^^^^^^^
  File "C:\Users\Hp\AppData\Local\Programs\Python\Python314\Lib\socketserver.py", line 766, in __init__
    self.handle()
    ~~~~~~~~~~~^^
  File "C:\Users\Hp\AppData\Local\Programs\Python\Python314\Lib\http\server.py", line 496, in handle
    self.handle_one_request()
    ~~~~~~~~~~~~~~~~~~~~~~~^^
  File "C:\Users\Hp\AppData\Local\Programs\Python\Python314\Lib\http\server.py", line 484, in handle_one_request
    method()
    ~~~~~~^^
  File "C:\Users\Hp\Downloads\ecommerce-ai-capstone\public\app.py", line 633, in do_GET
    )
  File "C:\Users\Hp\Downloads\ecommerce-ai-capstone\public\app.py", line 153, in send_json
    Thank you for participating in VoteSecure's democratic process!
            ^^^^^^^^^^^^^^^^^^
  File "C:\Users\Hp\AppData\Local\Programs\Python\Python314\Lib\http\server.py", line 598, in end_headers
    self.flush_headers()
    ~~~~~~~~~~~~~~~~~~^^
  File "C:\Users\Hp\AppData\Local\Programs\Python\Python314\Lib\http\server.py", line 602, in flush_headers
    self.wfile.write(b"".join(self._headers_buffer))
    ~~~~~~~~~~~~~~~~^^^^^^^^^^^^^^^^^^^^^^^^^^^^^^^^
  File "C:\Users\Hp\AppData\Local\Programs\Python\Python314\Lib\socketserver.py", line 845, in write
    self._sock.sendall(b)
    ~~~~~~~~~~~~~~~~~~^^^
ConnectionAbortedError: [WinError 10053] An established connection was aborted by the software in your host machine
----------------------------------------
Traceback (most recent call last):
  File "C:\Users\Hp\Downloads\ecommerce-ai-capstone\public\app.py", line 628, in do_GET
    voter_id = generate_voter_id()
    ^^^^^^^^
  File "C:\Users\Hp\AppData\Local\Programs\Python\Python314\Lib\http\server.py", line 739, in do_GET
    self.copyfile(f, self.wfile)
    ~~~~~~~~~~~~~^^^^^^^^^^^^^^^
  File "C:\Users\Hp\AppData\Local\Programs\Python\Python314\Lib\http\server.py", line 942, in copyfile
    shutil.copyfileobj(source, outputfile)
    ~~~~~~~~~~~~~~~~~~^^^^^^^^^^^^^^^^^^^^
  File "C:\Users\Hp\AppData\Local\Programs\Python\Python314\Lib\shutil.py", line 257, in copyfileobj
    fdst_write(buf)
    ~~~~~~~~~~^^^^^
  File "C:\Users\Hp\AppData\Local\Programs\Python\Python314\Lib\socketserver.py", line 845, in write
    self._sock.sendall(b)
    ~~~~~~~~~~~~~~~~~~^^^
ConnectionAbortedError: [WinError 10053] An established connection was aborted by the software in your host machine
----------------------------------------
Exception occurred during processing of request from ('127.0.0.1', 49672)
Traceback (most recent call last):
  File "C:\Users\Hp\Downloads\ecommerce-ai-capstone\public\app.py", line 628, in do_GET
    voter_id = generate_voter_id()
    ^^^^^^^^
  File "C:\Users\Hp\AppData\Local\Programs\Python\Python314\Lib\http\server.py", line 739, in do_GET
    self.copyfile(f, self.wfile)
    ~~~~~~~~~~~~~^^^^^^^^^^^^^^^
  File "C:\Users\Hp\AppData\Local\Programs\Python\Python314\Lib\http\server.py", line 942, in copyfile
    shutil.copyfileobj(source, outputfile)
    ~~~~~~~~~~~~~~~~~~^^^^^^^^^^^^^^^^^^^^
  File "C:\Users\Hp\AppData\Local\Programs\Python\Python314\Lib\shutil.py", line 257, in copyfileobj
    fdst_write(buf)
    ~~~~~~~~~~^^^^^
  File "C:\Users\Hp\AppData\Local\Programs\Python\Python314\Lib\socketserver.py", line 845, in write
    self._sock.sendall(b)
    ~~~~~~~~~~~~~~~~~~^^^
ConnectionAbortedError: [WinError 10053] An established connection was aborted by the software in your host machine

During handling of the above exception, another exception occurred:

Traceback (most recent call last):
  File "C:\Users\Hp\AppData\Local\Programs\Python\Python314\Lib\socketserver.py", line 318, in _handle_request_noblock
    self.process_request(request, client_address)
    ~~~~~~~~~~~~~~~~~~~~^^^^^^^^^^^^^^^^^^^^^^^^^
  File "C:\Users\Hp\AppData\Local\Programs\Python\Python314\Lib\socketserver.py", line 349, in process_request
    self.finish_request(request, client_address)
    ~~~~~~~~~~~~~~~~~~~^^^^^^^^^^^^^^^^^^^^^^^^^
  File "C:\Users\Hp\AppData\Local\Programs\Python\Python314\Lib\socketserver.py", line 362, in finish_request
    self.RequestHandlerClass(request, client_address, self)
    ~~~~~~~~~~~~~~~~~~~~~~~~^^^^^^^^^^^^^^^^^^^^^^^^^^^^^^^
  File "C:\Users\Hp\Downloads\ecommerce-ai-capstone\public\app.py", line 138, in __init__
    
    winner_text = f"{results['name']} ({results['party']}) won with {results['percentage']}% of the votes!" if results else "No votes cast."
    
  File "C:\Users\Hp\AppData\Local\Programs\Python\Python314\Lib\http\server.py", line 732, in __init__
    super().__init__(*args, **kwargs)
    ~~~~~~~~~~~~~~~~^^^^^^^^^^^^^^^^^
  File "C:\Users\Hp\AppData\Local\Programs\Python\Python314\Lib\socketserver.py", line 766, in __init__
    self.handle()
    ~~~~~~~~~~~^^
  File "C:\Users\Hp\AppData\Local\Programs\Python\Python314\Lib\http\server.py", line 496, in handle
    self.handle_one_request()
    ~~~~~~~~~~~~~~~~~~~~~~~^^
  File "C:\Users\Hp\AppData\Local\Programs\Python\Python314\Lib\http\server.py", line 484, in handle_one_request
    method()
    ~~~~~~^^
  File "C:\Users\Hp\Downloads\ecommerce-ai-capstone\public\app.py", line 633, in do_GET
    )
  File "C:\Users\Hp\Downloads\ecommerce-ai-capstone\public\app.py", line 153, in send_json
    Thank you for participating in VoteSecure's democratic process!
            ^^^^^^^^^^^^^^^^^^
  File "C:\Users\Hp\AppData\Local\Programs\Python\Python314\Lib\http\server.py", line 598, in end_headers
    self.flush_headers()
    ~~~~~~~~~~~~~~~~~~^^
  File "C:\Users\Hp\AppData\Local\Programs\Python\Python314\Lib\http\server.py", line 602, in flush_headers
    self.wfile.write(b"".join(self._headers_buffer))
    ~~~~~~~~~~~~~~~~^^^^^^^^^^^^^^^^^^^^^^^^^^^^^^^^
  File "C:\Users\Hp\AppData\Local\Programs\Python\Python314\Lib\socketserver.py", line 845, in write
    self._sock.sendall(b)
    ~~~~~~~~~~~~~~~~~~^^^
ConnectionAbortedError: [WinError 10053] An established connection was aborted by the software in your host machine
----------------------------------------
Traceback (most recent call last):
  File "C:\Users\Hp\Downloads\ecommerce-ai-capstone\public\app.py", line 628, in do_GET
    voter_id = generate_voter_id()
    ^^^^^^^^
  File "C:\Users\Hp\AppData\Local\Programs\Python\Python314\Lib\http\server.py", line 739, in do_GET
    self.copyfile(f, self.wfile)
    ~~~~~~~~~~~~~^^^^^^^^^^^^^^^
  File "C:\Users\Hp\AppData\Local\Programs\Python\Python314\Lib\http\server.py", line 942, in copyfile
    shutil.copyfileobj(source, outputfile)
    ~~~~~~~~~~~~~~~~~~^^^^^^^^^^^^^^^^^^^^
  File "C:\Users\Hp\AppData\Local\Programs\Python\Python314\Lib\shutil.py", line 257, in copyfileobj
    fdst_write(buf)
    ~~~~~~~~~~^^^^^
  File "C:\Users\Hp\AppData\Local\Programs\Python\Python314\Lib\socketserver.py", line 845, in write
    self._sock.sendall(b)
    ~~~~~~~~~~~~~~~~~~^^^
ConnectionAbortedError: [WinError 10053] An established connection was aborted by the software in your host machine
----------------------------------------
Exception occurred during processing of request from ('127.0.0.1', 53283)
Traceback (most recent call last):
  File "C:\Users\Hp\Downloads\ecommerce-ai-capstone\public\app.py", line 628, in do_GET
    voter_id = generate_voter_id()
    ^^^^^^^^
  File "C:\Users\Hp\AppData\Local\Programs\Python\Python314\Lib\http\server.py", line 739, in do_GET
    self.copyfile(f, self.wfile)
    ~~~~~~~~~~~~~^^^^^^^^^^^^^^^
  File "C:\Users\Hp\AppData\Local\Programs\Python\Python314\Lib\http\server.py", line 942, in copyfile
    shutil.copyfileobj(source, outputfile)
    ~~~~~~~~~~~~~~~~~~^^^^^^^^^^^^^^^^^^^^
  File "C:\Users\Hp\AppData\Local\Programs\Python\Python314\Lib\shutil.py", line 257, in copyfileobj
    fdst_write(buf)
    ~~~~~~~~~~^^^^^
  File "C:\Users\Hp\AppData\Local\Programs\Python\Python314\Lib\socketserver.py", line 845, in write
    self._sock.sendall(b)
    ~~~~~~~~~~~~~~~~~~^^^
ConnectionAbortedError: [WinError 10053] An established connection was aborted by the software in your host machine

During handling of the above exception, another exception occurred:

Traceback (most recent call last):
  File "C:\Users\Hp\AppData\Local\Programs\Python\Python314\Lib\socketserver.py", line 318, in _handle_request_noblock
    self.process_request(request, client_address)
    ~~~~~~~~~~~~~~~~~~~~^^^^^^^^^^^^^^^^^^^^^^^^^
  File "C:\Users\Hp\AppData\Local\Programs\Python\Python314\Lib\socketserver.py", line 349, in process_request
    self.finish_request(request, client_address)
    ~~~~~~~~~~~~~~~~~~~^^^^^^^^^^^^^^^^^^^^^^^^^
  File "C:\Users\Hp\AppData\Local\Programs\Python\Python314\Lib\socketserver.py", line 362, in finish_request
    self.RequestHandlerClass(request, client_address, self)
    ~~~~~~~~~~~~~~~~~~~~~~~~^^^^^^^^^^^^^^^^^^^^^^^^^^^^^^^
  File "C:\Users\Hp\Downloads\ecommerce-ai-capstone\public\app.py", line 138, in __init__
    
    winner_text = f"{results['name']} ({results['party']}) won with {results['percentage']}% of the votes!" if results else "No votes cast."
    
  File "C:\Users\Hp\AppData\Local\Programs\Python\Python314\Lib\http\server.py", line 732, in __init__
    super().__init__(*args, **kwargs)
    ~~~~~~~~~~~~~~~~^^^^^^^^^^^^^^^^^
  File "C:\Users\Hp\AppData\Local\Programs\Python\Python314\Lib\socketserver.py", line 766, in __init__
    self.handle()
    ~~~~~~~~~~~^^
  File "C:\Users\Hp\AppData\Local\Programs\Python\Python314\Lib\http\server.py", line 496, in handle
    self.handle_one_request()
    ~~~~~~~~~~~~~~~~~~~~~~~^^
  File "C:\Users\Hp\AppData\Local\Programs\Python\Python314\Lib\http\server.py", line 484, in handle_one_request
    method()
    ~~~~~~^^
  File "C:\Users\Hp\Downloads\ecommerce-ai-capstone\public\app.py", line 633, in do_GET
    )
  File "C:\Users\Hp\Downloads\ecommerce-ai-capstone\public\app.py", line 153, in send_json
    Thank you for participating in VoteSecure's democratic process!
            ^^^^^^^^^^^^^^^^^^
  File "C:\Users\Hp\AppData\Local\Programs\Python\Python314\Lib\http\server.py", line 598, in end_headers
    self.flush_headers()
    ~~~~~~~~~~~~~~~~~~^^
  File "C:\Users\Hp\AppData\Local\Programs\Python\Python314\Lib\http\server.py", line 602, in flush_headers
    self.wfile.write(b"".join(self._headers_buffer))
    ~~~~~~~~~~~~~~~~^^^^^^^^^^^^^^^^^^^^^^^^^^^^^^^^
  File "C:\Users\Hp\AppData\Local\Programs\Python\Python314\Lib\socketserver.py", line 845, in write
    self._sock.sendall(b)
    ~~~~~~~~~~~~~~~~~~^^^
ConnectionAbortedError: [WinError 10053] An established connection was aborted by the software in your host machine
----------------------------------------
Traceback (most recent call last):
  File "C:\Users\Hp\Downloads\ecommerce-ai-capstone\public\app.py", line 380, in do_GET
    limit = int(params.get("limit", [100])[0])
                ^^^^^^^^^^^^^^^^^^^^^^
  File "C:\Users\Hp\Downloads\ecommerce-ai-capstone\public\ai_engine.py", line 132, in detect_anomalies
    rows = cur.execute("""
           ~~~~~~~~~~~^^^^
        SELECT ip_address, election_id, COUNT(*) as cnt
        ^^^^^^^^^^^^^^^^^^^^^^^^^^^^^^^^^^^^^^^^^^^^^^^
    ...<3 lines>...
        HAVING cnt > 1
        ^^^^^^^^^^^^^^
    """).fetchall()
    ^^^^
  File "C:\Users\Hp\Downloads\ecommerce-ai-capstone\public\database.py", line 57, in execute
    cur.execute(pg_sql, params)
    ~~~~~~~~~~~^^^^^^^^^^^^^^^^
  File "C:\Users\Hp\AppData\Local\Programs\Python\Python314\Lib\site-packages\psycopg2\extras.py", line 146, in execute
    return super().execute(query, vars)
           ~~~~~~~~~~~~~~~^^^^^^^^^^^^^
psycopg2.errors.UndefinedColumn: column "cnt" does not exist
LINE 6:         HAVING cnt > 1
                       ^

Traceback (most recent call last):
  File "C:\Users\Hp\Downloads\ecommerce-ai-capstone\public\app.py", line 492, in do_GET
    return
  File "C:\Users\Hp\Downloads\ecommerce-ai-capstone\public\app.py", line 154, in send_json
    """
    
  File "C:\Users\Hp\AppData\Local\Programs\Python\Python314\Lib\socketserver.py", line 845, in write
    self._sock.sendall(b)
    ~~~~~~~~~~~~~~~~~~^^^
ConnectionAbortedError: [WinError 10053] An established connection was aborted by the software in your host machine
----------------------------------------
Exception occurred during processing of request from ('127.0.0.1', 55438)
Traceback (most recent call last):
  File "C:\Users\Hp\Downloads\ecommerce-ai-capstone\public\app.py", line 492, in do_GET
    return
  File "C:\Users\Hp\Downloads\ecommerce-ai-capstone\public\app.py", line 154, in send_json
    """
    
  File "C:\Users\Hp\AppData\Local\Programs\Python\Python314\Lib\socketserver.py", line 845, in write
    self._sock.sendall(b)
    ~~~~~~~~~~~~~~~~~~^^^
ConnectionAbortedError: [WinError 10053] An established connection was aborted by the software in your host machine

During handling of the above exception, another exception occurred:

Traceback (most recent call last):
  File "C:\Users\Hp\AppData\Local\Programs\Python\Python314\Lib\socketserver.py", line 318, in _handle_request_noblock
    self.process_request(request, client_address)
    ~~~~~~~~~~~~~~~~~~~~^^^^^^^^^^^^^^^^^^^^^^^^^
  File "C:\Users\Hp\AppData\Local\Programs\Python\Python314\Lib\socketserver.py", line 349, in process_request
    self.finish_request(request, client_address)
    ~~~~~~~~~~~~~~~~~~~^^^^^^^^^^^^^^^^^^^^^^^^^
  File "C:\Users\Hp\AppData\Local\Programs\Python\Python314\Lib\socketserver.py", line 362, in finish_request
    self.RequestHandlerClass(request, client_address, self)
    ~~~~~~~~~~~~~~~~~~~~~~~~^^^^^^^^^^^^^^^^^^^^^^^^^^^^^^^
  File "C:\Users\Hp\Downloads\ecommerce-ai-capstone\public\app.py", line 138, in __init__
    
    winner_text = f"{results['name']} ({results['party']}) won with {results['percentage']}% of the votes!" if results else "No votes cast."
    
  File "C:\Users\Hp\AppData\Local\Programs\Python\Python314\Lib\http\server.py", line 732, in __init__
    super().__init__(*args, **kwargs)
    ~~~~~~~~~~~~~~~~^^^^^^^^^^^^^^^^^
  File "C:\Users\Hp\AppData\Local\Programs\Python\Python314\Lib\socketserver.py", line 766, in __init__
    self.handle()
    ~~~~~~~~~~~^^
  File "C:\Users\Hp\AppData\Local\Programs\Python\Python314\Lib\http\server.py", line 496, in handle
    self.handle_one_request()
    ~~~~~~~~~~~~~~~~~~~~~~~^^
  File "C:\Users\Hp\AppData\Local\Programs\Python\Python314\Lib\http\server.py", line 484, in handle_one_request
    method()
    ~~~~~~^^
  File "C:\Users\Hp\Downloads\ecommerce-ai-capstone\public\app.py", line 633, in do_GET
    )
  File "C:\Users\Hp\Downloads\ecommerce-ai-capstone\public\app.py", line 153, in send_json
    Thank you for participating in VoteSecure's democratic process!
            ^^^^^^^^^^^^^^^^^^
  File "C:\Users\Hp\AppData\Local\Programs\Python\Python314\Lib\http\server.py", line 598, in end_headers
    self.flush_headers()
    ~~~~~~~~~~~~~~~~~~^^
  File "C:\Users\Hp\AppData\Local\Programs\Python\Python314\Lib\http\server.py", line 602, in flush_headers
    self.wfile.write(b"".join(self._headers_buffer))
    ~~~~~~~~~~~~~~~~^^^^^^^^^^^^^^^^^^^^^^^^^^^^^^^^
  File "C:\Users\Hp\AppData\Local\Programs\Python\Python314\Lib\socketserver.py", line 845, in write
    self._sock.sendall(b)
    ~~~~~~~~~~~~~~~~~~^^^
ConnectionAbortedError: [WinError 10053] An established connection was aborted by the software in your host machine
----------------------------------------
Traceback (most recent call last):
  File "C:\Users\Hp\Downloads\ecommerce-ai-capstone\public\app.py", line 492, in do_GET
    return
  File "C:\Users\Hp\Downloads\ecommerce-ai-capstone\public\app.py", line 154, in send_json
    """
    
  File "C:\Users\Hp\AppData\Local\Programs\Python\Python314\Lib\socketserver.py", line 845, in write
    self._sock.sendall(b)
    ~~~~~~~~~~~~~~~~~~^^^
ConnectionAbortedError: [WinError 10053] An established connection was aborted by the software in your host machine
----------------------------------------
Exception occurred during processing of request from ('127.0.0.1', 55187)
Traceback (most recent call last):
  File "C:\Users\Hp\Downloads\ecommerce-ai-capstone\public\app.py", line 492, in do_GET
    return
  File "C:\Users\Hp\Downloads\ecommerce-ai-capstone\public\app.py", line 154, in send_json
    """
    
  File "C:\Users\Hp\AppData\Local\Programs\Python\Python314\Lib\socketserver.py", line 845, in write
    self._sock.sendall(b)
    ~~~~~~~~~~~~~~~~~~^^^
ConnectionAbortedError: [WinError 10053] An established connection was aborted by the software in your host machine

During handling of the above exception, another exception occurred:

Traceback (most recent call last):
  File "C:\Users\Hp\AppData\Local\Programs\Python\Python314\Lib\socketserver.py", line 318, in _handle_request_noblock
    self.process_request(request, client_address)
    ~~~~~~~~~~~~~~~~~~~~^^^^^^^^^^^^^^^^^^^^^^^^^
  File "C:\Users\Hp\AppData\Local\Programs\Python\Python314\Lib\socketserver.py", line 349, in process_request
    self.finish_request(request, client_address)
    ~~~~~~~~~~~~~~~~~~~^^^^^^^^^^^^^^^^^^^^^^^^^
  File "C:\Users\Hp\AppData\Local\Programs\Python\Python314\Lib\socketserver.py", line 362, in finish_request
    self.RequestHandlerClass(request, client_address, self)
    ~~~~~~~~~~~~~~~~~~~~~~~~^^^^^^^^^^^^^^^^^^^^^^^^^^^^^^^
  File "C:\Users\Hp\Downloads\ecommerce-ai-capstone\public\app.py", line 138, in __init__
    
    winner_text = f"{results['name']} ({results['party']}) won with {results['percentage']}% of the votes!" if results else "No votes cast."
    
  File "C:\Users\Hp\AppData\Local\Programs\Python\Python314\Lib\http\server.py", line 732, in __init__
    super().__init__(*args, **kwargs)
    ~~~~~~~~~~~~~~~~^^^^^^^^^^^^^^^^^
  File "C:\Users\Hp\AppData\Local\Programs\Python\Python314\Lib\socketserver.py", line 766, in __init__
    self.handle()
    ~~~~~~~~~~~^^
  File "C:\Users\Hp\AppData\Local\Programs\Python\Python314\Lib\http\server.py", line 496, in handle
    self.handle_one_request()
    ~~~~~~~~~~~~~~~~~~~~~~~^^
  File "C:\Users\Hp\AppData\Local\Programs\Python\Python314\Lib\http\server.py", line 484, in handle_one_request
    method()
    ~~~~~~^^
  File "C:\Users\Hp\Downloads\ecommerce-ai-capstone\public\app.py", line 633, in do_GET
    )
  File "C:\Users\Hp\Downloads\ecommerce-ai-capstone\public\app.py", line 153, in send_json
    Thank you for participating in VoteSecure's democratic process!
            ^^^^^^^^^^^^^^^^^^
  File "C:\Users\Hp\AppData\Local\Programs\Python\Python314\Lib\http\server.py", line 598, in end_headers
    self.flush_headers()
    ~~~~~~~~~~~~~~~~~~^^
  File "C:\Users\Hp\AppData\Local\Programs\Python\Python314\Lib\http\server.py", line 602, in flush_headers
    self.wfile.write(b"".join(self._headers_buffer))
    ~~~~~~~~~~~~~~~~^^^^^^^^^^^^^^^^^^^^^^^^^^^^^^^^
  File "C:\Users\Hp\AppData\Local\Programs\Python\Python314\Lib\socketserver.py", line 845, in write
    self._sock.sendall(b)
    ~~~~~~~~~~~~~~~~~~^^^
ConnectionAbortedError: [WinError 10053] An established connection was aborted by the software in your host machine
----------------------------------------
Traceback (most recent call last):
  File "C:\Users\Hp\Downloads\ecommerce-ai-capstone\public\app.py", line 492, in do_GET
    return
  File "C:\Users\Hp\Downloads\ecommerce-ai-capstone\public\app.py", line 154, in send_json
    """
    
  File "C:\Users\Hp\AppData\Local\Programs\Python\Python314\Lib\socketserver.py", line 845, in write
    self._sock.sendall(b)
    ~~~~~~~~~~~~~~~~~~^^^
ConnectionAbortedError: [WinError 10053] An established connection was aborted by the software in your host machine
----------------------------------------
Exception occurred during processing of request from ('127.0.0.1', 58028)
Traceback (most recent call last):
  File "C:\Users\Hp\Downloads\ecommerce-ai-capstone\public\app.py", line 492, in do_GET
    return
  File "C:\Users\Hp\Downloads\ecommerce-ai-capstone\public\app.py", line 154, in send_json
    """
    
  File "C:\Users\Hp\AppData\Local\Programs\Python\Python314\Lib\socketserver.py", line 845, in write
    self._sock.sendall(b)
    ~~~~~~~~~~~~~~~~~~^^^
ConnectionAbortedError: [WinError 10053] An established connection was aborted by the software in your host machine

During handling of the above exception, another exception occurred:

Traceback (most recent call last):
  File "C:\Users\Hp\AppData\Local\Programs\Python\Python314\Lib\socketserver.py", line 318, in _handle_request_noblock
    self.process_request(request, client_address)
    ~~~~~~~~~~~~~~~~~~~~^^^^^^^^^^^^^^^^^^^^^^^^^
  File "C:\Users\Hp\AppData\Local\Programs\Python\Python314\Lib\socketserver.py", line 349, in process_request
    self.finish_request(request, client_address)
    ~~~~~~~~~~~~~~~~~~~^^^^^^^^^^^^^^^^^^^^^^^^^
  File "C:\Users\Hp\AppData\Local\Programs\Python\Python314\Lib\socketserver.py", line 362, in finish_request
    self.RequestHandlerClass(request, client_address, self)
    ~~~~~~~~~~~~~~~~~~~~~~~~^^^^^^^^^^^^^^^^^^^^^^^^^^^^^^^
  File "C:\Users\Hp\Downloads\ecommerce-ai-capstone\public\app.py", line 138, in __init__
    
    winner_text = f"{results['name']} ({results['party']}) won with {results['percentage']}% of the votes!" if results else "No votes cast."
    
  File "C:\Users\Hp\AppData\Local\Programs\Python\Python314\Lib\http\server.py", line 732, in __init__
    super().__init__(*args, **kwargs)
    ~~~~~~~~~~~~~~~~^^^^^^^^^^^^^^^^^
  File "C:\Users\Hp\AppData\Local\Programs\Python\Python314\Lib\socketserver.py", line 766, in __init__
    self.handle()
    ~~~~~~~~~~~^^
  File "C:\Users\Hp\AppData\Local\Programs\Python\Python314\Lib\http\server.py", line 496, in handle
    self.handle_one_request()
    ~~~~~~~~~~~~~~~~~~~~~~~^^
  File "C:\Users\Hp\AppData\Local\Programs\Python\Python314\Lib\http\server.py", line 484, in handle_one_request
    method()
    ~~~~~~^^
  File "C:\Users\Hp\Downloads\ecommerce-ai-capstone\public\app.py", line 633, in do_GET
    )
  File "C:\Users\Hp\Downloads\ecommerce-ai-capstone\public\app.py", line 153, in send_json
    Thank you for participating in VoteSecure's democratic process!
            ^^^^^^^^^^^^^^^^^^
  File "C:\Users\Hp\AppData\Local\Programs\Python\Python314\Lib\http\server.py", line 598, in end_headers
    self.flush_headers()
    ~~~~~~~~~~~~~~~~~~^^
  File "C:\Users\Hp\AppData\Local\Programs\Python\Python314\Lib\http\server.py", line 602, in flush_headers
    self.wfile.write(b"".join(self._headers_buffer))
    ~~~~~~~~~~~~~~~~^^^^^^^^^^^^^^^^^^^^^^^^^^^^^^^^
  File "C:\Users\Hp\AppData\Local\Programs\Python\Python314\Lib\socketserver.py", line 845, in write
    self._sock.sendall(b)
    ~~~~~~~~~~~~~~~~~~^^^
ConnectionAbortedError: [WinError 10053] An established connection was aborted by the software in your host machine
----------------------------------------
Traceback (most recent call last):
  File "C:\Users\Hp\Downloads\ecommerce-ai-capstone\public\app.py", line 380, in do_GET
    limit = int(params.get("limit", [100])[0])
                ^^^^^^^^^^^^^^^^^^^^^^
  File "C:\Users\Hp\Downloads\ecommerce-ai-capstone\public\ai_engine.py", line 132, in detect_anomalies
    rows = cur.execute("""
           ~~~~~~~~~~~^^^^
        SELECT ip_address, election_id, COUNT(*) as cnt
        ^^^^^^^^^^^^^^^^^^^^^^^^^^^^^^^^^^^^^^^^^^^^^^^
    ...<3 lines>...
        HAVING cnt > 1
        ^^^^^^^^^^^^^^
    """).fetchall()
    ^^^^
  File "C:\Users\Hp\Downloads\ecommerce-ai-capstone\public\database.py", line 57, in execute
    cur.execute(pg_sql, params)
    ~~~~~~~~~~~^^^^^^^^^^^^^^^^
  File "C:\Users\Hp\AppData\Local\Programs\Python\Python314\Lib\site-packages\psycopg2\extras.py", line 146, in execute
    return super().execute(query, vars)
           ~~~~~~~~~~~~~~~^^^^^^^^^^^^^
psycopg2.errors.UndefinedColumn: column "cnt" does not exist
LINE 6:         HAVING cnt > 1
                       ^

----------------------------------------
Exception occurred during processing of request from ('127.0.0.1', 61157)
Traceback (most recent call last):
  File "C:\Users\Hp\Downloads\ecommerce-ai-capstone\public\app.py", line 380, in do_GET
    limit = int(params.get("limit", [100])[0])
                ^^^^^^^^^^^^^^^^^^^^^^
  File "C:\Users\Hp\Downloads\ecommerce-ai-capstone\public\ai_engine.py", line 132, in detect_anomalies
    rows = cur.execute("""
           ~~~~~~~~~~~^^^^
        SELECT ip_address, election_id, COUNT(*) as cnt
        ^^^^^^^^^^^^^^^^^^^^^^^^^^^^^^^^^^^^^^^^^^^^^^^
    ...<3 lines>...
        HAVING cnt > 1
        ^^^^^^^^^^^^^^
    """).fetchall()
    ^^^^
  File "C:\Users\Hp\Downloads\ecommerce-ai-capstone\public\database.py", line 57, in execute
    cur.execute(pg_sql, params)
    ~~~~~~~~~~~^^^^^^^^^^^^^^^^
  File "C:\Users\Hp\AppData\Local\Programs\Python\Python314\Lib\site-packages\psycopg2\extras.py", line 146, in execute
    return super().execute(query, vars)
           ~~~~~~~~~~~~~~~^^^^^^^^^^^^^
psycopg2.errors.UndefinedColumn: column "cnt" does not exist
LINE 6:         HAVING cnt > 1
                       ^


During handling of the above exception, another exception occurred:

Traceback (most recent call last):
  File "C:\Users\Hp\AppData\Local\Programs\Python\Python314\Lib\socketserver.py", line 318, in _handle_request_noblock
    self.process_request(request, client_address)
    ~~~~~~~~~~~~~~~~~~~~^^^^^^^^^^^^^^^^^^^^^^^^^
  File "C:\Users\Hp\AppData\Local\Programs\Python\Python314\Lib\socketserver.py", line 349, in process_request
    self.finish_request(request, client_address)
    ~~~~~~~~~~~~~~~~~~~^^^^^^^^^^^^^^^^^^^^^^^^^
  File "C:\Users\Hp\AppData\Local\Programs\Python\Python314\Lib\socketserver.py", line 362, in finish_request
    self.RequestHandlerClass(request, client_address, self)
    ~~~~~~~~~~~~~~~~~~~~~~~~^^^^^^^^^^^^^^^^^^^^^^^^^^^^^^^
  File "C:\Users\Hp\Downloads\ecommerce-ai-capstone\public\app.py", line 138, in __init__
    
    winner_text = f"{results['name']} ({results['party']}) won with {results['percentage']}% of the votes!" if results else "No votes cast."
    
  File "C:\Users\Hp\AppData\Local\Programs\Python\Python314\Lib\http\server.py", line 732, in __init__
    super().__init__(*args, **kwargs)
    ~~~~~~~~~~~~~~~~^^^^^^^^^^^^^^^^^
  File "C:\Users\Hp\AppData\Local\Programs\Python\Python314\Lib\socketserver.py", line 766, in __init__
    self.handle()
    ~~~~~~~~~~~^^
  File "C:\Users\Hp\AppData\Local\Programs\Python\Python314\Lib\http\server.py", line 496, in handle
    self.handle_one_request()
    ~~~~~~~~~~~~~~~~~~~~~~~^^
  File "C:\Users\Hp\AppData\Local\Programs\Python\Python314\Lib\http\server.py", line 484, in handle_one_request
    method()
    ~~~~~~^^
  File "C:\Users\Hp\Downloads\ecommerce-ai-capstone\public\app.py", line 633, in do_GET
    )
  File "C:\Users\Hp\Downloads\ecommerce-ai-capstone\public\app.py", line 154, in send_json
    """
    
  File "C:\Users\Hp\AppData\Local\Programs\Python\Python314\Lib\socketserver.py", line 845, in write
    self._sock.sendall(b)
    ~~~~~~~~~~~~~~~~~~^^^
ConnectionAbortedError: [WinError 10053] An established connection was aborted by the software in your host machine
----------------------------------------
Traceback (most recent call last):
  File "C:\Users\Hp\Downloads\ecommerce-ai-capstone\public\app.py", line 492, in do_GET
    return
  File "C:\Users\Hp\Downloads\ecommerce-ai-capstone\public\app.py", line 154, in send_json
    """
    
  File "C:\Users\Hp\AppData\Local\Programs\Python\Python314\Lib\socketserver.py", line 845, in write
    self._sock.sendall(b)
    ~~~~~~~~~~~~~~~~~~^^^
ConnectionAbortedError: [WinError 10053] An established connection was aborted by the software in your host machine
----------------------------------------
Exception occurred during processing of request from ('127.0.0.1', 63283)
Traceback (most recent call last):
  File "C:\Users\Hp\Downloads\ecommerce-ai-capstone\public\app.py", line 492, in do_GET
    return
  File "C:\Users\Hp\Downloads\ecommerce-ai-capstone\public\app.py", line 154, in send_json
    """
    
  File "C:\Users\Hp\AppData\Local\Programs\Python\Python314\Lib\socketserver.py", line 845, in write
    self._sock.sendall(b)
    ~~~~~~~~~~~~~~~~~~^^^
ConnectionAbortedError: [WinError 10053] An established connection was aborted by the software in your host machine

During handling of the above exception, another exception occurred:

Traceback (most recent call last):
  File "C:\Users\Hp\AppData\Local\Programs\Python\Python314\Lib\socketserver.py", line 318, in _handle_request_noblock
    self.process_request(request, client_address)
    ~~~~~~~~~~~~~~~~~~~~^^^^^^^^^^^^^^^^^^^^^^^^^
  File "C:\Users\Hp\AppData\Local\Programs\Python\Python314\Lib\socketserver.py", line 349, in process_request
    self.finish_request(request, client_address)
    ~~~~~~~~~~~~~~~~~~~^^^^^^^^^^^^^^^^^^^^^^^^^
  File "C:\Users\Hp\AppData\Local\Programs\Python\Python314\Lib\socketserver.py", line 362, in finish_request
    self.RequestHandlerClass(request, client_address, self)
    ~~~~~~~~~~~~~~~~~~~~~~~~^^^^^^^^^^^^^^^^^^^^^^^^^^^^^^^
  File "C:\Users\Hp\Downloads\ecommerce-ai-capstone\public\app.py", line 138, in __init__
    
    winner_text = f"{results['name']} ({results['party']}) won with {results['percentage']}% of the votes!" if results else "No votes cast."
    
  File "C:\Users\Hp\AppData\Local\Programs\Python\Python314\Lib\http\server.py", line 732, in __init__
    super().__init__(*args, **kwargs)
    ~~~~~~~~~~~~~~~~^^^^^^^^^^^^^^^^^
  File "C:\Users\Hp\AppData\Local\Programs\Python\Python314\Lib\socketserver.py", line 766, in __init__
    self.handle()
    ~~~~~~~~~~~^^
  File "C:\Users\Hp\AppData\Local\Programs\Python\Python314\Lib\http\server.py", line 496, in handle
    self.handle_one_request()
    ~~~~~~~~~~~~~~~~~~~~~~~^^
  File "C:\Users\Hp\AppData\Local\Programs\Python\Python314\Lib\http\server.py", line 484, in handle_one_request
    method()
    ~~~~~~^^
  File "C:\Users\Hp\Downloads\ecommerce-ai-capstone\public\app.py", line 633, in do_GET
    )
  File "C:\Users\Hp\Downloads\ecommerce-ai-capstone\public\app.py", line 153, in send_json
    Thank you for participating in VoteSecure's democratic process!
            ^^^^^^^^^^^^^^^^^^
  File "C:\Users\Hp\AppData\Local\Programs\Python\Python314\Lib\http\server.py", line 598, in end_headers
    self.flush_headers()
    ~~~~~~~~~~~~~~~~~~^^
  File "C:\Users\Hp\AppData\Local\Programs\Python\Python314\Lib\http\server.py", line 602, in flush_headers
    self.wfile.write(b"".join(self._headers_buffer))
    ~~~~~~~~~~~~~~~~^^^^^^^^^^^^^^^^^^^^^^^^^^^^^^^^
  File "C:\Users\Hp\AppData\Local\Programs\Python\Python314\Lib\socketserver.py", line 845, in write
    self._sock.sendall(b)
    ~~~~~~~~~~~~~~~~~~^^^
ConnectionAbortedError: [WinError 10053] An established connection was aborted by the software in your host machine
----------------------------------------
Traceback (most recent call last):
  File "C:\Users\Hp\Downloads\ecommerce-ai-capstone\public\app.py", line 492, in do_GET
    return
  File "C:\Users\Hp\Downloads\ecommerce-ai-capstone\public\app.py", line 154, in send_json
    """
    
  File "C:\Users\Hp\AppData\Local\Programs\Python\Python314\Lib\socketserver.py", line 845, in write
    self._sock.sendall(b)
    ~~~~~~~~~~~~~~~~~~^^^
ConnectionAbortedError: [WinError 10053] An established connection was aborted by the software in your host machine
----------------------------------------
Exception occurred during processing of request from ('127.0.0.1', 50428)
Traceback (most recent call last):
  File "C:\Users\Hp\Downloads\ecommerce-ai-capstone\public\app.py", line 492, in do_GET
    return
  File "C:\Users\Hp\Downloads\ecommerce-ai-capstone\public\app.py", line 154, in send_json
    """
    
  File "C:\Users\Hp\AppData\Local\Programs\Python\Python314\Lib\socketserver.py", line 845, in write
    self._sock.sendall(b)
    ~~~~~~~~~~~~~~~~~~^^^
ConnectionAbortedError: [WinError 10053] An established connection was aborted by the software in your host machine

During handling of the above exception, another exception occurred:

Traceback (most recent call last):
  File "C:\Users\Hp\AppData\Local\Programs\Python\Python314\Lib\socketserver.py", line 318, in _handle_request_noblock
    self.process_request(request, client_address)
    ~~~~~~~~~~~~~~~~~~~~^^^^^^^^^^^^^^^^^^^^^^^^^
  File "C:\Users\Hp\AppData\Local\Programs\Python\Python314\Lib\socketserver.py", line 349, in process_request
    self.finish_request(request, client_address)
    ~~~~~~~~~~~~~~~~~~~^^^^^^^^^^^^^^^^^^^^^^^^^
  File "C:\Users\Hp\AppData\Local\Programs\Python\Python314\Lib\socketserver.py", line 362, in finish_request
    self.RequestHandlerClass(request, client_address, self)
    ~~~~~~~~~~~~~~~~~~~~~~~~^^^^^^^^^^^^^^^^^^^^^^^^^^^^^^^
  File "C:\Users\Hp\Downloads\ecommerce-ai-capstone\public\app.py", line 138, in __init__
    
    winner_text = f"{results['name']} ({results['party']}) won with {results['percentage']}% of the votes!" if results else "No votes cast."
    
  File "C:\Users\Hp\AppData\Local\Programs\Python\Python314\Lib\http\server.py", line 732, in __init__
    super().__init__(*args, **kwargs)
    ~~~~~~~~~~~~~~~~^^^^^^^^^^^^^^^^^
  File "C:\Users\Hp\AppData\Local\Programs\Python\Python314\Lib\socketserver.py", line 766, in __init__
    self.handle()
    ~~~~~~~~~~~^^
  File "C:\Users\Hp\AppData\Local\Programs\Python\Python314\Lib\http\server.py", line 496, in handle
    self.handle_one_request()
    ~~~~~~~~~~~~~~~~~~~~~~~^^
  File "C:\Users\Hp\AppData\Local\Programs\Python\Python314\Lib\http\server.py", line 484, in handle_one_request
    method()
    ~~~~~~^^
  File "C:\Users\Hp\Downloads\ecommerce-ai-capstone\public\app.py", line 633, in do_GET
    )
  File "C:\Users\Hp\Downloads\ecommerce-ai-capstone\public\app.py", line 153, in send_json
    Thank you for participating in VoteSecure's democratic process!
            ^^^^^^^^^^^^^^^^^^
  File "C:\Users\Hp\AppData\Local\Programs\Python\Python314\Lib\http\server.py", line 598, in end_headers
    self.flush_headers()
    ~~~~~~~~~~~~~~~~~~^^
  File "C:\Users\Hp\AppData\Local\Programs\Python\Python314\Lib\http\server.py", line 602, in flush_headers
    self.wfile.write(b"".join(self._headers_buffer))
    ~~~~~~~~~~~~~~~~^^^^^^^^^^^^^^^^^^^^^^^^^^^^^^^^
  File "C:\Users\Hp\AppData\Local\Programs\Python\Python314\Lib\socketserver.py", line 845, in write
    self._sock.sendall(b)
    ~~~~~~~~~~~~~~~~~~^^^
ConnectionAbortedError: [WinError 10053] An established connection was aborted by the software in your host machine
----------------------------------------
Traceback (most recent call last):
  File "C:\Users\Hp\Downloads\ecommerce-ai-capstone\public\app.py", line 380, in do_GET
    limit = int(params.get("limit", [100])[0])
                ^^^^^^^^^^^^^^^^^^^^^^
  File "C:\Users\Hp\Downloads\ecommerce-ai-capstone\public\ai_engine.py", line 132, in detect_anomalies
    rows = cur.execute("""
           ~~~~~~~~~~~^^^^
        SELECT ip_address, election_id, COUNT(*) as cnt
        ^^^^^^^^^^^^^^^^^^^^^^^^^^^^^^^^^^^^^^^^^^^^^^^
    ...<3 lines>...
        HAVING cnt > 1
        ^^^^^^^^^^^^^^
    """).fetchall()
    ^^^^
  File "C:\Users\Hp\Downloads\ecommerce-ai-capstone\public\database.py", line 57, in execute
    cur.execute(pg_sql, params)
    ~~~~~~~~~~~^^^^^^^^^^^^^^^^
  File "C:\Users\Hp\AppData\Local\Programs\Python\Python314\Lib\site-packages\psycopg2\extras.py", line 146, in execute
    return super().execute(query, vars)
           ~~~~~~~~~~~~~~~^^^^^^^^^^^^^
psycopg2.errors.UndefinedColumn: column "cnt" does not exist
LINE 6:         HAVING cnt > 1
                       ^

Traceback (most recent call last):
  File "C:\Users\Hp\Downloads\ecommerce-ai-capstone\public\app.py", line 930, in do_POST
    expires = (datetime.now() + timedelta(minutes=10)).strftime("%Y-%m-%d %H:%M:%S")
                                                                   ^^^^^^^^^^^^^
  File "C:\Users\Hp\Downloads\ecommerce-ai-capstone\public\database.py", line 82, in lastrowid
    res = self._last_cur.fetchone()
  File "C:\Users\Hp\AppData\Local\Programs\Python\Python314\Lib\site-packages\psycopg2\extras.py", line 82, in fetchone
    res = super().fetchone()
psycopg2.ProgrammingError: no results to fetch
Traceback (most recent call last):
  File "C:\Users\Hp\Downloads\ecommerce-ai-capstone\public\app.py", line 930, in do_POST
    expires = (datetime.now() + timedelta(minutes=10)).strftime("%Y-%m-%d %H:%M:%S")
                                                                   ^^^^^^^^^^^^^
  File "C:\Users\Hp\Downloads\ecommerce-ai-capstone\public\database.py", line 82, in lastrowid
    res = self._last_cur.fetchone()
  File "C:\Users\Hp\AppData\Local\Programs\Python\Python314\Lib\site-packages\psycopg2\extras.py", line 82, in fetchone
    res = super().fetchone()
psycopg2.ProgrammingError: no results to fetch
Traceback (most recent call last):
  File "C:\Users\Hp\Downloads\ecommerce-ai-capstone\public\app.py", line 930, in do_POST
    expires = (datetime.now() + timedelta(minutes=10)).strftime("%Y-%m-%d %H:%M:%S")
                                                                   ^^^^^^^^^^^^^
  File "C:\Users\Hp\Downloads\ecommerce-ai-capstone\public\database.py", line 82, in lastrowid
    res = self._last_cur.fetchone()
  File "C:\Users\Hp\AppData\Local\Programs\Python\Python314\Lib\site-packages\psycopg2\extras.py", line 82, in fetchone
    res = super().fetchone()
psycopg2.ProgrammingError: no results to fetch
Traceback (most recent call last):
  File "C:\Users\Hp\Downloads\ecommerce-ai-capstone\public\app.py", line 930, in do_POST
    expires = (datetime.now() + timedelta(minutes=10)).strftime("%Y-%m-%d %H:%M:%S")
                                                                   ^^^^^^^^^^^^^
  File "C:\Users\Hp\Downloads\ecommerce-ai-capstone\public\database.py", line 82, in lastrowid
    res = self._last_cur.fetchone()
  File "C:\Users\Hp\AppData\Local\Programs\Python\Python314\Lib\site-packages\psycopg2\extras.py", line 82, in fetchone
    res = super().fetchone()
psycopg2.ProgrammingError: no results to fetch
Traceback (most recent call last):
  File "C:\Users\Hp\Downloads\ecommerce-ai-capstone\public\app.py", line 930, in do_POST
    expires = (datetime.now() + timedelta(minutes=10)).strftime("%Y-%m-%d %H:%M:%S")
                                                                   ^^^^^^^^^^^^^
  File "C:\Users\Hp\Downloads\ecommerce-ai-capstone\public\database.py", line 82, in lastrowid
    res = self._last_cur.fetchone()
  File "C:\Users\Hp\AppData\Local\Programs\Python\Python314\Lib\site-packages\psycopg2\extras.py", line 82, in fetchone
    res = super().fetchone()
psycopg2.ProgrammingError: no results to fetch
Traceback (most recent call last):
  File "C:\Users\Hp\Downloads\ecommerce-ai-capstone\public\app.py", line 930, in do_POST
    expires = (datetime.now() + timedelta(minutes=10)).strftime("%Y-%m-%d %H:%M:%S")
                                                                   ^^^^^^^^^^^^^
  File "C:\Users\Hp\Downloads\ecommerce-ai-capstone\public\database.py", line 82, in lastrowid
    res = self._last_cur.fetchone()
  File "C:\Users\Hp\AppData\Local\Programs\Python\Python314\Lib\site-packages\psycopg2\extras.py", line 82, in fetchone
    res = super().fetchone()
psycopg2.ProgrammingError: no results to fetch
Traceback (most recent call last):
  File "C:\Users\Hp\Downloads\ecommerce-ai-capstone\public\app.py", line 930, in do_POST
    expires = (datetime.now() + timedelta(minutes=10)).strftime("%Y-%m-%d %H:%M:%S")
                                                                   ^^^^^^^^^^^^^
  File "C:\Users\Hp\Downloads\ecommerce-ai-capstone\public\database.py", line 82, in lastrowid
    res = self._last_cur.fetchone()
  File "C:\Users\Hp\AppData\Local\Programs\Python\Python314\Lib\site-packages\psycopg2\extras.py", line 82, in fetchone
    res = super().fetchone()
psycopg2.ProgrammingError: no results to fetch
Traceback (most recent call last):
  File "C:\Users\Hp\Downloads\ecommerce-ai-capstone\public\app.py", line 930, in do_POST
    expires = (datetime.now() + timedelta(minutes=10)).strftime("%Y-%m-%d %H:%M:%S")
                                                                   ^^^^^^^^^^^^^
  File "C:\Users\Hp\Downloads\ecommerce-ai-capstone\public\database.py", line 82, in lastrowid
    res = self._last_cur.fetchone()
  File "C:\Users\Hp\AppData\Local\Programs\Python\Python314\Lib\site-packages\psycopg2\extras.py", line 82, in fetchone
    res = super().fetchone()
psycopg2.ProgrammingError: no results to fetch
Traceback (most recent call last):
  File "C:\Users\Hp\Downloads\ecommerce-ai-capstone\public\app.py", line 930, in do_POST
    expires = (datetime.now() + timedelta(minutes=10)).strftime("%Y-%m-%d %H:%M:%S")
                                                                   ^^^^^^^^^^^^^
  File "C:\Users\Hp\Downloads\ecommerce-ai-capstone\public\database.py", line 82, in lastrowid
    res = self._last_cur.fetchone()
  File "C:\Users\Hp\AppData\Local\Programs\Python\Python314\Lib\site-packages\psycopg2\extras.py", line 82, in fetchone
    res = super().fetchone()
psycopg2.ProgrammingError: no results to fetch
Traceback (most recent call last):
  File "C:\Users\Hp\Downloads\ecommerce-ai-capstone\public\app.py", line 930, in do_POST
    expires = (datetime.now() + timedelta(minutes=10)).strftime("%Y-%m-%d %H:%M:%S")
                                                                   ^^^^^^^^^^^^^
  File "C:\Users\Hp\Downloads\ecommerce-ai-capstone\public\database.py", line 82, in lastrowid
    res = self._last_cur.fetchone()
  File "C:\Users\Hp\AppData\Local\Programs\Python\Python314\Lib\site-packages\psycopg2\extras.py", line 82, in fetchone
    res = super().fetchone()
psycopg2.ProgrammingError: no results to fetch
Traceback (most recent call last):
  File "C:\Users\Hp\Downloads\ecommerce-ai-capstone\public\app.py", line 930, in do_POST
    expires = (datetime.now() + timedelta(minutes=10)).strftime("%Y-%m-%d %H:%M:%S")
                                                                   ^^^^^^^^^^^^^
  File "C:\Users\Hp\Downloads\ecommerce-ai-capstone\public\database.py", line 82, in lastrowid
    res = self._last_cur.fetchone()
  File "C:\Users\Hp\AppData\Local\Programs\Python\Python314\Lib\site-packages\psycopg2\extras.py", line 82, in fetchone
    res = super().fetchone()
psycopg2.ProgrammingError: no results to fetch
Traceback (most recent call last):
  File "C:\Users\Hp\Downloads\ecommerce-ai-capstone\public\app.py", line 930, in do_POST
    expires = (datetime.now() + timedelta(minutes=10)).strftime("%Y-%m-%d %H:%M:%S")
                                                                   ^^^^^^^^^^^^^
  File "C:\Users\Hp\Downloads\ecommerce-ai-capstone\public\database.py", line 82, in lastrowid
    res = self._last_cur.fetchone()
  File "C:\Users\Hp\AppData\Local\Programs\Python\Python314\Lib\site-packages\psycopg2\extras.py", line 82, in fetchone
    res = super().fetchone()
psycopg2.ProgrammingError: no results to fetch
Traceback (most recent call last):
  File "C:\Users\Hp\Downloads\ecommerce-ai-capstone\public\app.py", line 930, in do_POST
    expires = (datetime.now() + timedelta(minutes=10)).strftime("%Y-%m-%d %H:%M:%S")
                                                                   ^^^^^^^^^^^^^
  File "C:\Users\Hp\Downloads\ecommerce-ai-capstone\public\database.py", line 82, in lastrowid
    res = self._last_cur.fetchone()
  File "C:\Users\Hp\AppData\Local\Programs\Python\Python314\Lib\site-packages\psycopg2\extras.py", line 82, in fetchone
    res = super().fetchone()
psycopg2.ProgrammingError: no results to fetch
Traceback (most recent call last):
  File "C:\Users\Hp\Downloads\ecommerce-ai-capstone\public\app.py", line 930, in do_POST
    expires = (datetime.now() + timedelta(minutes=10)).strftime("%Y-%m-%d %H:%M:%S")
                                                                   ^^^^^^^^^^^^^
  File "C:\Users\Hp\Downloads\ecommerce-ai-capstone\public\database.py", line 82, in lastrowid
    res = self._last_cur.fetchone()
  File "C:\Users\Hp\AppData\Local\Programs\Python\Python314\Lib\site-packages\psycopg2\extras.py", line 82, in fetchone
    res = super().fetchone()
psycopg2.ProgrammingError: no results to fetch
Traceback (most recent call last):
  File "C:\Users\Hp\Downloads\ecommerce-ai-capstone\public\app.py", line 930, in do_POST
    expires = (datetime.now() + timedelta(minutes=10)).strftime("%Y-%m-%d %H:%M:%S")
                                                                   ^^^^^^^^^^^^^
  File "C:\Users\Hp\Downloads\ecommerce-ai-capstone\public\database.py", line 82, in lastrowid
    res = self._last_cur.fetchone()
  File "C:\Users\Hp\AppData\Local\Programs\Python\Python314\Lib\site-packages\psycopg2\extras.py", line 82, in fetchone
    res = super().fetchone()
psycopg2.ProgrammingError: no results to fetch
Traceback (most recent call last):
  File "C:\Users\Hp\Downloads\ecommerce-ai-capstone\public\app.py", line 930, in do_POST
    expires = (datetime.now() + timedelta(minutes=10)).strftime("%Y-%m-%d %H:%M:%S")
                                                                   ^^^^^^^^^^^^^
  File "C:\Users\Hp\Downloads\ecommerce-ai-capstone\public\database.py", line 82, in lastrowid
    res = self._last_cur.fetchone()
  File "C:\Users\Hp\AppData\Local\Programs\Python\Python314\Lib\site-packages\psycopg2\extras.py", line 82, in fetchone
    res = super().fetchone()
psycopg2.ProgrammingError: no results to fetch
Traceback (most recent call last):
  File "C:\Users\Hp\Downloads\ecommerce-ai-capstone\public\app.py", line 930, in do_POST
    expires = (datetime.now() + timedelta(minutes=10)).strftime("%Y-%m-%d %H:%M:%S")
                                                                   ^^^^^^^^^^^^^
  File "C:\Users\Hp\Downloads\ecommerce-ai-capstone\public\database.py", line 82, in lastrowid
    res = self._last_cur.fetchone()
  File "C:\Users\Hp\AppData\Local\Programs\Python\Python314\Lib\site-packages\psycopg2\extras.py", line 82, in fetchone
    res = super().fetchone()
psycopg2.ProgrammingError: no results to fetch
Traceback (most recent call last):
  File "C:\Users\Hp\Downloads\ecommerce-ai-capstone\public\app.py", line 930, in do_POST
    expires = (datetime.now() + timedelta(minutes=10)).strftime("%Y-%m-%d %H:%M:%S")
                                                                   ^^^^^^^^^^^^^
  File "C:\Users\Hp\Downloads\ecommerce-ai-capstone\public\database.py", line 82, in lastrowid
    res = self._last_cur.fetchone()
  File "C:\Users\Hp\AppData\Local\Programs\Python\Python314\Lib\site-packages\psycopg2\extras.py", line 82, in fetchone
    res = super().fetchone()
psycopg2.ProgrammingError: no results to fetch
Traceback (most recent call last):
  File "C:\Users\Hp\Downloads\ecommerce-ai-capstone\public\app.py", line 930, in do_POST
    expires = (datetime.now() + timedelta(minutes=10)).strftime("%Y-%m-%d %H:%M:%S")
                                                                   ^^^^^^^^^^^^^
  File "C:\Users\Hp\Downloads\ecommerce-ai-capstone\public\database.py", line 82, in lastrowid
    res = self._last_cur.fetchone()
  File "C:\Users\Hp\AppData\Local\Programs\Python\Python314\Lib\site-packages\psycopg2\extras.py", line 82, in fetchone
    res = super().fetchone()
psycopg2.ProgrammingError: no results to fetch
Traceback (most recent call last):
  File "C:\Users\Hp\Downloads\ecommerce-ai-capstone\public\app.py", line 930, in do_POST
    expires = (datetime.now() + timedelta(minutes=10)).strftime("%Y-%m-%d %H:%M:%S")
                                                                   ^^^^^^^^^^^^^
  File "C:\Users\Hp\Downloads\ecommerce-ai-capstone\public\database.py", line 82, in lastrowid
    res = self._last_cur.fetchone()
  File "C:\Users\Hp\AppData\Local\Programs\Python\Python314\Lib\site-packages\psycopg2\extras.py", line 82, in fetchone
    res = super().fetchone()
psycopg2.ProgrammingError: no results to fetch
Traceback (most recent call last):
  File "C:\Users\Hp\Downloads\ecommerce-ai-capstone\public\app.py", line 930, in do_POST
    expires = (datetime.now() + timedelta(minutes=10)).strftime("%Y-%m-%d %H:%M:%S")
                                                                   ^^^^^^^^^^^^^
  File "C:\Users\Hp\Downloads\ecommerce-ai-capstone\public\database.py", line 82, in lastrowid
    res = self._last_cur.fetchone()
  File "C:\Users\Hp\AppData\Local\Programs\Python\Python314\Lib\site-packages\psycopg2\extras.py", line 82, in fetchone
    res = super().fetchone()
psycopg2.ProgrammingError: no results to fetch
Traceback (most recent call last):
  File "C:\Users\Hp\Downloads\ecommerce-ai-capstone\public\app.py", line 930, in do_POST
    expires = (datetime.now() + timedelta(minutes=10)).strftime("%Y-%m-%d %H:%M:%S")
                                                                   ^^^^^^^^^^^^^
  File "C:\Users\Hp\Downloads\ecommerce-ai-capstone\public\database.py", line 82, in lastrowid
    res = self._last_cur.fetchone()
  File "C:\Users\Hp\AppData\Local\Programs\Python\Python314\Lib\site-packages\psycopg2\extras.py", line 82, in fetchone
    res = super().fetchone()
psycopg2.ProgrammingError: no results to fetch
Traceback (most recent call last):
  File "C:\Users\Hp\Downloads\ecommerce-ai-capstone\public\app.py", line 930, in do_POST
    expires = (datetime.now() + timedelta(minutes=10)).strftime("%Y-%m-%d %H:%M:%S")
                                                                   ^^^^^^^^^^^^^
  File "C:\Users\Hp\Downloads\ecommerce-ai-capstone\public\database.py", line 82, in lastrowid
    res = self._last_cur.fetchone()
  File "C:\Users\Hp\AppData\Local\Programs\Python\Python314\Lib\site-packages\psycopg2\extras.py", line 82, in fetchone
    res = super().fetchone()
psycopg2.ProgrammingError: no results to fetch
Traceback (most recent call last):
  File "C:\Users\Hp\Downloads\ecommerce-ai-capstone\public\app.py", line 930, in do_POST
    expires = (datetime.now() + timedelta(minutes=10)).strftime("%Y-%m-%d %H:%M:%S")
                                                                   ^^^^^^^^^^^^^
  File "C:\Users\Hp\Downloads\ecommerce-ai-capstone\public\database.py", line 82, in lastrowid
    res = self._last_cur.fetchone()
  File "C:\Users\Hp\AppData\Local\Programs\Python\Python314\Lib\site-packages\psycopg2\extras.py", line 82, in fetchone
    res = super().fetchone()
psycopg2.ProgrammingError: no results to fetch
Traceback (most recent call last):
  File "C:\Users\Hp\Downloads\ecommerce-ai-capstone\public\app.py", line 930, in do_POST
    expires = (datetime.now() + timedelta(minutes=10)).strftime("%Y-%m-%d %H:%M:%S")
                                                                   ^^^^^^^^^^^^^
  File "C:\Users\Hp\Downloads\ecommerce-ai-capstone\public\database.py", line 82, in lastrowid
    res = self._last_cur.fetchone()
  File "C:\Users\Hp\AppData\Local\Programs\Python\Python314\Lib\site-packages\psycopg2\extras.py", line 82, in fetchone
    res = super().fetchone()
psycopg2.ProgrammingError: no results to fetch
Traceback (most recent call last):
  File "C:\Users\Hp\Downloads\ecommerce-ai-capstone\public\app.py", line 930, in do_POST
    expires = (datetime.now() + timedelta(minutes=10)).strftime("%Y-%m-%d %H:%M:%S")
                                                                   ^^^^^^^^^^^^^
  File "C:\Users\Hp\Downloads\ecommerce-ai-capstone\public\database.py", line 82, in lastrowid
    res = self._last_cur.fetchone()
  File "C:\Users\Hp\AppData\Local\Programs\Python\Python314\Lib\site-packages\psycopg2\extras.py", line 82, in fetchone
    res = super().fetchone()
psycopg2.ProgrammingError: no results to fetch
Traceback (most recent call last):
  File "C:\Users\Hp\Downloads\ecommerce-ai-capstone\public\app.py", line 930, in do_POST
    expires = (datetime.now() + timedelta(minutes=10)).strftime("%Y-%m-%d %H:%M:%S")
                                                                   ^^^^^^^^^^^^^
  File "C:\Users\Hp\Downloads\ecommerce-ai-capstone\public\database.py", line 82, in lastrowid
    res = self._last_cur.fetchone()
  File "C:\Users\Hp\AppData\Local\Programs\Python\Python314\Lib\site-packages\psycopg2\extras.py", line 82, in fetchone
    res = super().fetchone()
psycopg2.ProgrammingError: no results to fetch
Traceback (most recent call last):
  File "C:\Users\Hp\Downloads\ecommerce-ai-capstone\public\app.py", line 930, in do_POST
    expires = (datetime.now() + timedelta(minutes=10)).strftime("%Y-%m-%d %H:%M:%S")
                                                                   ^^^^^^^^^^^^^
  File "C:\Users\Hp\Downloads\ecommerce-ai-capstone\public\database.py", line 82, in lastrowid
    res = self._last_cur.fetchone()
  File "C:\Users\Hp\AppData\Local\Programs\Python\Python314\Lib\site-packages\psycopg2\extras.py", line 82, in fetchone
    res = super().fetchone()
psycopg2.ProgrammingError: no results to fetch
Traceback (most recent call last):
  File "C:\Users\Hp\Downloads\ecommerce-ai-capstone\public\app.py", line 930, in do_POST
    expires = (datetime.now() + timedelta(minutes=10)).strftime("%Y-%m-%d %H:%M:%S")
                                                                   ^^^^^^^^^^^^^
  File "C:\Users\Hp\Downloads\ecommerce-ai-capstone\public\database.py", line 82, in lastrowid
    res = self._last_cur.fetchone()
  File "C:\Users\Hp\AppData\Local\Programs\Python\Python314\Lib\site-packages\psycopg2\extras.py", line 82, in fetchone
    res = super().fetchone()
psycopg2.ProgrammingError: no results to fetch
Traceback (most recent call last):
  File "C:\Users\Hp\Downloads\ecommerce-ai-capstone\public\app.py", line 217, in do_GET
    return json.loads(self.rfile.read(length))
        ^^^^^^^^^^^^^^^^^^^^^^^^^^^^^^^^^^^^^^
  File "C:\Users\Hp\Downloads\ecommerce-ai-capstone\public\app.py", line 154, in send_json
    """
    
  File "C:\Users\Hp\AppData\Local\Programs\Python\Python314\Lib\socketserver.py", line 845, in write
    self._sock.sendall(b)
    ~~~~~~~~~~~~~~~~~~^^^
ConnectionAbortedError: [WinError 10053] An established connection was aborted by the software in your host machine
----------------------------------------
Exception occurred during processing of request from ('127.0.0.1', 50799)
Traceback (most recent call last):
  File "C:\Users\Hp\Downloads\ecommerce-ai-capstone\public\app.py", line 217, in do_GET
    return json.loads(self.rfile.read(length))
        ^^^^^^^^^^^^^^^^^^^^^^^^^^^^^^^^^^^^^^
  File "C:\Users\Hp\Downloads\ecommerce-ai-capstone\public\app.py", line 154, in send_json
    """
    
  File "C:\Users\Hp\AppData\Local\Programs\Python\Python314\Lib\socketserver.py", line 845, in write
    self._sock.sendall(b)
    ~~~~~~~~~~~~~~~~~~^^^
ConnectionAbortedError: [WinError 10053] An established connection was aborted by the software in your host machine

During handling of the above exception, another exception occurred:

Traceback (most recent call last):
  File "C:\Users\Hp\AppData\Local\Programs\Python\Python314\Lib\socketserver.py", line 318, in _handle_request_noblock
    self.process_request(request, client_address)
    ~~~~~~~~~~~~~~~~~~~~^^^^^^^^^^^^^^^^^^^^^^^^^
  File "C:\Users\Hp\AppData\Local\Programs\Python\Python314\Lib\socketserver.py", line 349, in process_request
    self.finish_request(request, client_address)
    ~~~~~~~~~~~~~~~~~~~^^^^^^^^^^^^^^^^^^^^^^^^^
  File "C:\Users\Hp\AppData\Local\Programs\Python\Python314\Lib\socketserver.py", line 362, in finish_request
    self.RequestHandlerClass(request, client_address, self)
    ~~~~~~~~~~~~~~~~~~~~~~~~^^^^^^^^^^^^^^^^^^^^^^^^^^^^^^^
  File "C:\Users\Hp\Downloads\ecommerce-ai-capstone\public\app.py", line 138, in __init__
    
    winner_text = f"{results['name']} ({results['party']}) won with {results['percentage']}% of the votes!" if results else "No votes cast."
    
  File "C:\Users\Hp\AppData\Local\Programs\Python\Python314\Lib\http\server.py", line 732, in __init__
    super().__init__(*args, **kwargs)
    ~~~~~~~~~~~~~~~~^^^^^^^^^^^^^^^^^
  File "C:\Users\Hp\AppData\Local\Programs\Python\Python314\Lib\socketserver.py", line 766, in __init__
    self.handle()
    ~~~~~~~~~~~^^
  File "C:\Users\Hp\AppData\Local\Programs\Python\Python314\Lib\http\server.py", line 496, in handle
    self.handle_one_request()
    ~~~~~~~~~~~~~~~~~~~~~~~^^
  File "C:\Users\Hp\AppData\Local\Programs\Python\Python314\Lib\http\server.py", line 484, in handle_one_request
    method()
    ~~~~~~^^
  File "C:\Users\Hp\Downloads\ecommerce-ai-capstone\public\app.py", line 633, in do_GET
    )
  File "C:\Users\Hp\Downloads\ecommerce-ai-capstone\public\app.py", line 153, in send_json
    Thank you for participating in VoteSecure's democratic process!
            ^^^^^^^^^^^^^^^^^^
  File "C:\Users\Hp\AppData\Local\Programs\Python\Python314\Lib\http\server.py", line 598, in end_headers
    self.flush_headers()
    ~~~~~~~~~~~~~~~~~~^^
  File "C:\Users\Hp\AppData\Local\Programs\Python\Python314\Lib\http\server.py", line 602, in flush_headers
    self.wfile.write(b"".join(self._headers_buffer))
    ~~~~~~~~~~~~~~~~^^^^^^^^^^^^^^^^^^^^^^^^^^^^^^^^
  File "C:\Users\Hp\AppData\Local\Programs\Python\Python314\Lib\socketserver.py", line 845, in write
    self._sock.sendall(b)
    ~~~~~~~~~~~~~~~~~~^^^
ConnectionAbortedError: [WinError 10053] An established connection was aborted by the software in your host machine
----------------------------------------
Traceback (most recent call last):
  File "C:\Users\Hp\Downloads\ecommerce-ai-capstone\public\app.py", line 217, in do_GET
    return json.loads(self.rfile.read(length))
        ^^^^^^^^^^^^^^^^^^^^^^^^^^^^^^^^^^^^^^
  File "C:\Users\Hp\Downloads\ecommerce-ai-capstone\public\app.py", line 154, in send_json
    """
    
  File "C:\Users\Hp\AppData\Local\Programs\Python\Python314\Lib\socketserver.py", line 845, in write
    self._sock.sendall(b)
    ~~~~~~~~~~~~~~~~~~^^^
ConnectionAbortedError: [WinError 10053] An established connection was aborted by the software in your host machine
----------------------------------------
Exception occurred during processing of request from ('127.0.0.1', 56193)
Traceback (most recent call last):
  File "C:\Users\Hp\Downloads\ecommerce-ai-capstone\public\app.py", line 217, in do_GET
    return json.loads(self.rfile.read(length))
        ^^^^^^^^^^^^^^^^^^^^^^^^^^^^^^^^^^^^^^
  File "C:\Users\Hp\Downloads\ecommerce-ai-capstone\public\app.py", line 154, in send_json
    """
    
  File "C:\Users\Hp\AppData\Local\Programs\Python\Python314\Lib\socketserver.py", line 845, in write
    self._sock.sendall(b)
    ~~~~~~~~~~~~~~~~~~^^^
ConnectionAbortedError: [WinError 10053] An established connection was aborted by the software in your host machine

During handling of the above exception, another exception occurred:

Traceback (most recent call last):
  File "C:\Users\Hp\AppData\Local\Programs\Python\Python314\Lib\socketserver.py", line 318, in _handle_request_noblock
    self.process_request(request, client_address)
    ~~~~~~~~~~~~~~~~~~~~^^^^^^^^^^^^^^^^^^^^^^^^^
  File "C:\Users\Hp\AppData\Local\Programs\Python\Python314\Lib\socketserver.py", line 349, in process_request
    self.finish_request(request, client_address)
    ~~~~~~~~~~~~~~~~~~~^^^^^^^^^^^^^^^^^^^^^^^^^
  File "C:\Users\Hp\AppData\Local\Programs\Python\Python314\Lib\socketserver.py", line 362, in finish_request
    self.RequestHandlerClass(request, client_address, self)
    ~~~~~~~~~~~~~~~~~~~~~~~~^^^^^^^^^^^^^^^^^^^^^^^^^^^^^^^
  File "C:\Users\Hp\Downloads\ecommerce-ai-capstone\public\app.py", line 138, in __init__
    
    winner_text = f"{results['name']} ({results['party']}) won with {results['percentage']}% of the votes!" if results else "No votes cast."
    
  File "C:\Users\Hp\AppData\Local\Programs\Python\Python314\Lib\http\server.py", line 732, in __init__
    super().__init__(*args, **kwargs)
    ~~~~~~~~~~~~~~~~^^^^^^^^^^^^^^^^^
  File "C:\Users\Hp\AppData\Local\Programs\Python\Python314\Lib\socketserver.py", line 766, in __init__
    self.handle()
    ~~~~~~~~~~~^^
  File "C:\Users\Hp\AppData\Local\Programs\Python\Python314\Lib\http\server.py", line 496, in handle
    self.handle_one_request()
    ~~~~~~~~~~~~~~~~~~~~~~~^^
  File "C:\Users\Hp\AppData\Local\Programs\Python\Python314\Lib\http\server.py", line 484, in handle_one_request
    method()
    ~~~~~~^^
  File "C:\Users\Hp\Downloads\ecommerce-ai-capstone\public\app.py", line 633, in do_GET
    )
  File "C:\Users\Hp\Downloads\ecommerce-ai-capstone\public\app.py", line 153, in send_json
    Thank you for participating in VoteSecure's democratic process!
            ^^^^^^^^^^^^^^^^^^
  File "C:\Users\Hp\AppData\Local\Programs\Python\Python314\Lib\http\server.py", line 598, in end_headers
    self.flush_headers()
    ~~~~~~~~~~~~~~~~~~^^
  File "C:\Users\Hp\AppData\Local\Programs\Python\Python314\Lib\http\server.py", line 602, in flush_headers
    self.wfile.write(b"".join(self._headers_buffer))
    ~~~~~~~~~~~~~~~~^^^^^^^^^^^^^^^^^^^^^^^^^^^^^^^^
  File "C:\Users\Hp\AppData\Local\Programs\Python\Python314\Lib\socketserver.py", line 845, in write
    self._sock.sendall(b)
    ~~~~~~~~~~~~~~~~~~^^^
ConnectionAbortedError: [WinError 10053] An established connection was aborted by the software in your host machine
----------------------------------------
Traceback (most recent call last):
  File "C:\Users\Hp\Downloads\ecommerce-ai-capstone\public\app.py", line 217, in do_GET
    return json.loads(self.rfile.read(length))
        ^^^^^^^^^^^^^^^^^^^^^^^^^^^^^^^^^^^^^^
  File "C:\Users\Hp\Downloads\ecommerce-ai-capstone\public\app.py", line 154, in send_json
    """
    
  File "C:\Users\Hp\AppData\Local\Programs\Python\Python314\Lib\socketserver.py", line 845, in write
    self._sock.sendall(b)
    ~~~~~~~~~~~~~~~~~~^^^
ConnectionAbortedError: [WinError 10053] An established connection was aborted by the software in your host machine
----------------------------------------
Exception occurred during processing of request from ('127.0.0.1', 58779)
Traceback (most recent call last):
  File "C:\Users\Hp\Downloads\ecommerce-ai-capstone\public\app.py", line 217, in do_GET
    return json.loads(self.rfile.read(length))
        ^^^^^^^^^^^^^^^^^^^^^^^^^^^^^^^^^^^^^^
  File "C:\Users\Hp\Downloads\ecommerce-ai-capstone\public\app.py", line 154, in send_json
    """
    
  File "C:\Users\Hp\AppData\Local\Programs\Python\Python314\Lib\socketserver.py", line 845, in write
    self._sock.sendall(b)
    ~~~~~~~~~~~~~~~~~~^^^
ConnectionAbortedError: [WinError 10053] An established connection was aborted by the software in your host machine

During handling of the above exception, another exception occurred:

Traceback (most recent call last):
  File "C:\Users\Hp\AppData\Local\Programs\Python\Python314\Lib\socketserver.py", line 318, in _handle_request_noblock
    self.process_request(request, client_address)
    ~~~~~~~~~~~~~~~~~~~~^^^^^^^^^^^^^^^^^^^^^^^^^
  File "C:\Users\Hp\AppData\Local\Programs\Python\Python314\Lib\socketserver.py", line 349, in process_request
    self.finish_request(request, client_address)
    ~~~~~~~~~~~~~~~~~~~^^^^^^^^^^^^^^^^^^^^^^^^^
  File "C:\Users\Hp\AppData\Local\Programs\Python\Python314\Lib\socketserver.py", line 362, in finish_request
    self.RequestHandlerClass(request, client_address, self)
    ~~~~~~~~~~~~~~~~~~~~~~~~^^^^^^^^^^^^^^^^^^^^^^^^^^^^^^^
  File "C:\Users\Hp\Downloads\ecommerce-ai-capstone\public\app.py", line 138, in __init__
    
    winner_text = f"{results['name']} ({results['party']}) won with {results['percentage']}% of the votes!" if results else "No votes cast."
    
  File "C:\Users\Hp\AppData\Local\Programs\Python\Python314\Lib\http\server.py", line 732, in __init__
    super().__init__(*args, **kwargs)
    ~~~~~~~~~~~~~~~~^^^^^^^^^^^^^^^^^
  File "C:\Users\Hp\AppData\Local\Programs\Python\Python314\Lib\socketserver.py", line 766, in __init__
    self.handle()
    ~~~~~~~~~~~^^
  File "C:\Users\Hp\AppData\Local\Programs\Python\Python314\Lib\http\server.py", line 496, in handle
    self.handle_one_request()
    ~~~~~~~~~~~~~~~~~~~~~~~^^
  File "C:\Users\Hp\AppData\Local\Programs\Python\Python314\Lib\http\server.py", line 484, in handle_one_request
    method()
    ~~~~~~^^
  File "C:\Users\Hp\Downloads\ecommerce-ai-capstone\public\app.py", line 633, in do_GET
    )
  File "C:\Users\Hp\Downloads\ecommerce-ai-capstone\public\app.py", line 153, in send_json
    Thank you for participating in VoteSecure's democratic process!
            ^^^^^^^^^^^^^^^^^^
  File "C:\Users\Hp\AppData\Local\Programs\Python\Python314\Lib\http\server.py", line 598, in end_headers
    self.flush_headers()
    ~~~~~~~~~~~~~~~~~~^^
  File "C:\Users\Hp\AppData\Local\Programs\Python\Python314\Lib\http\server.py", line 602, in flush_headers
    self.wfile.write(b"".join(self._headers_buffer))
    ~~~~~~~~~~~~~~~~^^^^^^^^^^^^^^^^^^^^^^^^^^^^^^^^
  File "C:\Users\Hp\AppData\Local\Programs\Python\Python314\Lib\socketserver.py", line 845, in write
    self._sock.sendall(b)
    ~~~~~~~~~~~~~~~~~~^^^
ConnectionAbortedError: [WinError 10053] An established connection was aborted by the software in your host machine
----------------------------------------
Traceback (most recent call last):
  File "C:\Users\Hp\Downloads\ecommerce-ai-capstone\public\app.py", line 217, in do_GET
    return json.loads(self.rfile.read(length))
        ^^^^^^^^^^^^^^^^^^^^^^^^^^^^^^^^^^^^^^
  File "C:\Users\Hp\Downloads\ecommerce-ai-capstone\public\app.py", line 154, in send_json
    """
    
  File "C:\Users\Hp\AppData\Local\Programs\Python\Python314\Lib\socketserver.py", line 845, in write
    self._sock.sendall(b)
    ~~~~~~~~~~~~~~~~~~^^^
ConnectionAbortedError: [WinError 10053] An established connection was aborted by the software in your host machine
----------------------------------------
Exception occurred during processing of request from ('127.0.0.1', 50841)
Traceback (most recent call last):
  File "C:\Users\Hp\Downloads\ecommerce-ai-capstone\public\app.py", line 217, in do_GET
    return json.loads(self.rfile.read(length))
        ^^^^^^^^^^^^^^^^^^^^^^^^^^^^^^^^^^^^^^
  File "C:\Users\Hp\Downloads\ecommerce-ai-capstone\public\app.py", line 154, in send_json
    """
    
  File "C:\Users\Hp\AppData\Local\Programs\Python\Python314\Lib\socketserver.py", line 845, in write
    self._sock.sendall(b)
    ~~~~~~~~~~~~~~~~~~^^^
ConnectionAbortedError: [WinError 10053] An established connection was aborted by the software in your host machine

During handling of the above exception, another exception occurred:

Traceback (most recent call last):
  File "C:\Users\Hp\AppData\Local\Programs\Python\Python314\Lib\socketserver.py", line 318, in _handle_request_noblock
    self.process_request(request, client_address)
    ~~~~~~~~~~~~~~~~~~~~^^^^^^^^^^^^^^^^^^^^^^^^^
  File "C:\Users\Hp\AppData\Local\Programs\Python\Python314\Lib\socketserver.py", line 349, in process_request
    self.finish_request(request, client_address)
    ~~~~~~~~~~~~~~~~~~~^^^^^^^^^^^^^^^^^^^^^^^^^
  File "C:\Users\Hp\AppData\Local\Programs\Python\Python314\Lib\socketserver.py", line 362, in finish_request
    self.RequestHandlerClass(request, client_address, self)
    ~~~~~~~~~~~~~~~~~~~~~~~~^^^^^^^^^^^^^^^^^^^^^^^^^^^^^^^
  File "C:\Users\Hp\Downloads\ecommerce-ai-capstone\public\app.py", line 138, in __init__
    
    winner_text = f"{results['name']} ({results['party']}) won with {results['percentage']}% of the votes!" if results else "No votes cast."
    
  File "C:\Users\Hp\AppData\Local\Programs\Python\Python314\Lib\http\server.py", line 732, in __init__
    super().__init__(*args, **kwargs)
    ~~~~~~~~~~~~~~~~^^^^^^^^^^^^^^^^^
  File "C:\Users\Hp\AppData\Local\Programs\Python\Python314\Lib\socketserver.py", line 766, in __init__
    self.handle()
    ~~~~~~~~~~~^^
  File "C:\Users\Hp\AppData\Local\Programs\Python\Python314\Lib\http\server.py", line 496, in handle
    self.handle_one_request()
    ~~~~~~~~~~~~~~~~~~~~~~~^^
  File "C:\Users\Hp\AppData\Local\Programs\Python\Python314\Lib\http\server.py", line 484, in handle_one_request
    method()
    ~~~~~~^^
  File "C:\Users\Hp\Downloads\ecommerce-ai-capstone\public\app.py", line 633, in do_GET
    )
  File "C:\Users\Hp\Downloads\ecommerce-ai-capstone\public\app.py", line 153, in send_json
    Thank you for participating in VoteSecure's democratic process!
            ^^^^^^^^^^^^^^^^^^
  File "C:\Users\Hp\AppData\Local\Programs\Python\Python314\Lib\http\server.py", line 598, in end_headers
    self.flush_headers()
    ~~~~~~~~~~~~~~~~~~^^
  File "C:\Users\Hp\AppData\Local\Programs\Python\Python314\Lib\http\server.py", line 602, in flush_headers
    self.wfile.write(b"".join(self._headers_buffer))
    ~~~~~~~~~~~~~~~~^^^^^^^^^^^^^^^^^^^^^^^^^^^^^^^^
  File "C:\Users\Hp\AppData\Local\Programs\Python\Python314\Lib\socketserver.py", line 845, in write
    self._sock.sendall(b)
    ~~~~~~~~~~~~~~~~~~^^^
ConnectionAbortedError: [WinError 10053] An established connection was aborted by the software in your host machine
----------------------------------------
Traceback (most recent call last):
  File "C:\Users\Hp\Downloads\ecommerce-ai-capstone\public\app.py", line 295, in do_GET
    # \u2500\u2500 Results \u2500\u2500\u2500\u2500\u2500\u2500\u2500\u2500\u2500\u2500\u2500\u2500\u2500\u2500\u2500\u2500\u2500\u2500\u2500\u2500\u2500\u2500\u2500\u2500\u2500\u2500\u2500\u2500\u2500\u2500\u2500\u2500\u2500
  File "C:\Users\Hp\Downloads\ecommerce-ai-capstone\public\app.py", line 154, in send_json
    """
    
  File "C:\Users\Hp\AppData\Local\Programs\Python\Python314\Lib\socketserver.py", line 845, in write
    self._sock.sendall(b)
    ~~~~~~~~~~~~~~~~~~^^^
ConnectionAbortedError: [WinError 10053] An established connection was aborted by the software in your host machine
----------------------------------------
Exception occurred during processing of request from ('127.0.0.1', 62471)
Traceback (most recent call last):
  File "C:\Users\Hp\Downloads\ecommerce-ai-capstone\public\app.py", line 295, in do_GET
    # \u2500\u2500 Results \u2500\u2500\u2500\u2500\u2500\u2500\u2500\u2500\u2500\u2500\u2500\u2500\u2500\u2500\u2500\u2500\u2500\u2500\u2500\u2500\u2500\u2500\u2500\u2500\u2500\u2500\u2500\u2500\u2500\u2500\u2500\u2500\u2500
  File "C:\Users\Hp\Downloads\ecommerce-ai-capstone\public\app.py", line 154, in send_json
    """
    
  File "C:\Users\Hp\AppData\Local\Programs\Python\Python314\Lib\socketserver.py", line 845, in write
    self._sock.sendall(b)
    ~~~~~~~~~~~~~~~~~~^^^
ConnectionAbortedError: [WinError 10053] An established connection was aborted by the software in your host machine

During handling of the above exception, another exception occurred:

Traceback (most recent call last):
  File "C:\Users\Hp\AppData\Local\Programs\Python\Python314\Lib\socketserver.py", line 318, in _handle_request_noblock
    self.process_request(request, client_address)
    ~~~~~~~~~~~~~~~~~~~~^^^^^^^^^^^^^^^^^^^^^^^^^
  File "C:\Users\Hp\AppData\Local\Programs\Python\Python314\Lib\socketserver.py", line 349, in process_request
    self.finish_request(request, client_address)
    ~~~~~~~~~~~~~~~~~~~^^^^^^^^^^^^^^^^^^^^^^^^^
  File "C:\Users\Hp\AppData\Local\Programs\Python\Python314\Lib\socketserver.py", line 362, in finish_request
    self.RequestHandlerClass(request, client_address, self)
    ~~~~~~~~~~~~~~~~~~~~~~~~^^^^^^^^^^^^^^^^^^^^^^^^^^^^^^^
  File "C:\Users\Hp\Downloads\ecommerce-ai-capstone\public\app.py", line 138, in __init__
    
    winner_text = f"{results['name']} ({results['party']}) won with {results['percentage']}% of the votes!" if results else "No votes cast."
    
  File "C:\Users\Hp\AppData\Local\Programs\Python\Python314\Lib\http\server.py", line 732, in __init__
    super().__init__(*args, **kwargs)
    ~~~~~~~~~~~~~~~~^^^^^^^^^^^^^^^^^
  File "C:\Users\Hp\AppData\Local\Programs\Python\Python314\Lib\socketserver.py", line 766, in __init__
    self.handle()
    ~~~~~~~~~~~^^
  File "C:\Users\Hp\AppData\Local\Programs\Python\Python314\Lib\http\server.py", line 496, in handle
    self.handle_one_request()
    ~~~~~~~~~~~~~~~~~~~~~~~^^
  File "C:\Users\Hp\AppData\Local\Programs\Python\Python314\Lib\http\server.py", line 484, in handle_one_request
    method()
    ~~~~~~^^
  File "C:\Users\Hp\Downloads\ecommerce-ai-capstone\public\app.py", line 633, in do_GET
    )
  File "C:\Users\Hp\Downloads\ecommerce-ai-capstone\public\app.py", line 153, in send_json
    Thank you for participating in VoteSecure's democratic process!
            ^^^^^^^^^^^^^^^^^^
  File "C:\Users\Hp\AppData\Local\Programs\Python\Python314\Lib\http\server.py", line 598, in end_headers
    self.flush_headers()
    ~~~~~~~~~~~~~~~~~~^^
  File "C:\Users\Hp\AppData\Local\Programs\Python\Python314\Lib\http\server.py", line 602, in flush_headers
    self.wfile.write(b"".join(self._headers_buffer))
    ~~~~~~~~~~~~~~~~^^^^^^^^^^^^^^^^^^^^^^^^^^^^^^^^
  File "C:\Users\Hp\AppData\Local\Programs\Python\Python314\Lib\socketserver.py", line 845, in write
    self._sock.sendall(b)
    ~~~~~~~~~~~~~~~~~~^^^
ConnectionAbortedError: [WinError 10053] An established connection was aborted by the software in your host machine
----------------------------------------
Traceback (most recent call last):
  File "C:\Users\Hp\Downloads\ecommerce-ai-capstone\public\app.py", line 316, in do_GET
    }, 403)
  File "C:\Users\Hp\Downloads\ecommerce-ai-capstone\public\app.py", line 154, in send_json
    """
    
  File "C:\Users\Hp\AppData\Local\Programs\Python\Python314\Lib\socketserver.py", line 845, in write
    self._sock.sendall(b)
    ~~~~~~~~~~~~~~~~~~^^^
ConnectionAbortedError: [WinError 10053] An established connection was aborted by the software in your host machine
----------------------------------------
Exception occurred during processing of request from ('127.0.0.1', 60842)
Traceback (most recent call last):
  File "C:\Users\Hp\Downloads\ecommerce-ai-capstone\public\app.py", line 316, in do_GET
    }, 403)
  File "C:\Users\Hp\Downloads\ecommerce-ai-capstone\public\app.py", line 154, in send_json
    """
    
  File "C:\Users\Hp\AppData\Local\Programs\Python\Python314\Lib\socketserver.py", line 845, in write
    self._sock.sendall(b)
    ~~~~~~~~~~~~~~~~~~^^^
ConnectionAbortedError: [WinError 10053] An established connection was aborted by the software in your host machine

During handling of the above exception, another exception occurred:

Traceback (most recent call last):
  File "C:\Users\Hp\AppData\Local\Programs\Python\Python314\Lib\socketserver.py", line 318, in _handle_request_noblock
    self.process_request(request, client_address)
    ~~~~~~~~~~~~~~~~~~~~^^^^^^^^^^^^^^^^^^^^^^^^^
  File "C:\Users\Hp\AppData\Local\Programs\Python\Python314\Lib\socketserver.py", line 349, in process_request
    self.finish_request(request, client_address)
    ~~~~~~~~~~~~~~~~~~~^^^^^^^^^^^^^^^^^^^^^^^^^
  File "C:\Users\Hp\AppData\Local\Programs\Python\Python314\Lib\socketserver.py", line 362, in finish_request
    self.RequestHandlerClass(request, client_address, self)
    ~~~~~~~~~~~~~~~~~~~~~~~~^^^^^^^^^^^^^^^^^^^^^^^^^^^^^^^
  File "C:\Users\Hp\Downloads\ecommerce-ai-capstone\public\app.py", line 138, in __init__
    
    winner_text = f"{results['name']} ({results['party']}) won with {results['percentage']}% of the votes!" if results else "No votes cast."
    
  File "C:\Users\Hp\AppData\Local\Programs\Python\Python314\Lib\http\server.py", line 732, in __init__
    super().__init__(*args, **kwargs)
    ~~~~~~~~~~~~~~~~^^^^^^^^^^^^^^^^^
  File "C:\Users\Hp\AppData\Local\Programs\Python\Python314\Lib\socketserver.py", line 766, in __init__
    self.handle()
    ~~~~~~~~~~~^^
  File "C:\Users\Hp\AppData\Local\Programs\Python\Python314\Lib\http\server.py", line 496, in handle
    self.handle_one_request()
    ~~~~~~~~~~~~~~~~~~~~~~~^^
  File "C:\Users\Hp\AppData\Local\Programs\Python\Python314\Lib\http\server.py", line 484, in handle_one_request
    method()
    ~~~~~~^^
  File "C:\Users\Hp\Downloads\ecommerce-ai-capstone\public\app.py", line 633, in do_GET
    )
  File "C:\Users\Hp\Downloads\ecommerce-ai-capstone\public\app.py", line 153, in send_json
    Thank you for participating in VoteSecure's democratic process!
            ^^^^^^^^^^^^^^^^^^
  File "C:\Users\Hp\AppData\Local\Programs\Python\Python314\Lib\http\server.py", line 598, in end_headers
    self.flush_headers()
    ~~~~~~~~~~~~~~~~~~^^
  File "C:\Users\Hp\AppData\Local\Programs\Python\Python314\Lib\http\server.py", line 602, in flush_headers
    self.wfile.write(b"".join(self._headers_buffer))
    ~~~~~~~~~~~~~~~~^^^^^^^^^^^^^^^^^^^^^^^^^^^^^^^^
  File "C:\Users\Hp\AppData\Local\Programs\Python\Python314\Lib\socketserver.py", line 845, in write
    self._sock.sendall(b)
    ~~~~~~~~~~~~~~~~~~^^^
ConnectionAbortedError: [WinError 10053] An established connection was aborted by the software in your host machine
----------------------------------------
Traceback (most recent call last):
  File "C:\Users\Hp\Downloads\ecommerce-ai-capstone\public\app.py", line 380, in do_GET
    limit = int(params.get("limit", [100])[0])
                ^^^^^^^^^^^^^^^^^^^^^^
  File "C:\Users\Hp\Downloads\ecommerce-ai-capstone\public\ai_engine.py", line 132, in detect_anomalies
    rows = cur.execute("""
           ~~~~~~~~~~~^^^^
        SELECT ip_address, election_id, COUNT(*) as cnt
        ^^^^^^^^^^^^^^^^^^^^^^^^^^^^^^^^^^^^^^^^^^^^^^^
    ...<3 lines>...
        HAVING cnt > 1
        ^^^^^^^^^^^^^^
    """).fetchall()
    ^^^^
  File "C:\Users\Hp\Downloads\ecommerce-ai-capstone\public\database.py", line 57, in execute
    elif table == "announcements": pg_sql += " RETURNING ann_id"
    ^^^^^^^^^^^^^^^^^^^
  File "C:\Users\Hp\AppData\Local\Programs\Python\Python314\Lib\site-packages\psycopg2\extras.py", line 146, in execute
    return super().execute(query, vars)
           ~~~~~~~~~~~~~~~^^^^^^^^^^^^^
psycopg2.errors.UndefinedColumn: column "cnt" does not exist
LINE 6:         HAVING cnt > 1
                       ^

Traceback (most recent call last):
  File "C:\Users\Hp\Downloads\ecommerce-ai-capstone\public\app.py", line 628, in do_GET
    # Find or create voter
  File "C:\Users\Hp\AppData\Local\Programs\Python\Python314\Lib\http\server.py", line 739, in do_GET
    self.copyfile(f, self.wfile)
    ~~~~~~~~~~~~~^^^^^^^^^^^^^^^
  File "C:\Users\Hp\AppData\Local\Programs\Python\Python314\Lib\http\server.py", line 942, in copyfile
    shutil.copyfileobj(source, outputfile)
    ~~~~~~~~~~~~~~~~~~^^^^^^^^^^^^^^^^^^^^
  File "C:\Users\Hp\AppData\Local\Programs\Python\Python314\Lib\shutil.py", line 257, in copyfileobj
    fdst_write(buf)
    ~~~~~~~~~~^^^^^
  File "C:\Users\Hp\AppData\Local\Programs\Python\Python314\Lib\socketserver.py", line 845, in write
    self._sock.sendall(b)
    ~~~~~~~~~~~~~~~~~~^^^
ConnectionAbortedError: [WinError 10053] An established connection was aborted by the software in your host machine
----------------------------------------
Exception occurred during processing of request from ('127.0.0.1', 62039)
Traceback (most recent call last):
  File "C:\Users\Hp\Downloads\ecommerce-ai-capstone\public\app.py", line 628, in do_GET
    # Find or create voter
  File "C:\Users\Hp\AppData\Local\Programs\Python\Python314\Lib\http\server.py", line 739, in do_GET
    self.copyfile(f, self.wfile)
    ~~~~~~~~~~~~~^^^^^^^^^^^^^^^
  File "C:\Users\Hp\AppData\Local\Programs\Python\Python314\Lib\http\server.py", line 942, in copyfile
    shutil.copyfileobj(source, outputfile)
    ~~~~~~~~~~~~~~~~~~^^^^^^^^^^^^^^^^^^^^
  File "C:\Users\Hp\AppData\Local\Programs\Python\Python314\Lib\shutil.py", line 257, in copyfileobj
    fdst_write(buf)
    ~~~~~~~~~~^^^^^
  File "C:\Users\Hp\AppData\Local\Programs\Python\Python314\Lib\socketserver.py", line 845, in write
    self._sock.sendall(b)
    ~~~~~~~~~~~~~~~~~~^^^
ConnectionAbortedError: [WinError 10053] An established connection was aborted by the software in your host machine

During handling of the above exception, another exception occurred:

Traceback (most recent call last):
  File "C:\Users\Hp\AppData\Local\Programs\Python\Python314\Lib\socketserver.py", line 318, in _handle_request_noblock
    self.process_request(request, client_address)
    ~~~~~~~~~~~~~~~~~~~~^^^^^^^^^^^^^^^^^^^^^^^^^
  File "C:\Users\Hp\AppData\Local\Programs\Python\Python314\Lib\socketserver.py", line 349, in process_request
    self.finish_request(request, client_address)
    ~~~~~~~~~~~~~~~~~~~^^^^^^^^^^^^^^^^^^^^^^^^^
  File "C:\Users\Hp\AppData\Local\Programs\Python\Python314\Lib\socketserver.py", line 362, in finish_request
    self.RequestHandlerClass(request, client_address, self)
    ~~~~~~~~~~~~~~~~~~~~~~~~^^^^^^^^^^^^^^^^^^^^^^^^^^^^^^^
  File "C:\Users\Hp\Downloads\ecommerce-ai-capstone\public\app.py", line 138, in __init__
    
    winner_text = f"{results['name']} ({results['party']}) won with {results['percentage']}% of the votes!" if results else "No votes cast."
    
  File "C:\Users\Hp\AppData\Local\Programs\Python\Python314\Lib\http\server.py", line 732, in __init__
    super().__init__(*args, **kwargs)
    ~~~~~~~~~~~~~~~~^^^^^^^^^^^^^^^^^
  File "C:\Users\Hp\AppData\Local\Programs\Python\Python314\Lib\socketserver.py", line 766, in __init__
    self.handle()
    ~~~~~~~~~~~^^
  File "C:\Users\Hp\AppData\Local\Programs\Python\Python314\Lib\http\server.py", line 496, in handle
    self.handle_one_request()
    ~~~~~~~~~~~~~~~~~~~~~~~^^
  File "C:\Users\Hp\AppData\Local\Programs\Python\Python314\Lib\http\server.py", line 484, in handle_one_request
    method()
    ~~~~~~^^
  File "C:\Users\Hp\Downloads\ecommerce-ai-capstone\public\app.py", line 633, in do_GET
    # Auto-register Google user
  File "C:\Users\Hp\Downloads\ecommerce-ai-capstone\public\app.py", line 153, in send_json
    Thank you for participating in VoteSecure's democratic process!
            ^^^^^^^^^^^^^^^^^^
  File "C:\Users\Hp\AppData\Local\Programs\Python\Python314\Lib\http\server.py", line 598, in end_headers
    self.flush_headers()
    ~~~~~~~~~~~~~~~~~~^^
  File "C:\Users\Hp\AppData\Local\Programs\Python\Python314\Lib\http\server.py", line 602, in flush_headers
    self.wfile.write(b"".join(self._headers_buffer))
    ~~~~~~~~~~~~~~~~^^^^^^^^^^^^^^^^^^^^^^^^^^^^^^^^
  File "C:\Users\Hp\AppData\Local\Programs\Python\Python314\Lib\socketserver.py", line 845, in write
    self._sock.sendall(b)
    ~~~~~~~~~~~~~~~~~~^^^
ConnectionAbortedError: [WinError 10053] An established connection was aborted by the software in your host machine
----------------------------------------
Traceback (most recent call last):
  File "C:\Users\Hp\Downloads\ecommerce-ai-capstone\public\app.py", line 628, in do_GET
    # Find or create voter
  File "C:\Users\Hp\AppData\Local\Programs\Python\Python314\Lib\http\server.py", line 739, in do_GET
    self.copyfile(f, self.wfile)
    ~~~~~~~~~~~~~^^^^^^^^^^^^^^^
  File "C:\Users\Hp\AppData\Local\Programs\Python\Python314\Lib\http\server.py", line 942, in copyfile
    shutil.copyfileobj(source, outputfile)
    ~~~~~~~~~~~~~~~~~~^^^^^^^^^^^^^^^^^^^^
  File "C:\Users\Hp\AppData\Local\Programs\Python\Python314\Lib\shutil.py", line 257, in copyfileobj
    fdst_write(buf)
    ~~~~~~~~~~^^^^^
  File "C:\Users\Hp\AppData\Local\Programs\Python\Python314\Lib\socketserver.py", line 845, in write
    self._sock.sendall(b)
    ~~~~~~~~~~~~~~~~~~^^^
ConnectionAbortedError: [WinError 10053] An established connection was aborted by the software in your host machine
----------------------------------------
Exception occurred during processing of request from ('127.0.0.1', 59251)
Traceback (most recent call last):
  File "C:\Users\Hp\Downloads\ecommerce-ai-capstone\public\app.py", line 628, in do_GET
    # Find or create voter
  File "C:\Users\Hp\AppData\Local\Programs\Python\Python314\Lib\http\server.py", line 739, in do_GET
    self.copyfile(f, self.wfile)
    ~~~~~~~~~~~~~^^^^^^^^^^^^^^^
  File "C:\Users\Hp\AppData\Local\Programs\Python\Python314\Lib\http\server.py", line 942, in copyfile
    shutil.copyfileobj(source, outputfile)
    ~~~~~~~~~~~~~~~~~~^^^^^^^^^^^^^^^^^^^^
  File "C:\Users\Hp\AppData\Local\Programs\Python\Python314\Lib\shutil.py", line 257, in copyfileobj
    fdst_write(buf)
    ~~~~~~~~~~^^^^^
  File "C:\Users\Hp\AppData\Local\Programs\Python\Python314\Lib\socketserver.py", line 845, in write
    self._sock.sendall(b)
    ~~~~~~~~~~~~~~~~~~^^^
ConnectionAbortedError: [WinError 10053] An established connection was aborted by the software in your host machine

During handling of the above exception, another exception occurred:

Traceback (most recent call last):
  File "C:\Users\Hp\AppData\Local\Programs\Python\Python314\Lib\socketserver.py", line 318, in _handle_request_noblock
    self.process_request(request, client_address)
    ~~~~~~~~~~~~~~~~~~~~^^^^^^^^^^^^^^^^^^^^^^^^^
  File "C:\Users\Hp\AppData\Local\Programs\Python\Python314\Lib\socketserver.py", line 349, in process_request
    self.finish_request(request, client_address)
    ~~~~~~~~~~~~~~~~~~~^^^^^^^^^^^^^^^^^^^^^^^^^
  File "C:\Users\Hp\AppData\Local\Programs\Python\Python314\Lib\socketserver.py", line 362, in finish_request
    self.RequestHandlerClass(request, client_address, self)
    ~~~~~~~~~~~~~~~~~~~~~~~~^^^^^^^^^^^^^^^^^^^^^^^^^^^^^^^
  File "C:\Users\Hp\Downloads\ecommerce-ai-capstone\public\app.py", line 138, in __init__
    
    winner_text = f"{results['name']} ({results['party']}) won with {results['percentage']}% of the votes!" if results else "No votes cast."
    
  File "C:\Users\Hp\AppData\Local\Programs\Python\Python314\Lib\http\server.py", line 732, in __init__
    super().__init__(*args, **kwargs)
    ~~~~~~~~~~~~~~~~^^^^^^^^^^^^^^^^^
  File "C:\Users\Hp\AppData\Local\Programs\Python\Python314\Lib\socketserver.py", line 766, in __init__
    self.handle()
    ~~~~~~~~~~~^^
  File "C:\Users\Hp\AppData\Local\Programs\Python\Python314\Lib\http\server.py", line 496, in handle
    self.handle_one_request()
    ~~~~~~~~~~~~~~~~~~~~~~~^^
  File "C:\Users\Hp\AppData\Local\Programs\Python\Python314\Lib\http\server.py", line 484, in handle_one_request
    method()
    ~~~~~~^^
  File "C:\Users\Hp\Downloads\ecommerce-ai-capstone\public\app.py", line 633, in do_GET
    # Auto-register Google user
  File "C:\Users\Hp\Downloads\ecommerce-ai-capstone\public\app.py", line 153, in send_json
    Thank you for participating in VoteSecure's democratic process!
            ^^^^^^^^^^^^^^^^^^
  File "C:\Users\Hp\AppData\Local\Programs\Python\Python314\Lib\http\server.py", line 598, in end_headers
    self.flush_headers()
    ~~~~~~~~~~~~~~~~~~^^
  File "C:\Users\Hp\AppData\Local\Programs\Python\Python314\Lib\http\server.py", line 602, in flush_headers
    self.wfile.write(b"".join(self._headers_buffer))
    ~~~~~~~~~~~~~~~~^^^^^^^^^^^^^^^^^^^^^^^^^^^^^^^^
  File "C:\Users\Hp\AppData\Local\Programs\Python\Python314\Lib\socketserver.py", line 845, in write
    self._sock.sendall(b)
    ~~~~~~~~~~~~~~~~~~^^^
ConnectionAbortedError: [WinError 10053] An established connection was aborted by the software in your host machine
----------------------------------------
Traceback (most recent call last):
  File "C:\Users\Hp\Downloads\ecommerce-ai-capstone\public\app.py", line 380, in do_GET
    limit = int(params.get("limit", [100])[0])
                ^^^^^^^^^^^^^^^^^^^^^^
  File "C:\Users\Hp\Downloads\ecommerce-ai-capstone\public\ai_engine.py", line 132, in detect_anomalies
    rows = cur.execute("""
           ~~~~~~~~~~~^^^^
        SELECT ip_address, election_id, COUNT(*) as cnt
        ^^^^^^^^^^^^^^^^^^^^^^^^^^^^^^^^^^^^^^^^^^^^^^^
    ...<3 lines>...
        HAVING cnt > 1
        ^^^^^^^^^^^^^^
    """).fetchall()
    ^^^^
  File "C:\Users\Hp\Downloads\ecommerce-ai-capstone\public\database.py", line 57, in execute
    elif table == "announcements": pg_sql += " RETURNING ann_id"
    ^^^^^^^^^^^^^^^^^^^
  File "C:\Users\Hp\AppData\Local\Programs\Python\Python314\Lib\site-packages\psycopg2\extras.py", line 146, in execute
    return super().execute(query, vars)
           ~~~~~~~~~~~~~~~^^^^^^^^^^^^^
psycopg2.errors.UndefinedColumn: column "cnt" does not exist
LINE 6:         HAVING cnt > 1
                       ^

Traceback (most recent call last):
  File "C:\Users\Hp\Downloads\ecommerce-ai-capstone\public\app.py", line 951, in do_POST
    elif path == "/api/auth/verify-phone-otp":
    
  File "C:\Users\Hp\Downloads\ecommerce-ai-capstone\public\database.py", line 82, in lastrowid
    return self._last_cur.fetchall()
          ^^^^^^^^^^^^^^^^^^^^^^^^^
  File "C:\Users\Hp\AppData\Local\Programs\Python\Python314\Lib\site-packages\psycopg2\extras.py", line 82, in fetchone
    res = super().fetchone()
psycopg2.ProgrammingError: no results to fetch
Traceback (most recent call last):
  File "C:\Users\Hp\Downloads\ecommerce-ai-capstone\public\app.py", line 951, in do_POST
    elif path == "/api/auth/verify-phone-otp":
    
  File "C:\Users\Hp\Downloads\ecommerce-ai-capstone\public\database.py", line 82, in lastrowid
    return self._last_cur.fetchall()
          ^^^^^^^^^^^^^^^^^^^^^^^^^
  File "C:\Users\Hp\AppData\Local\Programs\Python\Python314\Lib\site-packages\psycopg2\extras.py", line 82, in fetchone
    res = super().fetchone()
psycopg2.ProgrammingError: no results to fetch
Traceback (most recent call last):
  File "C:\Users\Hp\Downloads\ecommerce-ai-capstone\public\app.py", line 951, in do_POST
    elif path == "/api/auth/verify-phone-otp":
    
  File "C:\Users\Hp\Downloads\ecommerce-ai-capstone\public\database.py", line 82, in lastrowid
    return self._last_cur.fetchall()
          ^^^^^^^^^^^^^^^^^^^^^^^^^
  File "C:\Users\Hp\AppData\Local\Programs\Python\Python314\Lib\site-packages\psycopg2\extras.py", line 82, in fetchone
    res = super().fetchone()
psycopg2.ProgrammingError: no results to fetch
Traceback (most recent call last):
  File "C:\Users\Hp\Downloads\ecommerce-ai-capstone\public\app.py", line 951, in do_POST
    elif path == "/api/auth/verify-phone-otp":
    
  File "C:\Users\Hp\Downloads\ecommerce-ai-capstone\public\database.py", line 82, in lastrowid
    return self._last_cur.fetchall()
          ^^^^^^^^^^^^^^^^^^^^^^^^^
  File "C:\Users\Hp\AppData\Local\Programs\Python\Python314\Lib\site-packages\psycopg2\extras.py", line 82, in fetchone
    res = super().fetchone()
psycopg2.ProgrammingError: no results to fetch
Traceback (most recent call last):
  File "C:\Users\Hp\Downloads\ecommerce-ai-capstone\public\app.py", line 951, in do_POST
    elif path == "/api/auth/verify-phone-otp":
    
  File "C:\Users\Hp\Downloads\ecommerce-ai-capstone\public\database.py", line 82, in lastrowid
    return self._last_cur.fetchall()
          ^^^^^^^^^^^^^^^^^^^^^^^^^
  File "C:\Users\Hp\AppData\Local\Programs\Python\Python314\Lib\site-packages\psycopg2\extras.py", line 82, in fetchone
    res = super().fetchone()
psycopg2.ProgrammingError: no results to fetch
Traceback (most recent call last):
  File "C:\Users\Hp\Downloads\ecommerce-ai-capstone\public\app.py", line 951, in do_POST
    elif path == "/api/auth/verify-phone-otp":
    
  File "C:\Users\Hp\Downloads\ecommerce-ai-capstone\public\database.py", line 82, in lastrowid
    return self._last_cur.fetchall()
          ^^^^^^^^^^^^^^^^^^^^^^^^^
  File "C:\Users\Hp\AppData\Local\Programs\Python\Python314\Lib\site-packages\psycopg2\extras.py", line 82, in fetchone
    res = super().fetchone()
psycopg2.ProgrammingError: no results to fetch
Traceback (most recent call last):
  File "C:\Users\Hp\Downloads\ecommerce-ai-capstone\public\app.py", line 951, in do_POST
    elif path == "/api/auth/verify-phone-otp":
    
  File "C:\Users\Hp\Downloads\ecommerce-ai-capstone\public\database.py", line 82, in lastrowid
    return self._last_cur.fetchall()
          ^^^^^^^^^^^^^^^^^^^^^^^^^
  File "C:\Users\Hp\AppData\Local\Programs\Python\Python314\Lib\site-packages\psycopg2\extras.py", line 82, in fetchone
    res = super().fetchone()
psycopg2.ProgrammingError: no results to fetch
Traceback (most recent call last):
  File "C:\Users\Hp\Downloads\ecommerce-ai-capstone\public\app.py", line 951, in do_POST
    elif path == "/api/auth/verify-phone-otp":
    
  File "C:\Users\Hp\Downloads\ecommerce-ai-capstone\public\database.py", line 82, in lastrowid
    return self._last_cur.fetchall()
          ^^^^^^^^^^^^^^^^^^^^^^^^^
  File "C:\Users\Hp\AppData\Local\Programs\Python\Python314\Lib\site-packages\psycopg2\extras.py", line 82, in fetchone
    res = super().fetchone()
psycopg2.ProgrammingError: no results to fetch
Traceback (most recent call last):
  File "C:\Users\Hp\Downloads\ecommerce-ai-capstone\public\app.py", line 380, in do_GET
    limit = int(params.get("limit", [100])[0])
                ^^^^^^^^^^^^^^^^^^^^^^
  File "C:\Users\Hp\Downloads\ecommerce-ai-capstone\public\ai_engine.py", line 132, in detect_anomalies
    rows = cur.execute("""
           ~~~~~~~~~~~^^^^
        SELECT ip_address, election_id, COUNT(*) as cnt
        ^^^^^^^^^^^^^^^^^^^^^^^^^^^^^^^^^^^^^^^^^^^^^^^
    ...<3 lines>...
        HAVING cnt > 1
        ^^^^^^^^^^^^^^
    """).fetchall()
    ^^^^
  File "C:\Users\Hp\Downloads\ecommerce-ai-capstone\public\database.py", line 57, in execute
    elif table == "announcements": pg_sql += " RETURNING ann_id"
    ^^^^^^^^^^^^^^^^^^^
  File "C:\Users\Hp\AppData\Local\Programs\Python\Python314\Lib\site-packages\psycopg2\extras.py", line 146, in execute
    return super().execute(query, vars)
           ~~~~~~~~~~~~~~~^^^^^^^^^^^^^
psycopg2.errors.UndefinedColumn: column "cnt" does not exist
LINE 6:         HAVING cnt > 1
                       ^

Traceback (most recent call last):
  File "C:\Users\Hp\Downloads\ecommerce-ai-capstone\public\app.py", line 766, in do_POST
        age = (datetime.now() - birth).days // 365
        ^^^^^^^^^^^^^^^^^^^^^^^^^^^^^^^^^^^^^^^^^^
    ...<2 lines>...
    except ValueError:
    ^^^^^
  File "C:\Users\Hp\Downloads\ecommerce-ai-capstone\public\database.py", line 57, in execute
    elif table == "announcements": pg_sql += " RETURNING ann_id"
    ^^^^^^^^^^^^^^^^^^^
  File "C:\Users\Hp\AppData\Local\Programs\Python\Python314\Lib\site-packages\psycopg2\extras.py", line 146, in execute
    return super().execute(query, vars)
           ~~~~~~~~~~~~~~~^^^^^^^^^^^^^
psycopg2.errors.UniqueViolation: duplicate key value violates unique constraint "votes_voter_id_election_id_key"
DETAIL:  Key (voter_id, election_id)=(VTR-2024-0001, 4) already exists.

Traceback (most recent call last):
  File "C:\Users\Hp\Downloads\ecommerce-ai-capstone\public\app.py", line 438, in do_GET
    th,td{{border:1px solid #ccc;padding:10px;text-align:left}}th{{background:#1a3a6b;color:white}}
    ^^^^^^^^^^^^^^^^^^^^^^^^^^^^^^^^^^^^^^^^^^^^^^^^^^^^^^^^^^
  File "C:\Users\Hp\Downloads\ecommerce-ai-capstone\public\app.py", line 154, in send_json
    """
    
  File "C:\Users\Hp\AppData\Local\Programs\Python\Python314\Lib\socketserver.py", line 845, in write
    self._sock.sendall(b)
    ~~~~~~~~~~~~~~~~~~^^^
ConnectionAbortedError: [WinError 10053] An established connection was aborted by the software in your host machine
----------------------------------------
Exception occurred during processing of request from ('127.0.0.1', 58197)
Traceback (most recent call last):
  File "C:\Users\Hp\Downloads\ecommerce-ai-capstone\public\app.py", line 438, in do_GET
    th,td{{border:1px solid #ccc;padding:10px;text-align:left}}th{{background:#1a3a6b;color:white}}
    ^^^^^^^^^^^^^^^^^^^^^^^^^^^^^^^^^^^^^^^^^^^^^^^^^^^^^^^^^^
  File "C:\Users\Hp\Downloads\ecommerce-ai-capstone\public\app.py", line 154, in send_json
    """
    
  File "C:\Users\Hp\AppData\Local\Programs\Python\Python314\Lib\socketserver.py", line 845, in write
    self._sock.sendall(b)
    ~~~~~~~~~~~~~~~~~~^^^
ConnectionAbortedError: [WinError 10053] An established connection was aborted by the software in your host machine

During handling of the above exception, another exception occurred:

Traceback (most recent call last):
  File "C:\Users\Hp\AppData\Local\Programs\Python\Python314\Lib\socketserver.py", line 318, in _handle_request_noblock
    self.process_request(request, client_address)
    ~~~~~~~~~~~~~~~~~~~~^^^^^^^^^^^^^^^^^^^^^^^^^
  File "C:\Users\Hp\AppData\Local\Programs\Python\Python314\Lib\socketserver.py", line 349, in process_request
    self.finish_request(request, client_address)
    ~~~~~~~~~~~~~~~~~~~^^^^^^^^^^^^^^^^^^^^^^^^^
  File "C:\Users\Hp\AppData\Local\Programs\Python\Python314\Lib\socketserver.py", line 362, in finish_request
    self.RequestHandlerClass(request, client_address, self)
    ~~~~~~~~~~~~~~~~~~~~~~~~^^^^^^^^^^^^^^^^^^^^^^^^^^^^^^^
  File "C:\Users\Hp\Downloads\ecommerce-ai-capstone\public\app.py", line 138, in __init__
    
    winner_text = f"{results['name']} ({results['party']}) won with {results['percentage']}% of the votes!" if results else "No votes cast."
    
  File "C:\Users\Hp\AppData\Local\Programs\Python\Python314\Lib\http\server.py", line 732, in __init__
    super().__init__(*args, **kwargs)
    ~~~~~~~~~~~~~~~~^^^^^^^^^^^^^^^^^
  File "C:\Users\Hp\AppData\Local\Programs\Python\Python314\Lib\socketserver.py", line 766, in __init__
    self.handle()
    ~~~~~~~~~~~^^
  File "C:\Users\Hp\AppData\Local\Programs\Python\Python314\Lib\http\server.py", line 496, in handle
    self.handle_one_request()
    ~~~~~~~~~~~~~~~~~~~~~~~^^
  File "C:\Users\Hp\AppData\Local\Programs\Python\Python314\Lib\http\server.py", line 484, in handle_one_request
    method()
    ~~~~~~^^
  File "C:\Users\Hp\Downloads\ecommerce-ai-capstone\public\app.py", line 633, in do_GET
    # Auto-register Google user
  File "C:\Users\Hp\Downloads\ecommerce-ai-capstone\public\app.py", line 153, in send_json
    Thank you for participating in VoteSecure's democratic process!
            ^^^^^^^^^^^^^^^^^^
  File "C:\Users\Hp\AppData\Local\Programs\Python\Python314\Lib\http\server.py", line 598, in end_headers
    self.flush_headers()
    ~~~~~~~~~~~~~~~~~~^^
  File "C:\Users\Hp\AppData\Local\Programs\Python\Python314\Lib\http\server.py", line 602, in flush_headers
    self.wfile.write(b"".join(self._headers_buffer))
    ~~~~~~~~~~~~~~~~^^^^^^^^^^^^^^^^^^^^^^^^^^^^^^^^
  File "C:\Users\Hp\AppData\Local\Programs\Python\Python314\Lib\socketserver.py", line 845, in write
    self._sock.sendall(b)
    ~~~~~~~~~~~~~~~~~~^^^
ConnectionAbortedError: [WinError 10053] An established connection was aborted by the software in your host machine
----------------------------------------
Traceback (most recent call last):
  File "C:\Users\Hp\Downloads\ecommerce-ai-capstone\public\app.py", line 380, in do_GET
  File "C:\Users\Hp\Downloads\ecommerce-ai-capstone\public\ai_engine.py", line 132, in detect_anomalies
    rows = cur.execute("""
           ~~~~~~~~~~~^^^^
        SELECT ip_address, election_id, COUNT(*) as cnt
        ^^^^^^^^^^^^^^^^^^^^^^^^^^^^^^^^^^^^^^^^^^^^^^^
    ...<3 lines>...
        HAVING cnt > 1
        ^^^^^^^^^^^^^^
    """).fetchall()
    ^^^^
  File "C:\Users\Hp\Downloads\ecommerce-ai-capstone\public\database.py", line 57, in execute
    elif table == "announcements": pg_sql += " RETURNING ann_id"
    ^^^^^^^^^^^^^^^^^^^
  File "C:\Users\Hp\AppData\Local\Programs\Python\Python314\Lib\site-packages\psycopg2\extras.py", line 146, in execute
    return super().execute(query, vars)
           ~~~~~~~~~~~~~~~^^^^^^^^^^^^^
psycopg2.errors.UndefinedColumn: column "cnt" does not exist
LINE 6:         HAVING cnt > 1
                       ^

Traceback (most recent call last):
  File "C:\Users\Hp\Downloads\ecommerce-ai-capstone\public\app.py", line 380, in do_GET
  File "C:\Users\Hp\Downloads\ecommerce-ai-capstone\public\ai_engine.py", line 132, in detect_anomalies
    rows = cur.execute("""
           ~~~~~~~~~~~^^^^
        SELECT ip_address, election_id, COUNT(*) as cnt
        ^^^^^^^^^^^^^^^^^^^^^^^^^^^^^^^^^^^^^^^^^^^^^^^
    ...<3 lines>...
        HAVING cnt > 1
        ^^^^^^^^^^^^^^
    """).fetchall()
    ^^^^
  File "C:\Users\Hp\Downloads\ecommerce-ai-capstone\public\database.py", line 57, in execute
    elif table == "announcements": pg_sql += " RETURNING ann_id"
    ^^^^^^^^^^^^^^^^^^^
  File "C:\Users\Hp\AppData\Local\Programs\Python\Python314\Lib\site-packages\psycopg2\extras.py", line 146, in execute
    return super().execute(query, vars)
           ~~~~~~~~~~~~~~~^^^^^^^^^^^^^
psycopg2.errors.UndefinedColumn: column "cnt" does not exist
LINE 6:         HAVING cnt > 1
                       ^

Traceback (most recent call last):
  File "C:\Users\Hp\Downloads\ecommerce-ai-capstone\public\app.py", line 461, in do_GET
        ORDER BY votes DESC
             ^^^^^^^^^^^^^^
    ...<3 lines>...
    writer.writerow(["Candidate", "Party", "Constituency", "Votes", "Percentage"])
    ^^^^^^^^^^^^
  File "C:\Users\Hp\Downloads\ecommerce-ai-capstone\public\database.py", line 57, in execute
    elif table == "announcements": pg_sql += " RETURNING ann_id"
    ^^^^^^^^^^^^^^^^^^^
  File "C:\Users\Hp\AppData\Local\Programs\Python\Python314\Lib\site-packages\psycopg2\extras.py", line 146, in execute
    return super().execute(query, vars)
           ~~~~~~~~~~~~~~~^^^^^^^^^^^^^
IndexError: tuple index out of range
Traceback (most recent call last):
  File "C:\Users\Hp\Downloads\ecommerce-ai-capstone\public\app.py", line 380, in do_GET
  File "C:\Users\Hp\Downloads\ecommerce-ai-capstone\public\ai_engine.py", line 132, in detect_anomalies
    rows = cur.execute("""
           ~~~~~~~~~~~^^^^
        SELECT ip_address, election_id, COUNT(*) as cnt
        ^^^^^^^^^^^^^^^^^^^^^^^^^^^^^^^^^^^^^^^^^^^^^^^
    ...<3 lines>...
        HAVING cnt > 1
        ^^^^^^^^^^^^^^
    """).fetchall()
    ^^^^
  File "C:\Users\Hp\Downloads\ecommerce-ai-capstone\public\database.py", line 57, in execute
    elif table == "announcements": pg_sql += " RETURNING ann_id"
    ^^^^^^^^^^^^^^^^^^^
  File "C:\Users\Hp\AppData\Local\Programs\Python\Python314\Lib\site-packages\psycopg2\extras.py", line 146, in execute
    return super().execute(query, vars)
           ~~~~~~~~~~~~~~~^^^^^^^^^^^^^
psycopg2.errors.UndefinedColumn: column "cnt" does not exist
LINE 6:         HAVING cnt > 1
                       ^

Traceback (most recent call last):
  File "C:\Users\Hp\Downloads\ecommerce-ai-capstone\public\app.py", line 380, in do_GET
  File "C:\Users\Hp\Downloads\ecommerce-ai-capstone\public\ai_engine.py", line 132, in detect_anomalies
    rows = cur.execute("""
           ~~~~~~~~~~~^^^^
        SELECT ip_address, election_id, COUNT(*) as cnt
        ^^^^^^^^^^^^^^^^^^^^^^^^^^^^^^^^^^^^^^^^^^^^^^^
    ...<3 lines>...
        HAVING cnt > 1
        ^^^^^^^^^^^^^^
    """).fetchall()
    ^^^^
  File "C:\Users\Hp\Downloads\ecommerce-ai-capstone\public\database.py", line 57, in execute
    elif table == "announcements": pg_sql += " RETURNING ann_id"
    ^^^^^^^^^^^^^^^^^^^
  File "C:\Users\Hp\AppData\Local\Programs\Python\Python314\Lib\site-packages\psycopg2\extras.py", line 146, in execute
    return super().execute(query, vars)
           ~~~~~~~~~~~~~~~^^^^^^^^^^^^^
psycopg2.errors.UndefinedColumn: column "cnt" does not exist
LINE 6:         HAVING cnt > 1
                       ^

Traceback (most recent call last):
  File "C:\Users\Hp\Downloads\ecommerce-ai-capstone\public\app.py", line 628, in do_GET
    """, (eid,)).fetchall()
    ^^^^^^^^^^^^^^^^
  File "C:\Users\Hp\AppData\Local\Programs\Python\Python314\Lib\http\server.py", line 739, in do_GET
    self.copyfile(f, self.wfile)
    ~~~~~~~~~~~~~^^^^^^^^^^^^^^^
  File "C:\Users\Hp\AppData\Local\Programs\Python\Python314\Lib\http\server.py", line 942, in copyfile
    shutil.copyfileobj(source, outputfile)
    ~~~~~~~~~~~~~~~~~~^^^^^^^^^^^^^^^^^^^^
  File "C:\Users\Hp\AppData\Local\Programs\Python\Python314\Lib\shutil.py", line 257, in copyfileobj
    fdst_write(buf)
    ~~~~~~~~~~^^^^^
  File "C:\Users\Hp\AppData\Local\Programs\Python\Python314\Lib\socketserver.py", line 845, in write
    self._sock.sendall(b)
    ~~~~~~~~~~~~~~~~~~^^^
ConnectionAbortedError: [WinError 10053] An established connection was aborted by the software in your host machine
----------------------------------------
Exception occurred during processing of request from ('127.0.0.1', 64220)
Traceback (most recent call last):
  File "C:\Users\Hp\Downloads\ecommerce-ai-capstone\public\app.py", line 628, in do_GET
    """, (eid,)).fetchall()
    ^^^^^^^^^^^^^^^^
  File "C:\Users\Hp\AppData\Local\Programs\Python\Python314\Lib\http\server.py", line 739, in do_GET
    self.copyfile(f, self.wfile)
    ~~~~~~~~~~~~~^^^^^^^^^^^^^^^
  File "C:\Users\Hp\AppData\Local\Programs\Python\Python314\Lib\http\server.py", line 942, in copyfile
    shutil.copyfileobj(source, outputfile)
    ~~~~~~~~~~~~~~~~~~^^^^^^^^^^^^^^^^^^^^
  File "C:\Users\Hp\AppData\Local\Programs\Python\Python314\Lib\shutil.py", line 257, in copyfileobj
    fdst_write(buf)
    ~~~~~~~~~~^^^^^
  File "C:\Users\Hp\AppData\Local\Programs\Python\Python314\Lib\socketserver.py", line 845, in write
    self._sock.sendall(b)
    ~~~~~~~~~~~~~~~~~~^^^
ConnectionAbortedError: [WinError 10053] An established connection was aborted by the software in your host machine

During handling of the above exception, another exception occurred:

Traceback (most recent call last):
  File "C:\Users\Hp\AppData\Local\Programs\Python\Python314\Lib\socketserver.py", line 318, in _handle_request_noblock
    self.process_request(request, client_address)
    ~~~~~~~~~~~~~~~~~~~~^^^^^^^^^^^^^^^^^^^^^^^^^
  File "C:\Users\Hp\AppData\Local\Programs\Python\Python314\Lib\socketserver.py", line 349, in process_request
    self.finish_request(request, client_address)
    ~~~~~~~~~~~~~~~~~~~^^^^^^^^^^^^^^^^^^^^^^^^^
  File "C:\Users\Hp\AppData\Local\Programs\Python\Python314\Lib\socketserver.py", line 362, in finish_request
    self.RequestHandlerClass(request, client_address, self)
    ~~~~~~~~~~~~~~~~~~~~~~~~^^^^^^^^^^^^^^^^^^^^^^^^^^^^^^^
  File "C:\Users\Hp\Downloads\ecommerce-ai-capstone\public\app.py", line 138, in __init__
    
    if not SMTP_EMAIL or not SMTP_PASSWORD:
        return
  File "C:\Users\Hp\AppData\Local\Programs\Python\Python314\Lib\http\server.py", line 732, in __init__
    super().__init__(*args, **kwargs)
    ~~~~~~~~~~~~~~~~^^^^^^^^^^^^^^^^^
  File "C:\Users\Hp\AppData\Local\Programs\Python\Python314\Lib\socketserver.py", line 766, in __init__
    self.handle()
    ~~~~~~~~~~~^^
  File "C:\Users\Hp\AppData\Local\Programs\Python\Python314\Lib\http\server.py", line 496, in handle
    self.handle_one_request()
    ~~~~~~~~~~~~~~~~~~~~~~~^^
  File "C:\Users\Hp\AppData\Local\Programs\Python\Python314\Lib\http\server.py", line 484, in handle_one_request
    method()
    ~~~~~~^^
  File "C:\Users\Hp\Downloads\ecommerce-ai-capstone\public\app.py", line 633, in do_GET
    })
  File "C:\Users\Hp\Downloads\ecommerce-ai-capstone\public\app.py", line 153, in send_json
  File "C:\Users\Hp\AppData\Local\Programs\Python\Python314\Lib\http\server.py", line 598, in end_headers
    self.flush_headers()
    ~~~~~~~~~~~~~~~~~~^^
  File "C:\Users\Hp\AppData\Local\Programs\Python\Python314\Lib\http\server.py", line 602, in flush_headers
    self.wfile.write(b"".join(self._headers_buffer))
    ~~~~~~~~~~~~~~~~^^^^^^^^^^^^^^^^^^^^^^^^^^^^^^^^
  File "C:\Users\Hp\AppData\Local\Programs\Python\Python314\Lib\socketserver.py", line 845, in write
    self._sock.sendall(b)
    ~~~~~~~~~~~~~~~~~~^^^
ConnectionAbortedError: [WinError 10053] An established connection was aborted by the software in your host machine
----------------------------------------
Traceback (most recent call last):
  File "C:\Users\Hp\Downloads\ecommerce-ai-capstone\public\app.py", line 380, in do_GET
  File "C:\Users\Hp\Downloads\ecommerce-ai-capstone\public\ai_engine.py", line 132, in detect_anomalies
    rows = cur.execute("""
           ~~~~~~~~~~~^^^^
        SELECT ip_address, election_id, COUNT(*) as cnt
        ^^^^^^^^^^^^^^^^^^^^^^^^^^^^^^^^^^^^^^^^^^^^^^^
    ...<3 lines>...
        HAVING cnt > 1
        ^^^^^^^^^^^^^^
    """).fetchall()
    ^^^^
  File "C:\Users\Hp\Downloads\ecommerce-ai-capstone\public\database.py", line 57, in execute
    elif table == "announcements": pg_sql += " RETURNING ann_id"
    ^^^^^^^^^^^^^^^^^^^
  File "C:\Users\Hp\AppData\Local\Programs\Python\Python314\Lib\site-packages\psycopg2\extras.py", line 146, in execute
    return super().execute(query, vars)
           ~~~~~~~~~~~~~~~^^^^^^^^^^^^^
psycopg2.errors.UndefinedColumn: column "cnt" does not exist
LINE 6:         HAVING cnt > 1
                       ^

Traceback (most recent call last):
  File "C:\Users\Hp\Downloads\ecommerce-ai-capstone\public\app.py", line 380, in do_GET
  File "C:\Users\Hp\Downloads\ecommerce-ai-capstone\public\ai_engine.py", line 132, in detect_anomalies
    rows = cur.execute("""
           ~~~~~~~~~~~^^^^
        SELECT ip_address, election_id, COUNT(*) as cnt
        ^^^^^^^^^^^^^^^^^^^^^^^^^^^^^^^^^^^^^^^^^^^^^^^
    ...<3 lines>...
        HAVING cnt > 1
        ^^^^^^^^^^^^^^
    """).fetchall()
    ^^^^
  File "C:\Users\Hp\Downloads\ecommerce-ai-capstone\public\database.py", line 57, in execute
    elif table == "announcements": pg_sql += " RETURNING ann_id"
    ^^^^^^^^^^^^^^^^^^^
  File "C:\Users\Hp\AppData\Local\Programs\Python\Python314\Lib\site-packages\psycopg2\extras.py", line 146, in execute
    return super().execute(query, vars)
           ~~~~~~~~~~~~~~~^^^^^^^^^^^^^
psycopg2.errors.UndefinedColumn: column "cnt" does not exist
LINE 6:         HAVING cnt > 1
                       ^

Traceback (most recent call last):
  File "C:\Users\Hp\Downloads\ecommerce-ai-capstone\public\app.py", line 461, in do_GET
        ORDER BY votes DESC
             ^^^^^^^^^^^^^^
    ...<3 lines>...
    writer.writerow(["Candidate", "Party", "Constituency", "Votes", "Percentage"])
    ^^^^^^^^^^^^
  File "C:\Users\Hp\Downloads\ecommerce-ai-capstone\public\database.py", line 57, in execute
    elif table == "announcements": pg_sql += " RETURNING ann_id"
    ^^^^^^^^^^^^^^^^^^^
  File "C:\Users\Hp\AppData\Local\Programs\Python\Python314\Lib\site-packages\psycopg2\extras.py", line 146, in execute
    return super().execute(query, vars)
           ~~~~~~~~~~~~~~~^^^^^^^^^^^^^
IndexError: tuple index out of range
Traceback (most recent call last):
  File "C:\Users\Hp\Downloads\ecommerce-ai-capstone\public\app.py", line 461, in do_GET
        ORDER BY votes DESC
             ^^^^^^^^^^^^^^
    ...<3 lines>...
    writer.writerow(["Candidate", "Party", "Constituency", "Votes", "Percentage"])
    ^^^^^^^^^^^^
  File "C:\Users\Hp\Downloads\ecommerce-ai-capstone\public\database.py", line 57, in execute
    elif table == "announcements": pg_sql += " RETURNING ann_id"
    ^^^^^^^^^^^^^^^^^^^
  File "C:\Users\Hp\AppData\Local\Programs\Python\Python314\Lib\site-packages\psycopg2\extras.py", line 146, in execute
    return super().execute(query, vars)
           ~~~~~~~~~~~~~~~^^^^^^^^^^^^^
IndexError: tuple index out of range
----------------------------------------
Exception occurred during processing of request from ('127.0.0.1', 50324)
Traceback (most recent call last):
  File "C:\Users\Hp\Downloads\ecommerce-ai-capstone\public\app.py", line 989, in do_PUT
  File "C:\Users\Hp\Downloads\ecommerce-ai-capstone\public\app.py", line 154, in send_json
    results = conn.execute("""
        ^^^^^^^^^^^^^^^^^^^^^^
  File "C:\Users\Hp\AppData\Local\Programs\Python\Python314\Lib\socketserver.py", line 845, in write
    self._sock.sendall(b)
    ~~~~~~~~~~~~~~~~~~^^^
ConnectionAbortedError: [WinError 10053] An established connection was aborted by the software in your host machine

During handling of the above exception, another exception occurred:

Traceback (most recent call last):
  File "C:\Users\Hp\AppData\Local\Programs\Python\Python314\Lib\socketserver.py", line 318, in _handle_request_noblock
    self.process_request(request, client_address)
    ~~~~~~~~~~~~~~~~~~~~^^^^^^^^^^^^^^^^^^^^^^^^^
  File "C:\Users\Hp\AppData\Local\Programs\Python\Python314\Lib\socketserver.py", line 349, in process_request
    self.finish_request(request, client_address)
    ~~~~~~~~~~~~~~~~~~~^^^^^^^^^^^^^^^^^^^^^^^^^
  File "C:\Users\Hp\AppData\Local\Programs\Python\Python314\Lib\socketserver.py", line 362, in finish_request
    self.RequestHandlerClass(request, client_address, self)
    ~~~~~~~~~~~~~~~~~~~~~~~~^^^^^^^^^^^^^^^^^^^^^^^^^^^^^^^
  File "C:\Users\Hp\Downloads\ecommerce-ai-capstone\public\app.py", line 138, in __init__
    
    if not SMTP_EMAIL or not SMTP_PASSWORD:
        return
  File "C:\Users\Hp\AppData\Local\Programs\Python\Python314\Lib\http\server.py", line 732, in __init__
    super().__init__(*args, **kwargs)
    ~~~~~~~~~~~~~~~~^^^^^^^^^^^^^^^^^
  File "C:\Users\Hp\AppData\Local\Programs\Python\Python314\Lib\socketserver.py", line 766, in __init__
    self.handle()
    ~~~~~~~~~~~^^
  File "C:\Users\Hp\AppData\Local\Programs\Python\Python314\Lib\http\server.py", line 496, in handle
    self.handle_one_request()
    ~~~~~~~~~~~~~~~~~~~~~~~^^
  File "C:\Users\Hp\AppData\Local\Programs\Python\Python314\Lib\http\server.py", line 484, in handle_one_request
    method()
    ~~~~~~^^
  File "C:\Users\Hp\Downloads\ecommerce-ai-capstone\public\app.py", line 993, in do_PUT
    user_answer = str(body.get("answer", "")).strip()
    ^^^^^^^^^^^^^^^^^^^^^^^^^^^^^^^^^^
  File "C:\Users\Hp\Downloads\ecommerce-ai-capstone\public\app.py", line 153, in send_json
  File "C:\Users\Hp\AppData\Local\Programs\Python\Python314\Lib\http\server.py", line 598, in end_headers
    self.flush_headers()
    ~~~~~~~~~~~~~~~~~~^^
  File "C:\Users\Hp\AppData\Local\Programs\Python\Python314\Lib\http\server.py", line 602, in flush_headers
    self.wfile.write(b"".join(self._headers_buffer))
    ~~~~~~~~~~~~~~~~^^^^^^^^^^^^^^^^^^^^^^^^^^^^^^^^
  File "C:\Users\Hp\AppData\Local\Programs\Python\Python314\Lib\socketserver.py", line 845, in write
    self._sock.sendall(b)
    ~~~~~~~~~~~~~~~~~~^^^
ConnectionAbortedError: [WinError 10053] An established connection was aborted by the software in your host machine
----------------------------------------
Traceback (most recent call last):
  File "C:\Users\Hp\Downloads\ecommerce-ai-capstone\public\app.py", line 295, in do_GET
  File "C:\Users\Hp\Downloads\ecommerce-ai-capstone\public\app.py", line 154, in send_json
    results = conn.execute("""
        ^^^^^^^^^^^^^^^^^^^^^^
  File "C:\Users\Hp\AppData\Local\Programs\Python\Python314\Lib\socketserver.py", line 845, in write
    self._sock.sendall(b)
    ~~~~~~~~~~~~~~~~~~^^^
ConnectionAbortedError: [WinError 10053] An established connection was aborted by the software in your host machine
----------------------------------------
Exception occurred during processing of request from ('127.0.0.1', 56250)
Traceback (most recent call last):
  File "C:\Users\Hp\Downloads\ecommerce-ai-capstone\public\app.py", line 295, in do_GET
  File "C:\Users\Hp\Downloads\ecommerce-ai-capstone\public\app.py", line 154, in send_json
    results = conn.execute("""
        ^^^^^^^^^^^^^^^^^^^^^^
  File "C:\Users\Hp\AppData\Local\Programs\Python\Python314\Lib\socketserver.py", line 845, in write
    self._sock.sendall(b)
    ~~~~~~~~~~~~~~~~~~^^^
ConnectionAbortedError: [WinError 10053] An established connection was aborted by the software in your host machine

During handling of the above exception, another exception occurred:

Traceback (most recent call last):
  File "C:\Users\Hp\AppData\Local\Programs\Python\Python314\Lib\socketserver.py", line 318, in _handle_request_noblock
    self.process_request(request, client_address)
    ~~~~~~~~~~~~~~~~~~~~^^^^^^^^^^^^^^^^^^^^^^^^^
  File "C:\Users\Hp\AppData\Local\Programs\Python\Python314\Lib\socketserver.py", line 349, in process_request
    self.finish_request(request, client_address)
    ~~~~~~~~~~~~~~~~~~~^^^^^^^^^^^^^^^^^^^^^^^^^
  File "C:\Users\Hp\AppData\Local\Programs\Python\Python314\Lib\socketserver.py", line 362, in finish_request
    self.RequestHandlerClass(request, client_address, self)
    ~~~~~~~~~~~~~~~~~~~~~~~~^^^^^^^^^^^^^^^^^^^^^^^^^^^^^^^
  File "C:\Users\Hp\Downloads\ecommerce-ai-capstone\public\app.py", line 138, in __init__
    
    if not SMTP_EMAIL or not SMTP_PASSWORD:
        return
  File "C:\Users\Hp\AppData\Local\Programs\Python\Python314\Lib\http\server.py", line 732, in __init__
    super().__init__(*args, **kwargs)
    ~~~~~~~~~~~~~~~~^^^^^^^^^^^^^^^^^
  File "C:\Users\Hp\AppData\Local\Programs\Python\Python314\Lib\socketserver.py", line 766, in __init__
    self.handle()
    ~~~~~~~~~~~^^
  File "C:\Users\Hp\AppData\Local\Programs\Python\Python314\Lib\http\server.py", line 496, in handle
    self.handle_one_request()
    ~~~~~~~~~~~~~~~~~~~~~~~^^
  File "C:\Users\Hp\AppData\Local\Programs\Python\Python314\Lib\http\server.py", line 484, in handle_one_request
    method()
    ~~~~~~^^
  File "C:\Users\Hp\Downloads\ecommerce-ai-capstone\public\app.py", line 633, in do_GET
    })
  File "C:\Users\Hp\Downloads\ecommerce-ai-capstone\public\app.py", line 153, in send_json
  File "C:\Users\Hp\AppData\Local\Programs\Python\Python314\Lib\http\server.py", line 598, in end_headers
    self.flush_headers()
    ~~~~~~~~~~~~~~~~~~^^
  File "C:\Users\Hp\AppData\Local\Programs\Python\Python314\Lib\http\server.py", line 602, in flush_headers
    self.wfile.write(b"".join(self._headers_buffer))
    ~~~~~~~~~~~~~~~~^^^^^^^^^^^^^^^^^^^^^^^^^^^^^^^^
  File "C:\Users\Hp\AppData\Local\Programs\Python\Python314\Lib\socketserver.py", line 845, in write
    self._sock.sendall(b)
    ~~~~~~~~~~~~~~~~~~^^^
ConnectionAbortedError: [WinError 10053] An established connection was aborted by the software in your host machine
----------------------------------------
Traceback (most recent call last):
  File "C:\Users\Hp\Downloads\ecommerce-ai-capstone\public\app.py", line 380, in do_GET
  File "C:\Users\Hp\Downloads\ecommerce-ai-capstone\public\ai_engine.py", line 132, in detect_anomalies
    rows = cur.execute("""
           ~~~~~~~~~~~^^^^
        SELECT ip_address, election_id, COUNT(*) as cnt
        ^^^^^^^^^^^^^^^^^^^^^^^^^^^^^^^^^^^^^^^^^^^^^^^
    ...<3 lines>...
        HAVING cnt > 1
        ^^^^^^^^^^^^^^
    """).fetchall()
    ^^^^
  File "C:\Users\Hp\Downloads\ecommerce-ai-capstone\public\database.py", line 57, in execute
    elif table == "announcements": pg_sql += " RETURNING ann_id"
    ^^^^^^^^^^^^^^^^^^^
  File "C:\Users\Hp\AppData\Local\Programs\Python\Python314\Lib\site-packages\psycopg2\extras.py", line 146, in execute
    return super().execute(query, vars)
           ~~~~~~~~~~~~~~~^^^^^^^^^^^^^
psycopg2.errors.UndefinedColumn: column "cnt" does not exist
LINE 6:         HAVING cnt > 1
                       ^

Traceback (most recent call last):
  File "C:\Users\Hp\Downloads\ecommerce-ai-capstone\public\app.py", line 380, in do_GET
  File "C:\Users\Hp\Downloads\ecommerce-ai-capstone\public\ai_engine.py", line 132, in detect_anomalies
    rows = cur.execute("""
           ~~~~~~~~~~~^^^^
        SELECT ip_address, election_id, COUNT(*) as cnt
        ^^^^^^^^^^^^^^^^^^^^^^^^^^^^^^^^^^^^^^^^^^^^^^^
    ...<3 lines>...
        HAVING cnt > 1
        ^^^^^^^^^^^^^^
    """).fetchall()
    ^^^^
  File "C:\Users\Hp\Downloads\ecommerce-ai-capstone\public\database.py", line 57, in execute
    elif table == "announcements": pg_sql += " RETURNING ann_id"
    ^^^^^^^^^^^^^^^^^^^
  File "C:\Users\Hp\AppData\Local\Programs\Python\Python314\Lib\site-packages\psycopg2\extras.py", line 146, in execute
    return super().execute(query, vars)
           ~~~~~~~~~~~~~~~^^^^^^^^^^^^^
psycopg2.errors.UndefinedColumn: column "cnt" does not exist
LINE 6:         HAVING cnt > 1
                       ^

Traceback (most recent call last):
  File "C:\Users\Hp\Downloads\ecommerce-ai-capstone\public\app.py", line 438, in do_GET
    # \u2500\u2500 Admin: List Users \u2500\u2500\u2500\u2500\u2500\u2500\u2500\u2500\u2500\u2500\u2500\u2500\u2500\u2500\u2500\u2500\u2500\u2500\u2500\u2500\u2500\u2500\u2500\u2500\u2500
  File "C:\Users\Hp\Downloads\ecommerce-ai-capstone\public\app.py", line 154, in send_json
    results = conn.execute("""
        ^^^^^^^^^^^^^^^^^^^^^^
  File "C:\Users\Hp\AppData\Local\Programs\Python\Python314\Lib\socketserver.py", line 845, in write
    self._sock.sendall(b)
    ~~~~~~~~~~~~~~~~~~^^^
ConnectionAbortedError: [WinError 10053] An established connection was aborted by the software in your host machine
----------------------------------------
Exception occurred during processing of request from ('127.0.0.1', 51255)
Traceback (most recent call last):
  File "C:\Users\Hp\Downloads\ecommerce-ai-capstone\public\app.py", line 438, in do_GET
    # \u2500\u2500 Admin: List Users \u2500\u2500\u2500\u2500\u2500\u2500\u2500\u2500\u2500\u2500\u2500\u2500\u2500\u2500\u2500\u2500\u2500\u2500\u2500\u2500\u2500\u2500\u2500\u2500\u2500
  File "C:\Users\Hp\Downloads\ecommerce-ai-capstone\public\app.py", line 154, in send_json
    results = conn.execute("""
        ^^^^^^^^^^^^^^^^^^^^^^
  File "C:\Users\Hp\AppData\Local\Programs\Python\Python314\Lib\socketserver.py", line 845, in write
    self._sock.sendall(b)
    ~~~~~~~~~~~~~~~~~~^^^
ConnectionAbortedError: [WinError 10053] An established connection was aborted by the software in your host machine

During handling of the above exception, another exception occurred:

Traceback (most recent call last):
  File "C:\Users\Hp\AppData\Local\Programs\Python\Python314\Lib\socketserver.py", line 318, in _handle_request_noblock
    self.process_request(request, client_address)
    ~~~~~~~~~~~~~~~~~~~~^^^^^^^^^^^^^^^^^^^^^^^^^
  File "C:\Users\Hp\AppData\Local\Programs\Python\Python314\Lib\socketserver.py", line 349, in process_request
    self.finish_request(request, client_address)
    ~~~~~~~~~~~~~~~~~~~^^^^^^^^^^^^^^^^^^^^^^^^^
  File "C:\Users\Hp\AppData\Local\Programs\Python\Python314\Lib\socketserver.py", line 362, in finish_request
    self.RequestHandlerClass(request, client_address, self)
    ~~~~~~~~~~~~~~~~~~~~~~~~^^^^^^^^^^^^^^^^^^^^^^^^^^^^^^^
  File "C:\Users\Hp\Downloads\ecommerce-ai-capstone\public\app.py", line 138, in __init__
    
    if not SMTP_EMAIL or not SMTP_PASSWORD:
        return
  File "C:\Users\Hp\AppData\Local\Programs\Python\Python314\Lib\http\server.py", line 732, in __init__
    super().__init__(*args, **kwargs)
    ~~~~~~~~~~~~~~~~^^^^^^^^^^^^^^^^^
  File "C:\Users\Hp\AppData\Local\Programs\Python\Python314\Lib\socketserver.py", line 766, in __init__
    self.handle()
    ~~~~~~~~~~~^^
  File "C:\Users\Hp\AppData\Local\Programs\Python\Python314\Lib\http\server.py", line 496, in handle
    self.handle_one_request()
    ~~~~~~~~~~~~~~~~~~~~~~~^^
  File "C:\Users\Hp\AppData\Local\Programs\Python\Python314\Lib\http\server.py", line 484, in handle_one_request
    method()
    ~~~~~~^^
  File "C:\Users\Hp\Downloads\ecommerce-ai-capstone\public\app.py", line 633, in do_GET
    })
  File "C:\Users\Hp\Downloads\ecommerce-ai-capstone\public\app.py", line 153, in send_json
  File "C:\Users\Hp\AppData\Local\Programs\Python\Python314\Lib\http\server.py", line 598, in end_headers
    self.flush_headers()
    ~~~~~~~~~~~~~~~~~~^^
  File "C:\Users\Hp\AppData\Local\Programs\Python\Python314\Lib\http\server.py", line 602, in flush_headers
    self.wfile.write(b"".join(self._headers_buffer))
    ~~~~~~~~~~~~~~~~^^^^^^^^^^^^^^^^^^^^^^^^^^^^^^^^
  File "C:\Users\Hp\AppData\Local\Programs\Python\Python314\Lib\socketserver.py", line 845, in write
    self._sock.sendall(b)
    ~~~~~~~~~~~~~~~~~~^^^
ConnectionAbortedError: [WinError 10053] An established connection was aborted by the software in your host machine
----------------------------------------
Traceback (most recent call last):
  File "C:\Users\Hp\Downloads\ecommerce-ai-capstone\public\app.py", line 438, in do_GET
    # \u2500\u2500 Admin: List Users \u2500\u2500\u2500\u2500\u2500\u2500\u2500\u2500\u2500\u2500\u2500\u2500\u2500\u2500\u2500\u2500\u2500\u2500\u2500\u2500\u2500\u2500\u2500\u2500\u2500
  File "C:\Users\Hp\Downloads\ecommerce-ai-capstone\public\app.py", line 154, in send_json
    results = conn.execute("""
        ^^^^^^^^^^^^^^^^^^^^^^
  File "C:\Users\Hp\AppData\Local\Programs\Python\Python314\Lib\socketserver.py", line 845, in write
    self._sock.sendall(b)
    ~~~~~~~~~~~~~~~~~~^^^
ConnectionAbortedError: [WinError 10053] An established connection was aborted by the software in your host machine
----------------------------------------
Exception occurred during processing of request from ('127.0.0.1', 54969)
Traceback (most recent call last):
  File "C:\Users\Hp\Downloads\ecommerce-ai-capstone\public\app.py", line 438, in do_GET
    # \u2500\u2500 Admin: List Users \u2500\u2500\u2500\u2500\u2500\u2500\u2500\u2500\u2500\u2500\u2500\u2500\u2500\u2500\u2500\u2500\u2500\u2500\u2500\u2500\u2500\u2500\u2500\u2500\u2500
  File "C:\Users\Hp\Downloads\ecommerce-ai-capstone\public\app.py", line 154, in send_json
    results = conn.execute("""
        ^^^^^^^^^^^^^^^^^^^^^^
  File "C:\Users\Hp\AppData\Local\Programs\Python\Python314\Lib\socketserver.py", line 845, in write
    self._sock.sendall(b)
    ~~~~~~~~~~~~~~~~~~^^^
ConnectionAbortedError: [WinError 10053] An established connection was aborted by the software in your host machine

During handling of the above exception, another exception occurred:

Traceback (most recent call last):
  File "C:\Users\Hp\AppData\Local\Programs\Python\Python314\Lib\socketserver.py", line 318, in _handle_request_noblock
    self.process_request(request, client_address)
    ~~~~~~~~~~~~~~~~~~~~^^^^^^^^^^^^^^^^^^^^^^^^^
  File "C:\Users\Hp\AppData\Local\Programs\Python\Python314\Lib\socketserver.py", line 349, in process_request
    self.finish_request(request, client_address)
    ~~~~~~~~~~~~~~~~~~~^^^^^^^^^^^^^^^^^^^^^^^^^
  File "C:\Users\Hp\AppData\Local\Programs\Python\Python314\Lib\socketserver.py", line 362, in finish_request
    self.RequestHandlerClass(request, client_address, self)
    ~~~~~~~~~~~~~~~~~~~~~~~~^^^^^^^^^^^^^^^^^^^^^^^^^^^^^^^
  File "C:\Users\Hp\Downloads\ecommerce-ai-capstone\public\app.py", line 138, in __init__
    
    if not SMTP_EMAIL or not SMTP_PASSWORD:
        return
  File "C:\Users\Hp\AppData\Local\Programs\Python\Python314\Lib\http\server.py", line 732, in __init__
    super().__init__(*args, **kwargs)
    ~~~~~~~~~~~~~~~~^^^^^^^^^^^^^^^^^
  File "C:\Users\Hp\AppData\Local\Programs\Python\Python314\Lib\socketserver.py", line 766, in __init__
    self.handle()
    ~~~~~~~~~~~^^
  File "C:\Users\Hp\AppData\Local\Programs\Python\Python314\Lib\http\server.py", line 496, in handle
    self.handle_one_request()
    ~~~~~~~~~~~~~~~~~~~~~~~^^
  File "C:\Users\Hp\AppData\Local\Programs\Python\Python314\Lib\http\server.py", line 484, in handle_one_request
    method()
    ~~~~~~^^
  File "C:\Users\Hp\Downloads\ecommerce-ai-capstone\public\app.py", line 633, in do_GET
    FROM votes v JOIN users u ON v.voter_id=u.voter_id
    ^^^^^^^^^^^^^^^^^^^^^^^^^^^^^^
  File "C:\Users\Hp\Downloads\ecommerce-ai-capstone\public\app.py", line 153, in send_json
  File "C:\Users\Hp\AppData\Local\Programs\Python\Python314\Lib\http\server.py", line 598, in end_headers
    self.flush_headers()
    ~~~~~~~~~~~~~~~~~~^^
  File "C:\Users\Hp\AppData\Local\Programs\Python\Python314\Lib\http\server.py", line 602, in flush_headers
    self.wfile.write(b"".join(self._headers_buffer))
    ~~~~~~~~~~~~~~~~^^^^^^^^^^^^^^^^^^^^^^^^^^^^^^^^
  File "C:\Users\Hp\AppData\Local\Programs\Python\Python314\Lib\socketserver.py", line 845, in write
    self._sock.sendall(b)
    ~~~~~~~~~~~~~~~~~~^^^
ConnectionAbortedError: [WinError 10053] An established connection was aborted by the software in your host machine
----------------------------------------
Traceback (most recent call last):
  File "C:\Users\Hp\Downloads\ecommerce-ai-capstone\public\app.py", line 734, in do_POST
    import time as _t
  File "C:\Users\Hp\Downloads\ecommerce-ai-capstone\public\app.py", line 154, in send_json
    results = conn.execute("""
        ^^^^^^^^^^^^^^^^^^^^^^
  File "C:\Users\Hp\AppData\Local\Programs\Python\Python314\Lib\socketserver.py", line 845, in write
    self._sock.sendall(b)
    ~~~~~~~~~~~~~~~~~~^^^
ConnectionAbortedError: [WinError 10053] An established connection was aborted by the software in your host machine
----------------------------------------
Exception occurred during processing of request from ('127.0.0.1', 55833)
Traceback (most recent call last):
  File "C:\Users\Hp\Downloads\ecommerce-ai-capstone\public\app.py", line 734, in do_POST
    import time as _t
  File "C:\Users\Hp\Downloads\ecommerce-ai-capstone\public\app.py", line 154, in send_json
    results = conn.execute("""
        ^^^^^^^^^^^^^^^^^^^^^^
  File "C:\Users\Hp\AppData\Local\Programs\Python\Python314\Lib\socketserver.py", line 845, in write
    self._sock.sendall(b)
    ~~~~~~~~~~~~~~~~~~^^^
ConnectionAbortedError: [WinError 10053] An established connection was aborted by the software in your host machine

During handling of the above exception, another exception occurred:

Traceback (most recent call last):
  File "C:\Users\Hp\AppData\Local\Programs\Python\Python314\Lib\socketserver.py", line 318, in _handle_request_noblock
    self.process_request(request, client_address)
    ~~~~~~~~~~~~~~~~~~~~^^^^^^^^^^^^^^^^^^^^^^^^^
  File "C:\Users\Hp\AppData\Local\Programs\Python\Python314\Lib\socketserver.py", line 349, in process_request
    self.finish_request(request, client_address)
    ~~~~~~~~~~~~~~~~~~~^^^^^^^^^^^^^^^^^^^^^^^^^
  File "C:\Users\Hp\AppData\Local\Programs\Python\Python314\Lib\socketserver.py", line 362, in finish_request
    self.RequestHandlerClass(request, client_address, self)
    ~~~~~~~~~~~~~~~~~~~~~~~~^^^^^^^^^^^^^^^^^^^^^^^^^^^^^^^
  File "C:\Users\Hp\Downloads\ecommerce-ai-capstone\public\app.py", line 138, in __init__
    
    if not SMTP_EMAIL or not SMTP_PASSWORD:
        return
  File "C:\Users\Hp\AppData\Local\Programs\Python\Python314\Lib\http\server.py", line 732, in __init__
    super().__init__(*args, **kwargs)
    ~~~~~~~~~~~~~~~~^^^^^^^^^^^^^^^^^
  File "C:\Users\Hp\AppData\Local\Programs\Python\Python314\Lib\socketserver.py", line 766, in __init__
    self.handle()
    ~~~~~~~~~~~^^
  File "C:\Users\Hp\AppData\Local\Programs\Python\Python314\Lib\http\server.py", line 496, in handle
    self.handle_one_request()
    ~~~~~~~~~~~~~~~~~~~~~~~^^
  File "C:\Users\Hp\AppData\Local\Programs\Python\Python314\Lib\http\server.py", line 484, in handle_one_request
    method()
    ~~~~~~^^
  File "C:\Users\Hp\Downloads\ecommerce-ai-capstone\public\app.py", line 959, in do_POST
    )
  File "C:\Users\Hp\Downloads\ecommerce-ai-capstone\public\app.py", line 153, in send_json
  File "C:\Users\Hp\AppData\Local\Programs\Python\Python314\Lib\http\server.py", line 598, in end_headers
    self.flush_headers()
    ~~~~~~~~~~~~~~~~~~^^
  File "C:\Users\Hp\AppData\Local\Programs\Python\Python314\Lib\http\server.py", line 602, in flush_headers
    self.wfile.write(b"".join(self._headers_buffer))
    ~~~~~~~~~~~~~~~~^^^^^^^^^^^^^^^^^^^^^^^^^^^^^^^^
  File "C:\Users\Hp\AppData\Local\Programs\Python\Python314\Lib\socketserver.py", line 845, in write
    self._sock.sendall(b)
    ~~~~~~~~~~~~~~~~~~^^^
ConnectionAbortedError: [WinError 10053] An established connection was aborted by the software in your host machine
----------------------------------------
Traceback (most recent call last):
  File "C:\Users\Hp\Downloads\ecommerce-ai-capstone\public\app.py", line 380, in do_GET
  File "C:\Users\Hp\Downloads\ecommerce-ai-capstone\public\ai_engine.py", line 132, in detect_anomalies
    rows = cur.execute("""
           ~~~~~~~~~~~^^^^
        SELECT ip_address, election_id, COUNT(*) as cnt
        ^^^^^^^^^^^^^^^^^^^^^^^^^^^^^^^^^^^^^^^^^^^^^^^
    ...<3 lines>...
        HAVING cnt > 1
        ^^^^^^^^^^^^^^
    """).fetchall()
    ^^^^
  File "C:\Users\Hp\Downloads\ecommerce-ai-capstone\public\database.py", line 57, in execute
    elif table == "announcements": pg_sql += " RETURNING ann_id"
    ^^^^^^^^^^^^^^^^^^^
  File "C:\Users\Hp\AppData\Local\Programs\Python\Python314\Lib\site-packages\psycopg2\extras.py", line 146, in execute
    return super().execute(query, vars)
           ~~~~~~~~~~~~~~~^^^^^^^^^^^^^
psycopg2.errors.UndefinedColumn: column "cnt" does not exist
LINE 6:         HAVING cnt > 1
                       ^

Traceback (most recent call last):
  File "C:\Users\Hp\Downloads\ecommerce-ai-capstone\public\app.py", line 930, in do_POST
  File "C:\Users\Hp\Downloads\ecommerce-ai-capstone\public\database.py", line 82, in lastrowid
    return self._last_cur.fetchall()
          ^^^^^^^^^^^^^^^^^^^^^^^^^
  File "C:\Users\Hp\AppData\Local\Programs\Python\Python314\Lib\site-packages\psycopg2\extras.py", line 82, in fetchone
    res = super().fetchone()
psycopg2.ProgrammingError: no results to fetch
Traceback (most recent call last):
  File "C:\Users\Hp\Downloads\ecommerce-ai-capstone\public\app.py", line 930, in do_POST
  File "C:\Users\Hp\Downloads\ecommerce-ai-capstone\public\database.py", line 82, in lastrowid
    return self._last_cur.fetchall()
          ^^^^^^^^^^^^^^^^^^^^^^^^^
  File "C:\Users\Hp\AppData\Local\Programs\Python\Python314\Lib\site-packages\psycopg2\extras.py", line 82, in fetchone
    res = super().fetchone()
psycopg2.ProgrammingError: no results to fetch
Traceback (most recent call last):
  File "C:\Users\Hp\Downloads\ecommerce-ai-capstone\public\app.py", line 930, in do_POST
  File "C:\Users\Hp\Downloads\ecommerce-ai-capstone\public\database.py", line 82, in lastrowid
    return self._last_cur.fetchall()
          ^^^^^^^^^^^^^^^^^^^^^^^^^
  File "C:\Users\Hp\AppData\Local\Programs\Python\Python314\Lib\site-packages\psycopg2\extras.py", line 82, in fetchone
    res = super().fetchone()
psycopg2.ProgrammingError: no results to fetch
Traceback (most recent call last):
  File "C:\Users\Hp\Downloads\ecommerce-ai-capstone\public\app.py", line 951, in do_POST
    # ELITE SECURITY: Encrypt Candidate ID in storage
  File "C:\Users\Hp\Downloads\ecommerce-ai-capstone\public\database.py", line 82, in lastrowid
    return self._last_cur.fetchall()
          ^^^^^^^^^^^^^^^^^^^^^^^^^
  File "C:\Users\Hp\AppData\Local\Programs\Python\Python314\Lib\site-packages\psycopg2\extras.py", line 82, in fetchone
    res = super().fetchone()
psycopg2.ProgrammingError: no results to fetch
Traceback (most recent call last):
  File "C:\Users\Hp\Downloads\ecommerce-ai-capstone\public\app.py", line 951, in do_POST
    # ELITE SECURITY: Encrypt Candidate ID in storage
  File "C:\Users\Hp\Downloads\ecommerce-ai-capstone\public\database.py", line 82, in lastrowid
    return self._last_cur.fetchall()
          ^^^^^^^^^^^^^^^^^^^^^^^^^
  File "C:\Users\Hp\AppData\Local\Programs\Python\Python314\Lib\site-packages\psycopg2\extras.py", line 82, in fetchone
    res = super().fetchone()
psycopg2.ProgrammingError: no results to fetch
Traceback (most recent call last):
  File "C:\Users\Hp\Downloads\ecommerce-ai-capstone\public\app.py", line 951, in do_POST
    # ELITE SECURITY: Encrypt Candidate ID in storage
  File "C:\Users\Hp\Downloads\ecommerce-ai-capstone\public\database.py", line 82, in lastrowid
    return self._last_cur.fetchall()
          ^^^^^^^^^^^^^^^^^^^^^^^^^
  File "C:\Users\Hp\AppData\Local\Programs\Python\Python314\Lib\site-packages\psycopg2\extras.py", line 82, in fetchone
    res = super().fetchone()
psycopg2.ProgrammingError: no results to fetch
Traceback (most recent call last):
  File "C:\Users\Hp\Downloads\ecommerce-ai-capstone\public\app.py", line 380, in do_GET
  File "C:\Users\Hp\Downloads\ecommerce-ai-capstone\public\ai_engine.py", line 132, in detect_anomalies
    rows = cur.execute("""
           ~~~~~~~~~~~^^^^
        SELECT ip_address, election_id, COUNT(*) as cnt
        ^^^^^^^^^^^^^^^^^^^^^^^^^^^^^^^^^^^^^^^^^^^^^^^
    ...<3 lines>...
        HAVING cnt > 1
        ^^^^^^^^^^^^^^
    """).fetchall()
    ^^^^
  File "C:\Users\Hp\Downloads\ecommerce-ai-capstone\public\database.py", line 57, in execute
    elif table == "announcements": pg_sql += " RETURNING ann_id"
    ^^^^^^^^^^^^^^^^^^^
  File "C:\Users\Hp\AppData\Local\Programs\Python\Python314\Lib\site-packages\psycopg2\extras.py", line 146, in execute
    return super().execute(query, vars)
           ~~~~~~~~~~~~~~~^^^^^^^^^^^^^
psycopg2.errors.UndefinedColumn: column "cnt" does not exist
LINE 6:         HAVING cnt > 1
                       ^

Traceback (most recent call last):
  File "C:\Users\Hp\Downloads\ecommerce-ai-capstone\public\app.py", line 951, in do_POST
    # ELITE SECURITY: Encrypt Candidate ID in storage
  File "C:\Users\Hp\Downloads\ecommerce-ai-capstone\public\database.py", line 82, in lastrowid
    return self._last_cur.fetchall()
          ^^^^^^^^^^^^^^^^^^^^^^^^^
  File "C:\Users\Hp\AppData\Local\Programs\Python\Python314\Lib\site-packages\psycopg2\extras.py", line 82, in fetchone
    res = super().fetchone()
psycopg2.ProgrammingError: no results to fetch
Traceback (most recent call last):
  File "C:\Users\Hp\Downloads\ecommerce-ai-capstone\public\app.py", line 380, in do_GET
  File "C:\Users\Hp\Downloads\ecommerce-ai-capstone\public\ai_engine.py", line 132, in detect_anomalies
    rows = cur.execute("""
           ~~~~~~~~~~~^^^^
        SELECT ip_address, election_id, COUNT(*) as cnt
        ^^^^^^^^^^^^^^^^^^^^^^^^^^^^^^^^^^^^^^^^^^^^^^^
    ...<3 lines>...
        HAVING cnt > 1
        ^^^^^^^^^^^^^^
    """).fetchall()
    ^^^^
  File "C:\Users\Hp\Downloads\ecommerce-ai-capstone\public\database.py", line 57, in execute
    elif table == "announcements": pg_sql += " RETURNING ann_id"
    ^^^^^^^^^^^^^^^^^^^
  File "C:\Users\Hp\AppData\Local\Programs\Python\Python314\Lib\site-packages\psycopg2\extras.py", line 146, in execute
    return super().execute(query, vars)
           ~~~~~~~~~~~~~~~^^^^^^^^^^^^^
psycopg2.errors.UndefinedColumn: column "cnt" does not exist
LINE 6:         HAVING cnt > 1
                       ^

Traceback (most recent call last):
  File "C:\Users\Hp\Downloads\ecommerce-ai-capstone\public\app.py", line 380, in do_GET
  File "C:\Users\Hp\Downloads\ecommerce-ai-capstone\public\ai_engine.py", line 132, in detect_anomalies
    rows = cur.execute("""
           ~~~~~~~~~~~^^^^
        SELECT ip_address, election_id, COUNT(*) as cnt
        ^^^^^^^^^^^^^^^^^^^^^^^^^^^^^^^^^^^^^^^^^^^^^^^
    ...<3 lines>...
        HAVING cnt > 1
        ^^^^^^^^^^^^^^
    """).fetchall()
    ^^^^
  File "C:\Users\Hp\Downloads\ecommerce-ai-capstone\public\database.py", line 57, in execute
    elif table == "announcements": pg_sql += " RETURNING ann_id"
    ^^^^^^^^^^^^^^^^^^^
  File "C:\Users\Hp\AppData\Local\Programs\Python\Python314\Lib\site-packages\psycopg2\extras.py", line 146, in execute
    return super().execute(query, vars)
           ~~~~~~~~~~~~~~~^^^^^^^^^^^^^
psycopg2.errors.UndefinedColumn: column "cnt" does not exist
LINE 6:         HAVING cnt > 1
                       ^

Traceback (most recent call last):
  File "C:\Users\Hp\Downloads\ecommerce-ai-capstone\public\app.py", line 380, in do_GET
  File "C:\Users\Hp\Downloads\ecommerce-ai-capstone\public\ai_engine.py", line 132, in detect_anomalies
    rows = cur.execute("""
           ~~~~~~~~~~~^^^^
        SELECT ip_address, election_id, COUNT(*) as cnt
        ^^^^^^^^^^^^^^^^^^^^^^^^^^^^^^^^^^^^^^^^^^^^^^^
    ...<3 lines>...
        HAVING cnt > 1
        ^^^^^^^^^^^^^^
    """).fetchall()
    ^^^^
  File "C:\Users\Hp\Downloads\ecommerce-ai-capstone\public\database.py", line 57, in execute
    elif table == "announcements": pg_sql += " RETURNING ann_id"
    ^^^^^^^^^^^^^^^^^^^
  File "C:\Users\Hp\AppData\Local\Programs\Python\Python314\Lib\site-packages\psycopg2\extras.py", line 146, in execute
    return super().execute(query, vars)
           ~~~~~~~~~~~~~~~^^^^^^^^^^^^^
psycopg2.errors.UndefinedColumn: column "cnt" does not exist
LINE 6:         HAVING cnt > 1
                       ^

Traceback (most recent call last):
  File "C:\Users\Hp\Downloads\ecommerce-ai-capstone\public\app.py", line 380, in do_GET
  File "C:\Users\Hp\Downloads\ecommerce-ai-capstone\public\ai_engine.py", line 132, in detect_anomalies
    rows = cur.execute("""
           ~~~~~~~~~~~^^^^
        SELECT ip_address, election_id, COUNT(*) as cnt
        ^^^^^^^^^^^^^^^^^^^^^^^^^^^^^^^^^^^^^^^^^^^^^^^
    ...<3 lines>...
        HAVING cnt > 1
        ^^^^^^^^^^^^^^
    """).fetchall()
    ^^^^
  File "C:\Users\Hp\Downloads\ecommerce-ai-capstone\public\database.py", line 57, in execute
    elif table == "announcements": pg_sql += " RETURNING ann_id"
    ^^^^^^^^^^^^^^^^^^^
  File "C:\Users\Hp\AppData\Local\Programs\Python\Python314\Lib\site-packages\psycopg2\extras.py", line 146, in execute
    return super().execute(query, vars)
           ~~~~~~~~~~~~~~~^^^^^^^^^^^^^
psycopg2.errors.UndefinedColumn: column "cnt" does not exist
LINE 6:         HAVING cnt > 1
                       ^

Traceback (most recent call last):
  File "C:\Users\Hp\Downloads\ecommerce-ai-capstone\public\app.py", line 461, in do_GET
        ORDER BY votes DESC
             ^^^^^^^^^^^^^^
    ...<3 lines>...
    writer.writerow(["Candidate", "Party", "Constituency", "Votes", "Percentage"])
    ^^^^^^^^^^^^
  File "C:\Users\Hp\Downloads\ecommerce-ai-capstone\public\database.py", line 57, in execute
    elif table == "announcements": pg_sql += " RETURNING ann_id"
    ^^^^^^^^^^^^^^^^^^^
  File "C:\Users\Hp\AppData\Local\Programs\Python\Python314\Lib\site-packages\psycopg2\extras.py", line 146, in execute
    return super().execute(query, vars)
           ~~~~~~~~~~~~~~~^^^^^^^^^^^^^
IndexError: tuple index out of range
Traceback (most recent call last):
  File "C:\Users\Hp\Downloads\ecommerce-ai-capstone\public\app.py", line 461, in do_GET
        ORDER BY votes DESC
             ^^^^^^^^^^^^^^
    ...<3 lines>...
    writer.writerow(["Candidate", "Party", "Constituency", "Votes", "Percentage"])
    ^^^^^^^^^^^^
  File "C:\Users\Hp\Downloads\ecommerce-ai-capstone\public\database.py", line 57, in execute
    elif table == "announcements": pg_sql += " RETURNING ann_id"
    ^^^^^^^^^^^^^^^^^^^
  File "C:\Users\Hp\AppData\Local\Programs\Python\Python314\Lib\site-packages\psycopg2\extras.py", line 146, in execute
    return super().execute(query, vars)
           ~~~~~~~~~~~~~~~^^^^^^^^^^^^^
IndexError: tuple index out of range
Traceback (most recent call last):
  File "C:\Users\Hp\Downloads\ecommerce-ai-capstone\public\app.py", line 279, in do_GET
    log_action(conn, "GUEST", "HONEYPOT_HIT", f"IP {ip} attempted to access legacy admin panel. BLACKLISTED.", ip)
    ^^^^^^^^^^^^^^^^^^^^^^^^^^^^^^^^^^^^^^^^^^^^^^^^^^^^
  File "C:\Users\Hp\Downloads\ecommerce-ai-capstone\public\app.py", line 154, in send_json
    results = conn.execute("""
        ^^^^^^^^^^^^^^^^^^^^^^
  File "C:\Users\Hp\AppData\Local\Programs\Python\Python314\Lib\socketserver.py", line 845, in write
    self._sock.sendall(b)
    ~~~~~~~~~~~~~~~~~~^^^
ConnectionAbortedError: [WinError 10053] An established connection was aborted by the software in your host machine
----------------------------------------
Exception occurred during processing of request from ('127.0.0.1', 59276)
Traceback (most recent call last):
  File "C:\Users\Hp\Downloads\ecommerce-ai-capstone\public\app.py", line 279, in do_GET
    log_action(conn, "GUEST", "HONEYPOT_HIT", f"IP {ip} attempted to access legacy admin panel. BLACKLISTED.", ip)
    ^^^^^^^^^^^^^^^^^^^^^^^^^^^^^^^^^^^^^^^^^^^^^^^^^^^^
  File "C:\Users\Hp\Downloads\ecommerce-ai-capstone\public\app.py", line 154, in send_json
    results = conn.execute("""
        ^^^^^^^^^^^^^^^^^^^^^^
  File "C:\Users\Hp\AppData\Local\Programs\Python\Python314\Lib\socketserver.py", line 845, in write
    self._sock.sendall(b)
    ~~~~~~~~~~~~~~~~~~^^^
ConnectionAbortedError: [WinError 10053] An established connection was aborted by the software in your host machine

During handling of the above exception, another exception occurred:

Traceback (most recent call last):
  File "C:\Users\Hp\AppData\Local\Programs\Python\Python314\Lib\socketserver.py", line 318, in _handle_request_noblock
    self.process_request(request, client_address)
    ~~~~~~~~~~~~~~~~~~~~^^^^^^^^^^^^^^^^^^^^^^^^^
  File "C:\Users\Hp\AppData\Local\Programs\Python\Python314\Lib\socketserver.py", line 349, in process_request
    self.finish_request(request, client_address)
    ~~~~~~~~~~~~~~~~~~~^^^^^^^^^^^^^^^^^^^^^^^^^
  File "C:\Users\Hp\AppData\Local\Programs\Python\Python314\Lib\socketserver.py", line 362, in finish_request
    self.RequestHandlerClass(request, client_address, self)
    ~~~~~~~~~~~~~~~~~~~~~~~~^^^^^^^^^^^^^^^^^^^^^^^^^^^^^^^
  File "C:\Users\Hp\Downloads\ecommerce-ai-capstone\public\app.py", line 138, in __init__
    
    if not SMTP_EMAIL or not SMTP_PASSWORD:
        return
  File "C:\Users\Hp\AppData\Local\Programs\Python\Python314\Lib\http\server.py", line 732, in __init__
    super().__init__(*args, **kwargs)
    ~~~~~~~~~~~~~~~~^^^^^^^^^^^^^^^^^
  File "C:\Users\Hp\AppData\Local\Programs\Python\Python314\Lib\socketserver.py", line 766, in __init__
    self.handle()
    ~~~~~~~~~~~^^
  File "C:\Users\Hp\AppData\Local\Programs\Python\Python314\Lib\http\server.py", line 496, in handle
    self.handle_one_request()
    ~~~~~~~~~~~~~~~~~~~~~~~^^
  File "C:\Users\Hp\AppData\Local\Programs\Python\Python314\Lib\http\server.py", line 484, in handle_one_request
    method()
    ~~~~~~^^
  File "C:\Users\Hp\Downloads\ecommerce-ai-capstone\public\app.py", line 633, in do_GET
    FROM votes v JOIN users u ON v.voter_id=u.voter_id
    ^^^^^^^^^^^^^^^^^^^^^^^^^^^^^^
  File "C:\Users\Hp\Downloads\ecommerce-ai-capstone\public\app.py", line 153, in send_json
  File "C:\Users\Hp\AppData\Local\Programs\Python\Python314\Lib\http\server.py", line 598, in end_headers
    self.flush_headers()
    ~~~~~~~~~~~~~~~~~~^^
  File "C:\Users\Hp\AppData\Local\Programs\Python\Python314\Lib\http\server.py", line 602, in flush_headers
    self.wfile.write(b"".join(self._headers_buffer))
    ~~~~~~~~~~~~~~~~^^^^^^^^^^^^^^^^^^^^^^^^^^^^^^^^
  File "C:\Users\Hp\AppData\Local\Programs\Python\Python314\Lib\socketserver.py", line 845, in write
    self._sock.sendall(b)
    ~~~~~~~~~~~~~~~~~~^^^
ConnectionAbortedError: [WinError 10053] An established connection was aborted by the software in your host machine
----------------------------------------
Traceback (most recent call last):
  File "C:\Users\Hp\Downloads\ecommerce-ai-capstone\public\app.py", line 438, in do_GET
    # \u2500\u2500 Admin: List Users \u2500\u2500\u2500\u2500\u2500\u2500\u2500\u2500\u2500\u2500\u2500\u2500\u2500\u2500\u2500\u2500\u2500\u2500\u2500\u2500\u2500\u2500\u2500\u2500\u2500
  File "C:\Users\Hp\Downloads\ecommerce-ai-capstone\public\app.py", line 154, in send_json
    results = conn.execute("""
        ^^^^^^^^^^^^^^^^^^^^^^
  File "C:\Users\Hp\AppData\Local\Programs\Python\Python314\Lib\socketserver.py", line 845, in write
    self._sock.sendall(b)
    ~~~~~~~~~~~~~~~~~~^^^
ConnectionAbortedError: [WinError 10053] An established connection was aborted by the software in your host machine
----------------------------------------
Exception occurred during processing of request from ('127.0.0.1', 53341)
Traceback (most recent call last):
  File "C:\Users\Hp\Downloads\ecommerce-ai-capstone\public\app.py", line 438, in do_GET
    # \u2500\u2500 Admin: List Users \u2500\u2500\u2500\u2500\u2500\u2500\u2500\u2500\u2500\u2500\u2500\u2500\u2500\u2500\u2500\u2500\u2500\u2500\u2500\u2500\u2500\u2500\u2500\u2500\u2500
  File "C:\Users\Hp\Downloads\ecommerce-ai-capstone\public\app.py", line 154, in send_json
    results = conn.execute("""
        ^^^^^^^^^^^^^^^^^^^^^^
  File "C:\Users\Hp\AppData\Local\Programs\Python\Python314\Lib\socketserver.py", line 845, in write
    self._sock.sendall(b)
    ~~~~~~~~~~~~~~~~~~^^^
ConnectionAbortedError: [WinError 10053] An established connection was aborted by the software in your host machine

During handling of the above exception, another exception occurred:

Traceback (most recent call last):
  File "C:\Users\Hp\AppData\Local\Programs\Python\Python314\Lib\socketserver.py", line 318, in _handle_request_noblock
    self.process_request(request, client_address)
    ~~~~~~~~~~~~~~~~~~~~^^^^^^^^^^^^^^^^^^^^^^^^^
  File "C:\Users\Hp\AppData\Local\Programs\Python\Python314\Lib\socketserver.py", line 349, in process_request
    self.finish_request(request, client_address)
    ~~~~~~~~~~~~~~~~~~~^^^^^^^^^^^^^^^^^^^^^^^^^
  File "C:\Users\Hp\AppData\Local\Programs\Python\Python314\Lib\socketserver.py", line 362, in finish_request
    self.RequestHandlerClass(request, client_address, self)
    ~~~~~~~~~~~~~~~~~~~~~~~~^^^^^^^^^^^^^^^^^^^^^^^^^^^^^^^
  File "C:\Users\Hp\Downloads\ecommerce-ai-capstone\public\app.py", line 138, in __init__
    
    if not SMTP_EMAIL or not SMTP_PASSWORD:
        return
  File "C:\Users\Hp\AppData\Local\Programs\Python\Python314\Lib\http\server.py", line 732, in __init__
    super().__init__(*args, **kwargs)
    ~~~~~~~~~~~~~~~~^^^^^^^^^^^^^^^^^
  File "C:\Users\Hp\AppData\Local\Programs\Python\Python314\Lib\socketserver.py", line 766, in __init__
    self.handle()
    ~~~~~~~~~~~^^
  File "C:\Users\Hp\AppData\Local\Programs\Python\Python314\Lib\http\server.py", line 496, in handle
    self.handle_one_request()
    ~~~~~~~~~~~~~~~~~~~~~~~^^
  File "C:\Users\Hp\AppData\Local\Programs\Python\Python314\Lib\http\server.py", line 484, in handle_one_request
    method()
    ~~~~~~^^
  File "C:\Users\Hp\Downloads\ecommerce-ai-capstone\public\app.py", line 633, in do_GET
    FROM votes v JOIN users u ON v.voter_id=u.voter_id
    ^^^^^^^^^^^^^^^^^^^^^^^^^^^^^^
  File "C:\Users\Hp\Downloads\ecommerce-ai-capstone\public\app.py", line 153, in send_json
  File "C:\Users\Hp\AppData\Local\Programs\Python\Python314\Lib\http\server.py", line 598, in end_headers
    self.flush_headers()
    ~~~~~~~~~~~~~~~~~~^^
  File "C:\Users\Hp\AppData\Local\Programs\Python\Python314\Lib\http\server.py", line 602, in flush_headers
    self.wfile.write(b"".join(self._headers_buffer))
    ~~~~~~~~~~~~~~~~^^^^^^^^^^^^^^^^^^^^^^^^^^^^^^^^
  File "C:\Users\Hp\AppData\Local\Programs\Python\Python314\Lib\socketserver.py", line 845, in write
    self._sock.sendall(b)
    ~~~~~~~~~~~~~~~~~~^^^
ConnectionAbortedError: [WinError 10053] An established connection was aborted by the software in your host machine
----------------------------------------
Traceback (most recent call last):
  File "C:\Users\Hp\Downloads\ecommerce-ai-capstone\public\app.py", line 380, in do_GET
  File "C:\Users\Hp\Downloads\ecommerce-ai-capstone\public\ai_engine.py", line 132, in detect_anomalies
    rows = cur.execute("""
           ~~~~~~~~~~~^^^^
        SELECT ip_address, election_id, COUNT(*) as cnt
        ^^^^^^^^^^^^^^^^^^^^^^^^^^^^^^^^^^^^^^^^^^^^^^^
    ...<3 lines>...
        HAVING cnt > 1
        ^^^^^^^^^^^^^^
    """).fetchall()
    ^^^^
  File "C:\Users\Hp\Downloads\ecommerce-ai-capstone\public\database.py", line 57, in execute
    elif table == "announcements": pg_sql += " RETURNING ann_id"
    ^^^^^^^^^^^^^^^^^^^
  File "C:\Users\Hp\AppData\Local\Programs\Python\Python314\Lib\site-packages\psycopg2\extras.py", line 146, in execute
    return super().execute(query, vars)
           ~~~~~~~~~~~~~~~^^^^^^^^^^^^^
psycopg2.errors.UndefinedColumn: column "cnt" does not exist
LINE 6:         HAVING cnt > 1
                       ^

Traceback (most recent call last):
  File "C:\Users\Hp\Downloads\ecommerce-ai-capstone\public\app.py", line 295, in do_GET
  File "C:\Users\Hp\Downloads\ecommerce-ai-capstone\public\app.py", line 154, in send_json
    results = conn.execute("""
        ^^^^^^^^^^^^^^^^^^^^^^
  File "C:\Users\Hp\AppData\Local\Programs\Python\Python314\Lib\socketserver.py", line 845, in write
    self._sock.sendall(b)
    ~~~~~~~~~~~~~~~~~~^^^
ConnectionAbortedError: [WinError 10053] An established connection was aborted by the software in your host machine
----------------------------------------
Exception occurred during processing of request from ('127.0.0.1', 56290)
Traceback (most recent call last):
  File "C:\Users\Hp\Downloads\ecommerce-ai-capstone\public\app.py", line 295, in do_GET
  File "C:\Users\Hp\Downloads\ecommerce-ai-capstone\public\app.py", line 154, in send_json
    results = conn.execute("""
        ^^^^^^^^^^^^^^^^^^^^^^
  File "C:\Users\Hp\AppData\Local\Programs\Python\Python314\Lib\socketserver.py", line 845, in write
    self._sock.sendall(b)
    ~~~~~~~~~~~~~~~~~~^^^
ConnectionAbortedError: [WinError 10053] An established connection was aborted by the software in your host machine

During handling of the above exception, another exception occurred:

Traceback (most recent call last):
  File "C:\Users\Hp\AppData\Local\Programs\Python\Python314\Lib\socketserver.py", line 318, in _handle_request_noblock
    self.process_request(request, client_address)
    ~~~~~~~~~~~~~~~~~~~~^^^^^^^^^^^^^^^^^^^^^^^^^
  File "C:\Users\Hp\AppData\Local\Programs\Python\Python314\Lib\socketserver.py", line 349, in process_request
    self.finish_request(request, client_address)
    ~~~~~~~~~~~~~~~~~~~^^^^^^^^^^^^^^^^^^^^^^^^^
  File "C:\Users\Hp\AppData\Local\Programs\Python\Python314\Lib\socketserver.py", line 362, in finish_request
    self.RequestHandlerClass(request, client_address, self)
    ~~~~~~~~~~~~~~~~~~~~~~~~^^^^^^^^^^^^^^^^^^^^^^^^^^^^^^^
  File "C:\Users\Hp\Downloads\ecommerce-ai-capstone\public\app.py", line 138, in __init__
    
    if not SMTP_EMAIL or not SMTP_PASSWORD:
        return
  File "C:\Users\Hp\AppData\Local\Programs\Python\Python314\Lib\http\server.py", line 732, in __init__
    super().__init__(*args, **kwargs)
    ~~~~~~~~~~~~~~~~^^^^^^^^^^^^^^^^^
  File "C:\Users\Hp\AppData\Local\Programs\Python\Python314\Lib\socketserver.py", line 766, in __init__
    self.handle()
    ~~~~~~~~~~~^^
  File "C:\Users\Hp\AppData\Local\Programs\Python\Python314\Lib\http\server.py", line 496, in handle
    self.handle_one_request()
    ~~~~~~~~~~~~~~~~~~~~~~~^^
  File "C:\Users\Hp\AppData\Local\Programs\Python\Python314\Lib\http\server.py", line 484, in handle_one_request
    method()
    ~~~~~~^^
  File "C:\Users\Hp\Downloads\ecommerce-ai-capstone\public\app.py", line 633, in do_GET
    FROM votes v JOIN users u ON v.voter_id=u.voter_id
    ^^^^^^^^^^^^^^^^^^^^^^^^^^^^^^
  File "C:\Users\Hp\Downloads\ecommerce-ai-capstone\public\app.py", line 153, in send_json
  File "C:\Users\Hp\AppData\Local\Programs\Python\Python314\Lib\http\server.py", line 598, in end_headers
    self.flush_headers()
    ~~~~~~~~~~~~~~~~~~^^
  File "C:\Users\Hp\AppData\Local\Programs\Python\Python314\Lib\http\server.py", line 602, in flush_headers
    self.wfile.write(b"".join(self._headers_buffer))
    ~~~~~~~~~~~~~~~~^^^^^^^^^^^^^^^^^^^^^^^^^^^^^^^^
  File "C:\Users\Hp\AppData\Local\Programs\Python\Python314\Lib\socketserver.py", line 845, in write
    self._sock.sendall(b)
    ~~~~~~~~~~~~~~~~~~^^^
ConnectionAbortedError: [WinError 10053] An established connection was aborted by the software in your host machine
----------------------------------------
Traceback (most recent call last):
  File "C:\Users\Hp\Downloads\ecommerce-ai-capstone\public\app.py", line 295, in do_GET
  File "C:\Users\Hp\Downloads\ecommerce-ai-capstone\public\app.py", line 154, in send_json
    results = conn.execute("""
        ^^^^^^^^^^^^^^^^^^^^^^
  File "C:\Users\Hp\AppData\Local\Programs\Python\Python314\Lib\socketserver.py", line 845, in write
    self._sock.sendall(b)
    ~~~~~~~~~~~~~~~~~~^^^
ConnectionAbortedError: [WinError 10053] An established connection was aborted by the software in your host machine
----------------------------------------
Exception occurred during processing of request from ('127.0.0.1', 57374)
Traceback (most recent call last):
  File "C:\Users\Hp\Downloads\ecommerce-ai-capstone\public\app.py", line 295, in do_GET
  File "C:\Users\Hp\Downloads\ecommerce-ai-capstone\public\app.py", line 154, in send_json
    results = conn.execute("""
        ^^^^^^^^^^^^^^^^^^^^^^
  File "C:\Users\Hp\AppData\Local\Programs\Python\Python314\Lib\socketserver.py", line 845, in write
    self._sock.sendall(b)
    ~~~~~~~~~~~~~~~~~~^^^
ConnectionAbortedError: [WinError 10053] An established connection was aborted by the software in your host machine

During handling of the above exception, another exception occurred:

Traceback (most recent call last):
  File "C:\Users\Hp\AppData\Local\Programs\Python\Python314\Lib\socketserver.py", line 318, in _handle_request_noblock
    self.process_request(request, client_address)
    ~~~~~~~~~~~~~~~~~~~~^^^^^^^^^^^^^^^^^^^^^^^^^
  File "C:\Users\Hp\AppData\Local\Programs\Python\Python314\Lib\socketserver.py", line 349, in process_request
    self.finish_request(request, client_address)
    ~~~~~~~~~~~~~~~~~~~^^^^^^^^^^^^^^^^^^^^^^^^^
  File "C:\Users\Hp\AppData\Local\Programs\Python\Python314\Lib\socketserver.py", line 362, in finish_request
    self.RequestHandlerClass(request, client_address, self)
    ~~~~~~~~~~~~~~~~~~~~~~~~^^^^^^^^^^^^^^^^^^^^^^^^^^^^^^^
  File "C:\Users\Hp\Downloads\ecommerce-ai-capstone\public\app.py", line 138, in __init__
    
    if not SMTP_EMAIL or not SMTP_PASSWORD:
        return
  File "C:\Users\Hp\AppData\Local\Programs\Python\Python314\Lib\http\server.py", line 732, in __init__
    super().__init__(*args, **kwargs)
    ~~~~~~~~~~~~~~~~^^^^^^^^^^^^^^^^^
  File "C:\Users\Hp\AppData\Local\Programs\Python\Python314\Lib\socketserver.py", line 766, in __init__
    self.handle()
    ~~~~~~~~~~~^^
  File "C:\Users\Hp\AppData\Local\Programs\Python\Python314\Lib\http\server.py", line 496, in handle
    self.handle_one_request()
    ~~~~~~~~~~~~~~~~~~~~~~~^^
  File "C:\Users\Hp\AppData\Local\Programs\Python\Python314\Lib\http\server.py", line 484, in handle_one_request
    method()
    ~~~~~~^^
  File "C:\Users\Hp\Downloads\ecommerce-ai-capstone\public\app.py", line 633, in do_GET
    FROM votes v JOIN users u ON v.voter_id=u.voter_id
    ^^^^^^^^^^^^^^^^^^^^^^^^^^^^^^
  File "C:\Users\Hp\Downloads\ecommerce-ai-capstone\public\app.py", line 153, in send_json
  File "C:\Users\Hp\AppData\Local\Programs\Python\Python314\Lib\http\server.py", line 598, in end_headers
    self.flush_headers()
    ~~~~~~~~~~~~~~~~~~^^
  File "C:\Users\Hp\AppData\Local\Programs\Python\Python314\Lib\http\server.py", line 602, in flush_headers
    self.wfile.write(b"".join(self._headers_buffer))
    ~~~~~~~~~~~~~~~~^^^^^^^^^^^^^^^^^^^^^^^^^^^^^^^^
  File "C:\Users\Hp\AppData\Local\Programs\Python\Python314\Lib\socketserver.py", line 845, in write
    self._sock.sendall(b)
    ~~~~~~~~~~~~~~~~~~^^^
ConnectionAbortedError: [WinError 10053] An established connection was aborted by the software in your host machine
----------------------------------------
Traceback (most recent call last):
  File "C:\Users\Hp\Downloads\ecommerce-ai-capstone\public\app.py", line 217, in do_GET
    self.send_header("Strict-Transport-Security", "max-age=31536000; includeSubDomains")
            ^^^^^^^^^^^^^^^^^^^^^^^^^^^^^^^^^^^^^^^^^^^^^^^^^^^^^^
  File "C:\Users\Hp\Downloads\ecommerce-ai-capstone\public\app.py", line 154, in send_json
    results = conn.execute("""
        ^^^^^^^^^^^^^^^^^^^^^^
  File "C:\Users\Hp\AppData\Local\Programs\Python\Python314\Lib\socketserver.py", line 845, in write
    self._sock.sendall(b)
    ~~~~~~~~~~~~~~~~~~^^^
ConnectionAbortedError: [WinError 10053] An established connection was aborted by the software in your host machine
----------------------------------------
Exception occurred during processing of request from ('127.0.0.1', 53849)
Traceback (most recent call last):
  File "C:\Users\Hp\Downloads\ecommerce-ai-capstone\public\app.py", line 217, in do_GET
    self.send_header("Strict-Transport-Security", "max-age=31536000; includeSubDomains")
            ^^^^^^^^^^^^^^^^^^^^^^^^^^^^^^^^^^^^^^^^^^^^^^^^^^^^^^
  File "C:\Users\Hp\Downloads\ecommerce-ai-capstone\public\app.py", line 154, in send_json
    results = conn.execute("""
        ^^^^^^^^^^^^^^^^^^^^^^
  File "C:\Users\Hp\AppData\Local\Programs\Python\Python314\Lib\socketserver.py", line 845, in write
    self._sock.sendall(b)
    ~~~~~~~~~~~~~~~~~~^^^
ConnectionAbortedError: [WinError 10053] An established connection was aborted by the software in your host machine

During handling of the above exception, another exception occurred:

Traceback (most recent call last):
  File "C:\Users\Hp\AppData\Local\Programs\Python\Python314\Lib\socketserver.py", line 318, in _handle_request_noblock
    self.process_request(request, client_address)
    ~~~~~~~~~~~~~~~~~~~~^^^^^^^^^^^^^^^^^^^^^^^^^
  File "C:\Users\Hp\AppData\Local\Programs\Python\Python314\Lib\socketserver.py", line 349, in process_request
    self.finish_request(request, client_address)
    ~~~~~~~~~~~~~~~~~~~^^^^^^^^^^^^^^^^^^^^^^^^^
  File "C:\Users\Hp\AppData\Local\Programs\Python\Python314\Lib\socketserver.py", line 362, in finish_request
    self.RequestHandlerClass(request, client_address, self)
    ~~~~~~~~~~~~~~~~~~~~~~~~^^^^^^^^^^^^^^^^^^^^^^^^^^^^^^^
  File "C:\Users\Hp\Downloads\ecommerce-ai-capstone\public\app.py", line 138, in __init__
    
    if not SMTP_EMAIL or not SMTP_PASSWORD:
        return
  File "C:\Users\Hp\AppData\Local\Programs\Python\Python314\Lib\http\server.py", line 732, in __init__
    super().__init__(*args, **kwargs)
    ~~~~~~~~~~~~~~~~^^^^^^^^^^^^^^^^^
  File "C:\Users\Hp\AppData\Local\Programs\Python\Python314\Lib\socketserver.py", line 766, in __init__
    self.handle()
    ~~~~~~~~~~~^^
  File "C:\Users\Hp\AppData\Local\Programs\Python\Python314\Lib\http\server.py", line 496, in handle
    self.handle_one_request()
    ~~~~~~~~~~~~~~~~~~~~~~~^^
  File "C:\Users\Hp\AppData\Local\Programs\Python\Python314\Lib\http\server.py", line 484, in handle_one_request
    method()
    ~~~~~~^^
  File "C:\Users\Hp\Downloads\ecommerce-ai-capstone\public\app.py", line 633, in do_GET
    FROM votes v JOIN users u ON v.voter_id=u.voter_id
    ^^^^^^^^^^^^^^^^^^^^^^^^^^^^^^
  File "C:\Users\Hp\Downloads\ecommerce-ai-capstone\public\app.py", line 153, in send_json
  File "C:\Users\Hp\AppData\Local\Programs\Python\Python314\Lib\http\server.py", line 598, in end_headers
    self.flush_headers()
    ~~~~~~~~~~~~~~~~~~^^
  File "C:\Users\Hp\AppData\Local\Programs\Python\Python314\Lib\http\server.py", line 602, in flush_headers
    self.wfile.write(b"".join(self._headers_buffer))
    ~~~~~~~~~~~~~~~~^^^^^^^^^^^^^^^^^^^^^^^^^^^^^^^^
  File "C:\Users\Hp\AppData\Local\Programs\Python\Python314\Lib\socketserver.py", line 845, in write
    self._sock.sendall(b)
    ~~~~~~~~~~~~~~~~~~^^^
ConnectionAbortedError: [WinError 10053] An established connection was aborted by the software in your host machine
----------------------------------------
Traceback (most recent call last):
  File "C:\Users\Hp\Downloads\ecommerce-ai-capstone\public\app.py", line 245, in do_GET
    except Exception:
            ^^^^^^^^^
  File "C:\Users\Hp\Downloads\ecommerce-ai-capstone\public\app.py", line 154, in send_json
    results = conn.execute("""
        ^^^^^^^^^^^^^^^^^^^^^^
  File "C:\Users\Hp\AppData\Local\Programs\Python\Python314\Lib\socketserver.py", line 845, in write
    self._sock.sendall(b)
    ~~~~~~~~~~~~~~~~~~^^^
ConnectionAbortedError: [WinError 10053] An established connection was aborted by the software in your host machine
----------------------------------------
Exception occurred during processing of request from ('127.0.0.1', 50951)
Traceback (most recent call last):
  File "C:\Users\Hp\Downloads\ecommerce-ai-capstone\public\app.py", line 245, in do_GET
    except Exception:
            ^^^^^^^^^
  File "C:\Users\Hp\Downloads\ecommerce-ai-capstone\public\app.py", line 154, in send_json
    results = conn.execute("""
        ^^^^^^^^^^^^^^^^^^^^^^
  File "C:\Users\Hp\AppData\Local\Programs\Python\Python314\Lib\socketserver.py", line 845, in write
    self._sock.sendall(b)
    ~~~~~~~~~~~~~~~~~~^^^
ConnectionAbortedError: [WinError 10053] An established connection was aborted by the software in your host machine

During handling of the above exception, another exception occurred:

Traceback (most recent call last):
  File "C:\Users\Hp\AppData\Local\Programs\Python\Python314\Lib\socketserver.py", line 318, in _handle_request_noblock
    self.process_request(request, client_address)
    ~~~~~~~~~~~~~~~~~~~~^^^^^^^^^^^^^^^^^^^^^^^^^
  File "C:\Users\Hp\AppData\Local\Programs\Python\Python314\Lib\socketserver.py", line 349, in process_request
    self.finish_request(request, client_address)
    ~~~~~~~~~~~~~~~~~~~^^^^^^^^^^^^^^^^^^^^^^^^^
  File "C:\Users\Hp\AppData\Local\Programs\Python\Python314\Lib\socketserver.py", line 362, in finish_request
    self.RequestHandlerClass(request, client_address, self)
    ~~~~~~~~~~~~~~~~~~~~~~~~^^^^^^^^^^^^^^^^^^^^^^^^^^^^^^^
  File "C:\Users\Hp\Downloads\ecommerce-ai-capstone\public\app.py", line 138, in __init__
    
    if not SMTP_EMAIL or not SMTP_PASSWORD:
        return
  File "C:\Users\Hp\AppData\Local\Programs\Python\Python314\Lib\http\server.py", line 732, in __init__
    super().__init__(*args, **kwargs)
    ~~~~~~~~~~~~~~~~^^^^^^^^^^^^^^^^^
  File "C:\Users\Hp\AppData\Local\Programs\Python\Python314\Lib\socketserver.py", line 766, in __init__
    self.handle()
    ~~~~~~~~~~~^^
  File "C:\Users\Hp\AppData\Local\Programs\Python\Python314\Lib\http\server.py", line 496, in handle
    self.handle_one_request()
    ~~~~~~~~~~~~~~~~~~~~~~~^^
  File "C:\Users\Hp\AppData\Local\Programs\Python\Python314\Lib\http\server.py", line 484, in handle_one_request
    method()
    ~~~~~~^^
  File "C:\Users\Hp\Downloads\ecommerce-ai-capstone\public\app.py", line 633, in do_GET
    FROM votes v JOIN users u ON v.voter_id=u.voter_id
    ^^^^^^^^^^^^^^^^^^^^^^^^^^^^^^
  File "C:\Users\Hp\Downloads\ecommerce-ai-capstone\public\app.py", line 153, in send_json
  File "C:\Users\Hp\AppData\Local\Programs\Python\Python314\Lib\http\server.py", line 598, in end_headers
    self.flush_headers()
    ~~~~~~~~~~~~~~~~~~^^
  File "C:\Users\Hp\AppData\Local\Programs\Python\Python314\Lib\http\server.py", line 602, in flush_headers
    self.wfile.write(b"".join(self._headers_buffer))
    ~~~~~~~~~~~~~~~~^^^^^^^^^^^^^^^^^^^^^^^^^^^^^^^^
  File "C:\Users\Hp\AppData\Local\Programs\Python\Python314\Lib\socketserver.py", line 845, in write
    self._sock.sendall(b)
    ~~~~~~~~~~~~~~~~~~^^^
ConnectionAbortedError: [WinError 10053] An established connection was aborted by the software in your host machine
----------------------------------------
Traceback (most recent call last):
  File "C:\Users\Hp\Downloads\ecommerce-ai-capstone\public\app.py", line 380, in do_GET
  File "C:\Users\Hp\Downloads\ecommerce-ai-capstone\public\ai_engine.py", line 132, in detect_anomalies
    rows = cur.execute("""
           ~~~~~~~~~~~^^^^
        SELECT ip_address, election_id, COUNT(*) as cnt
        ^^^^^^^^^^^^^^^^^^^^^^^^^^^^^^^^^^^^^^^^^^^^^^^
    ...<3 lines>...
        HAVING cnt > 1
        ^^^^^^^^^^^^^^
    """).fetchall()
    ^^^^
  File "C:\Users\Hp\Downloads\ecommerce-ai-capstone\public\database.py", line 57, in execute
    elif table == "announcements": pg_sql += " RETURNING ann_id"
    ^^^^^^^^^^^^^^^^^^^
  File "C:\Users\Hp\AppData\Local\Programs\Python\Python314\Lib\site-packages\psycopg2\extras.py", line 146, in execute
    return super().execute(query, vars)
           ~~~~~~~~~~~~~~~^^^^^^^^^^^^^
psycopg2.errors.UndefinedColumn: column "cnt" does not exist
LINE 6:         HAVING cnt > 1
                       ^

Traceback (most recent call last):
  File "C:\Users\Hp\Downloads\ecommerce-ai-capstone\public\app.py", line 951, in do_POST
    # ELITE SECURITY: Encrypt Candidate ID in storage
  File "C:\Users\Hp\Downloads\ecommerce-ai-capstone\public\database.py", line 82, in lastrowid
    return self._last_cur.fetchall()
          ^^^^^^^^^^^^^^^^^^^^^^^^^
  File "C:\Users\Hp\AppData\Local\Programs\Python\Python314\Lib\site-packages\psycopg2\extras.py", line 82, in fetchone
    res = super().fetchone()
psycopg2.ProgrammingError: no results to fetch
Traceback (most recent call last):
  File "C:\Users\Hp\Downloads\ecommerce-ai-capstone\public\app.py", line 951, in do_POST
    # ELITE SECURITY: Encrypt Candidate ID in storage
  File "C:\Users\Hp\Downloads\ecommerce-ai-capstone\public\database.py", line 82, in lastrowid
    return self._last_cur.fetchall()
          ^^^^^^^^^^^^^^^^^^^^^^^^^
  File "C:\Users\Hp\AppData\Local\Programs\Python\Python314\Lib\site-packages\psycopg2\extras.py", line 82, in fetchone
    res = super().fetchone()
psycopg2.ProgrammingError: no results to fetch
Traceback (most recent call last):
  File "C:\Users\Hp\Downloads\ecommerce-ai-capstone\public\app.py", line 380, in do_GET
  File "C:\Users\Hp\Downloads\ecommerce-ai-capstone\public\ai_engine.py", line 132, in detect_anomalies
    rows = cur.execute("""
           ~~~~~~~~~~~^^^^
        SELECT ip_address, election_id, COUNT(*) as cnt
        ^^^^^^^^^^^^^^^^^^^^^^^^^^^^^^^^^^^^^^^^^^^^^^^
    ...<3 lines>...
        HAVING cnt > 1
        ^^^^^^^^^^^^^^
    """).fetchall()
    ^^^^
  File "C:\Users\Hp\Downloads\ecommerce-ai-capstone\public\database.py", line 57, in execute
    elif table == "announcements": pg_sql += " RETURNING ann_id"
    ^^^^^^^^^^^^^^^^^^^
  File "C:\Users\Hp\AppData\Local\Programs\Python\Python314\Lib\site-packages\psycopg2\extras.py", line 146, in execute
    return super().execute(query, vars)
           ~~~~~~~~~~~~~~~^^^^^^^^^^^^^
psycopg2.errors.UndefinedColumn: column "cnt" does not exist
LINE 6:         HAVING cnt > 1
                       ^

Traceback (most recent call last):
  File "C:\Users\Hp\Downloads\ecommerce-ai-capstone\public\app.py", line 380, in do_GET
  File "C:\Users\Hp\Downloads\ecommerce-ai-capstone\public\ai_engine.py", line 132, in detect_anomalies
    rows = cur.execute("""
           ~~~~~~~~~~~^^^^
        SELECT ip_address, election_id, COUNT(*) as cnt
        ^^^^^^^^^^^^^^^^^^^^^^^^^^^^^^^^^^^^^^^^^^^^^^^
    ...<3 lines>...
        HAVING cnt > 1
        ^^^^^^^^^^^^^^
    """).fetchall()
    ^^^^
  File "C:\Users\Hp\Downloads\ecommerce-ai-capstone\public\database.py", line 57, in execute
    elif table == "announcements": pg_sql += " RETURNING ann_id"
    ^^^^^^^^^^^^^^^^^^^
  File "C:\Users\Hp\AppData\Local\Programs\Python\Python314\Lib\site-packages\psycopg2\extras.py", line 146, in execute
    return super().execute(query, vars)
           ~~~~~~~~~~~~~~~^^^^^^^^^^^^^
psycopg2.errors.UndefinedColumn: column "cnt" does not exist
LINE 6:         HAVING cnt > 1
                       ^

Traceback (most recent call last):
  File "C:\Users\Hp\Downloads\ecommerce-ai-capstone\public\app.py", line 380, in do_GET
  File "C:\Users\Hp\Downloads\ecommerce-ai-capstone\public\ai_engine.py", line 132, in detect_anomalies
    rows = cur.execute("""
           ~~~~~~~~~~~^^^^
        SELECT ip_address, election_id, COUNT(*) as cnt
        ^^^^^^^^^^^^^^^^^^^^^^^^^^^^^^^^^^^^^^^^^^^^^^^
    ...<3 lines>...
        HAVING cnt > 1
        ^^^^^^^^^^^^^^
    """).fetchall()
    ^^^^
  File "C:\Users\Hp\Downloads\ecommerce-ai-capstone\public\database.py", line 57, in execute
    elif table == "announcements": pg_sql += " RETURNING ann_id"
    ^^^^^^^^^^^^^^^^^^^
  File "C:\Users\Hp\AppData\Local\Programs\Python\Python314\Lib\site-packages\psycopg2\extras.py", line 146, in execute
    return super().execute(query, vars)
           ~~~~~~~~~~~~~~~^^^^^^^^^^^^^
psycopg2.errors.UndefinedColumn: column "cnt" does not exist
LINE 6:         HAVING cnt > 1
                       ^

Traceback (most recent call last):
  File "C:\Users\Hp\Downloads\ecommerce-ai-capstone\public\app.py", line 438, in do_GET
    # \u2500\u2500 Admin: List Users \u2500\u2500\u2500\u2500\u2500\u2500\u2500\u2500\u2500\u2500\u2500\u2500\u2500\u2500\u2500\u2500\u2500\u2500\u2500\u2500\u2500\u2500\u2500\u2500\u2500
  File "C:\Users\Hp\Downloads\ecommerce-ai-capstone\public\app.py", line 154, in send_json
    results = conn.execute("""
        ^^^^^^^^^^^^^^^^^^^^^^
  File "C:\Users\Hp\AppData\Local\Programs\Python\Python314\Lib\socketserver.py", line 845, in write
    self._sock.sendall(b)
    ~~~~~~~~~~~~~~~~~~^^^
ConnectionAbortedError: [WinError 10053] An established connection was aborted by the software in your host machine
----------------------------------------
Exception occurred during processing of request from ('127.0.0.1', 63922)
Traceback (most recent call last):
  File "C:\Users\Hp\Downloads\ecommerce-ai-capstone\public\app.py", line 438, in do_GET
    # \u2500\u2500 Admin: List Users \u2500\u2500\u2500\u2500\u2500\u2500\u2500\u2500\u2500\u2500\u2500\u2500\u2500\u2500\u2500\u2500\u2500\u2500\u2500\u2500\u2500\u2500\u2500\u2500\u2500
  File "C:\Users\Hp\Downloads\ecommerce-ai-capstone\public\app.py", line 154, in send_json
    results = conn.execute("""
        ^^^^^^^^^^^^^^^^^^^^^^
  File "C:\Users\Hp\AppData\Local\Programs\Python\Python314\Lib\socketserver.py", line 845, in write
    self._sock.sendall(b)
    ~~~~~~~~~~~~~~~~~~^^^
ConnectionAbortedError: [WinError 10053] An established connection was aborted by the software in your host machine

During handling of the above exception, another exception occurred:

Traceback (most recent call last):
  File "C:\Users\Hp\AppData\Local\Programs\Python\Python314\Lib\socketserver.py", line 318, in _handle_request_noblock
    self.process_request(request, client_address)
    ~~~~~~~~~~~~~~~~~~~~^^^^^^^^^^^^^^^^^^^^^^^^^
  File "C:\Users\Hp\AppData\Local\Programs\Python\Python314\Lib\socketserver.py", line 349, in process_request
    self.finish_request(request, client_address)
    ~~~~~~~~~~~~~~~~~~~^^^^^^^^^^^^^^^^^^^^^^^^^
  File "C:\Users\Hp\AppData\Local\Programs\Python\Python314\Lib\socketserver.py", line 362, in finish_request
    self.RequestHandlerClass(request, client_address, self)
    ~~~~~~~~~~~~~~~~~~~~~~~~^^^^^^^^^^^^^^^^^^^^^^^^^^^^^^^
  File "C:\Users\Hp\Downloads\ecommerce-ai-capstone\public\app.py", line 138, in __init__
    
    if not SMTP_EMAIL or not SMTP_PASSWORD:
        return
  File "C:\Users\Hp\AppData\Local\Programs\Python\Python314\Lib\http\server.py", line 732, in __init__
    super().__init__(*args, **kwargs)
    ~~~~~~~~~~~~~~~~^^^^^^^^^^^^^^^^^
  File "C:\Users\Hp\AppData\Local\Programs\Python\Python314\Lib\socketserver.py", line 766, in __init__
    self.handle()
    ~~~~~~~~~~~^^
  File "C:\Users\Hp\AppData\Local\Programs\Python\Python314\Lib\http\server.py", line 496, in handle
    self.handle_one_request()
    ~~~~~~~~~~~~~~~~~~~~~~~^^
  File "C:\Users\Hp\AppData\Local\Programs\Python\Python314\Lib\http\server.py", line 484, in handle_one_request
    method()
    ~~~~~~^^
  File "C:\Users\Hp\Downloads\ecommerce-ai-capstone\public\app.py", line 633, in do_GET
    FROM votes v JOIN users u ON v.voter_id=u.voter_id
    ^^^^^^^^^^^^^^^^^^^^^^^^^^^^^^
  File "C:\Users\Hp\Downloads\ecommerce-ai-capstone\public\app.py", line 153, in send_json
  File "C:\Users\Hp\AppData\Local\Programs\Python\Python314\Lib\http\server.py", line 598, in end_headers
    self.flush_headers()
    ~~~~~~~~~~~~~~~~~~^^
  File "C:\Users\Hp\AppData\Local\Programs\Python\Python314\Lib\http\server.py", line 602, in flush_headers
    self.wfile.write(b"".join(self._headers_buffer))
    ~~~~~~~~~~~~~~~~^^^^^^^^^^^^^^^^^^^^^^^^^^^^^^^^
  File "C:\Users\Hp\AppData\Local\Programs\Python\Python314\Lib\socketserver.py", line 845, in write
    self._sock.sendall(b)
    ~~~~~~~~~~~~~~~~~~^^^
ConnectionAbortedError: [WinError 10053] An established connection was aborted by the software in your host machine
----------------------------------------
Traceback (most recent call last):
  File "C:\Users\Hp\Downloads\ecommerce-ai-capstone\public\app.py", line 438, in do_GET
    # \u2500\u2500 Admin: List Users \u2500\u2500\u2500\u2500\u2500\u2500\u2500\u2500\u2500\u2500\u2500\u2500\u2500\u2500\u2500\u2500\u2500\u2500\u2500\u2500\u2500\u2500\u2500\u2500\u2500
  File "C:\Users\Hp\Downloads\ecommerce-ai-capstone\public\app.py", line 154, in send_json
    results = conn.execute("""
        ^^^^^^^^^^^^^^^^^^^^^^
  File "C:\Users\Hp\AppData\Local\Programs\Python\Python314\Lib\socketserver.py", line 845, in write
    self._sock.sendall(b)
    ~~~~~~~~~~~~~~~~~~^^^
ConnectionAbortedError: [WinError 10053] An established connection was aborted by the software in your host machine
----------------------------------------
Exception occurred during processing of request from ('127.0.0.1', 52190)
Traceback (most recent call last):
  File "C:\Users\Hp\Downloads\ecommerce-ai-capstone\public\app.py", line 438, in do_GET
    # \u2500\u2500 Admin: List Users \u2500\u2500\u2500\u2500\u2500\u2500\u2500\u2500\u2500\u2500\u2500\u2500\u2500\u2500\u2500\u2500\u2500\u2500\u2500\u2500\u2500\u2500\u2500\u2500\u2500
  File "C:\Users\Hp\Downloads\ecommerce-ai-capstone\public\app.py", line 154, in send_json
    results = conn.execute("""
        ^^^^^^^^^^^^^^^^^^^^^^
  File "C:\Users\Hp\AppData\Local\Programs\Python\Python314\Lib\socketserver.py", line 845, in write
    self._sock.sendall(b)
    ~~~~~~~~~~~~~~~~~~^^^
ConnectionAbortedError: [WinError 10053] An established connection was aborted by the software in your host machine

During handling of the above exception, another exception occurred:

Traceback (most recent call last):
  File "C:\Users\Hp\AppData\Local\Programs\Python\Python314\Lib\socketserver.py", line 318, in _handle_request_noblock
    self.process_request(request, client_address)
    ~~~~~~~~~~~~~~~~~~~~^^^^^^^^^^^^^^^^^^^^^^^^^
  File "C:\Users\Hp\AppData\Local\Programs\Python\Python314\Lib\socketserver.py", line 349, in process_request
    self.finish_request(request, client_address)
    ~~~~~~~~~~~~~~~~~~~^^^^^^^^^^^^^^^^^^^^^^^^^
  File "C:\Users\Hp\AppData\Local\Programs\Python\Python314\Lib\socketserver.py", line 362, in finish_request
    self.RequestHandlerClass(request, client_address, self)
    ~~~~~~~~~~~~~~~~~~~~~~~~^^^^^^^^^^^^^^^^^^^^^^^^^^^^^^^
  File "C:\Users\Hp\Downloads\ecommerce-ai-capstone\public\app.py", line 138, in __init__
    
    if not SMTP_EMAIL or not SMTP_PASSWORD:
        return
  File "C:\Users\Hp\AppData\Local\Programs\Python\Python314\Lib\http\server.py", line 732, in __init__
    super().__init__(*args, **kwargs)
    ~~~~~~~~~~~~~~~~^^^^^^^^^^^^^^^^^
  File "C:\Users\Hp\AppData\Local\Programs\Python\Python314\Lib\socketserver.py", line 766, in __init__
    self.handle()
    ~~~~~~~~~~~^^
  File "C:\Users\Hp\AppData\Local\Programs\Python\Python314\Lib\http\server.py", line 496, in handle
    self.handle_one_request()
    ~~~~~~~~~~~~~~~~~~~~~~~^^
  File "C:\Users\Hp\AppData\Local\Programs\Python\Python314\Lib\http\server.py", line 484, in handle_one_request
    method()
    ~~~~~~^^
  File "C:\Users\Hp\Downloads\ecommerce-ai-capstone\public\app.py", line 633, in do_GET
    FROM votes v JOIN users u ON v.voter_id=u.voter_id
    ^^^^^^^^^^^^^^^^^^^^^^^^^^^^^^
  File "C:\Users\Hp\Downloads\ecommerce-ai-capstone\public\app.py", line 153, in send_json
  File "C:\Users\Hp\AppData\Local\Programs\Python\Python314\Lib\http\server.py", line 598, in end_headers
    self.flush_headers()
    ~~~~~~~~~~~~~~~~~~^^
  File "C:\Users\Hp\AppData\Local\Programs\Python\Python314\Lib\http\server.py", line 602, in flush_headers
    self.wfile.write(b"".join(self._headers_buffer))
    ~~~~~~~~~~~~~~~~^^^^^^^^^^^^^^^^^^^^^^^^^^^^^^^^
  File "C:\Users\Hp\AppData\Local\Programs\Python\Python314\Lib\socketserver.py", line 845, in write
    self._sock.sendall(b)
    ~~~~~~~~~~~~~~~~~~^^^
ConnectionAbortedError: [WinError 10053] An established connection was aborted by the software in your host machine
----------------------------------------
Traceback (most recent call last):
  File "C:\Users\Hp\Downloads\ecommerce-ai-capstone\public\app.py", line 380, in do_GET
  File "C:\Users\Hp\Downloads\ecommerce-ai-capstone\public\ai_engine.py", line 132, in detect_anomalies
    rows = cur.execute("""
           ~~~~~~~~~~~^^^^
        SELECT ip_address, election_id, COUNT(*) as cnt
        ^^^^^^^^^^^^^^^^^^^^^^^^^^^^^^^^^^^^^^^^^^^^^^^
    ...<3 lines>...
        HAVING cnt > 1
        ^^^^^^^^^^^^^^
    """).fetchall()
    ^^^^
  File "C:\Users\Hp\Downloads\ecommerce-ai-capstone\public\database.py", line 57, in execute
    elif table == "announcements": pg_sql += " RETURNING ann_id"
    ^^^^^^^^^^^^^^^^^^^
  File "C:\Users\Hp\AppData\Local\Programs\Python\Python314\Lib\site-packages\psycopg2\extras.py", line 146, in execute
    return super().execute(query, vars)
           ~~~~~~~~~~~~~~~^^^^^^^^^^^^^
psycopg2.errors.UndefinedColumn: column "cnt" does not exist
LINE 6:         HAVING cnt > 1
                       ^

Traceback (most recent call last):
  File "C:\Users\Hp\Downloads\ecommerce-ai-capstone\public\app.py", line 380, in do_GET
  File "C:\Users\Hp\Downloads\ecommerce-ai-capstone\public\ai_engine.py", line 132, in detect_anomalies
    rows = cur.execute("""
           ~~~~~~~~~~~^^^^
        SELECT ip_address, election_id, COUNT(*) as cnt
        ^^^^^^^^^^^^^^^^^^^^^^^^^^^^^^^^^^^^^^^^^^^^^^^
    ...<3 lines>...
        HAVING cnt > 1
        ^^^^^^^^^^^^^^
    """).fetchall()
    ^^^^
  File "C:\Users\Hp\Downloads\ecommerce-ai-capstone\public\database.py", line 57, in execute
    elif table == "announcements": pg_sql += " RETURNING ann_id"
    ^^^^^^^^^^^^^^^^^^^
  File "C:\Users\Hp\AppData\Local\Programs\Python\Python314\Lib\site-packages\psycopg2\extras.py", line 146, in execute
    return super().execute(query, vars)
           ~~~~~~~~~~~~~~~^^^^^^^^^^^^^
psycopg2.errors.UndefinedColumn: column "cnt" does not exist
LINE 6:         HAVING cnt > 1
                       ^

Traceback (most recent call last):
  File "C:\Users\Hp\Downloads\ecommerce-ai-capstone\public\app.py", line 380, in do_GET
    rows = conn.execute("""
                ^^^^^^^^^^^
  File "C:\Users\Hp\Downloads\ecommerce-ai-capstone\public\ai_engine.py", line 132, in detect_anomalies
    rows = cur.execute("""
           ~~~~~~~~~~~^^^^
        SELECT ip_address, election_id, COUNT(*) as cnt
        ^^^^^^^^^^^^^^^^^^^^^^^^^^^^^^^^^^^^^^^^^^^^^^^
    ...<3 lines>...
        HAVING cnt > 1
        ^^^^^^^^^^^^^^
    """).fetchall()
    ^^^^
  File "C:\Users\Hp\Downloads\ecommerce-ai-capstone\public\database.py", line 57, in execute
    elif table == "announcements": pg_sql += " RETURNING ann_id"
    ^^^^^^^^^^^^^^^^^^^
  File "C:\Users\Hp\AppData\Local\Programs\Python\Python314\Lib\site-packages\psycopg2\extras.py", line 146, in execute
    return super().execute(query, vars)
           ~~~~~~~~~~~~~~~^^^^^^^^^^^^^
psycopg2.errors.UndefinedColumn: column "cnt" does not exist
LINE 6:         HAVING cnt > 1
                       ^

Traceback (most recent call last):
  File "C:\Users\Hp\Downloads\ecommerce-ai-capstone\public\app.py", line 930, in do_POST
    ).fetchone()
    
  File "C:\Users\Hp\Downloads\ecommerce-ai-capstone\public\database.py", line 82, in lastrowid
    return self._last_cur.fetchall()
          ^^^^^^^^^^^^^^^^^^^^^^^^^
  File "C:\Users\Hp\AppData\Local\Programs\Python\Python314\Lib\site-packages\psycopg2\extras.py", line 82, in fetchone
    res = super().fetchone()
psycopg2.ProgrammingError: no results to fetch
Traceback (most recent call last):
  File "C:\Users\Hp\Downloads\ecommerce-ai-capstone\public\app.py", line 930, in do_POST
    ).fetchone()
    
  File "C:\Users\Hp\Downloads\ecommerce-ai-capstone\public\database.py", line 82, in lastrowid
    return self._last_cur.fetchall()
          ^^^^^^^^^^^^^^^^^^^^^^^^^
  File "C:\Users\Hp\AppData\Local\Programs\Python\Python314\Lib\site-packages\psycopg2\extras.py", line 82, in fetchone
    res = super().fetchone()
psycopg2.ProgrammingError: no results to fetch
Traceback (most recent call last):
  File "C:\Users\Hp\Downloads\ecommerce-ai-capstone\public\app.py", line 930, in do_POST
    ).fetchone()
    
  File "C:\Users\Hp\Downloads\ecommerce-ai-capstone\public\database.py", line 82, in lastrowid
    return self._last_cur.fetchall()
          ^^^^^^^^^^^^^^^^^^^^^^^^^
  File "C:\Users\Hp\AppData\Local\Programs\Python\Python314\Lib\site-packages\psycopg2\extras.py", line 82, in fetchone
    res = super().fetchone()
psycopg2.ProgrammingError: no results to fetch
Traceback (most recent call last):
  File "C:\Users\Hp\Downloads\ecommerce-ai-capstone\public\app.py", line 930, in do_POST
    ).fetchone()
    
  File "C:\Users\Hp\Downloads\ecommerce-ai-capstone\public\database.py", line 82, in lastrowid
    return self._last_cur.fetchall()
          ^^^^^^^^^^^^^^^^^^^^^^^^^
  File "C:\Users\Hp\AppData\Local\Programs\Python\Python314\Lib\site-packages\psycopg2\extras.py", line 82, in fetchone
    res = super().fetchone()
psycopg2.ProgrammingError: no results to fetch
Traceback (most recent call last):
  File "C:\Users\Hp\Downloads\ecommerce-ai-capstone\public\app.py", line 380, in do_GET
    rows = conn.execute("""
                ^^^^^^^^^^^
  File "C:\Users\Hp\Downloads\ecommerce-ai-capstone\public\ai_engine.py", line 132, in detect_anomalies
    rows = cur.execute("""
           ~~~~~~~~~~~^^^^
        SELECT ip_address, election_id, COUNT(*) as cnt
        ^^^^^^^^^^^^^^^^^^^^^^^^^^^^^^^^^^^^^^^^^^^^^^^
    ...<3 lines>...
        HAVING cnt > 1
        ^^^^^^^^^^^^^^
    """).fetchall()
    ^^^^
  File "C:\Users\Hp\Downloads\ecommerce-ai-capstone\public\database.py", line 57, in execute
    elif table == "announcements": pg_sql += " RETURNING ann_id"
    ^^^^^^^^^^^^^^^^^^^
  File "C:\Users\Hp\AppData\Local\Programs\Python\Python314\Lib\site-packages\psycopg2\extras.py", line 146, in execute
    return super().execute(query, vars)
           ~~~~~~~~~~~~~~~^^^^^^^^^^^^^
psycopg2.errors.UndefinedColumn: column "cnt" does not exist
LINE 6:         HAVING cnt > 1
                       ^

Traceback (most recent call last):
  File "C:\Users\Hp\Downloads\ecommerce-ai-capstone\public\app.py", line 380, in do_GET
    rows = conn.execute("""
                ^^^^^^^^^^^
  File "C:\Users\Hp\Downloads\ecommerce-ai-capstone\public\ai_engine.py", line 132, in detect_anomalies
    rows = cur.execute("""
           ~~~~~~~~~~~^^^^
        SELECT ip_address, election_id, COUNT(*) as cnt
        ^^^^^^^^^^^^^^^^^^^^^^^^^^^^^^^^^^^^^^^^^^^^^^^
    ...<3 lines>...
        HAVING cnt > 1
        ^^^^^^^^^^^^^^
    """).fetchall()
    ^^^^
  File "C:\Users\Hp\Downloads\ecommerce-ai-capstone\public\database.py", line 57, in execute
    elif table == "announcements": pg_sql += " RETURNING ann_id"
    ^^^^^^^^^^^^^^^^^^^
  File "C:\Users\Hp\AppData\Local\Programs\Python\Python314\Lib\site-packages\psycopg2\extras.py", line 146, in execute
    return super().execute(query, vars)
           ~~~~~~~~~~~~~~~^^^^^^^^^^^^^
psycopg2.errors.UndefinedColumn: column "cnt" does not exist
LINE 6:         HAVING cnt > 1
                       ^

Traceback (most recent call last):
  File "C:\Users\Hp\Downloads\ecommerce-ai-capstone\public\app.py", line 380, in do_GET
    rows = conn.execute("""
                ^^^^^^^^^^^
  File "C:\Users\Hp\Downloads\ecommerce-ai-capstone\public\ai_engine.py", line 132, in detect_anomalies
    rows = cur.execute("""
           ~~~~~~~~~~~^^^^
        SELECT ip_address, election_id, COUNT(*) as cnt
        ^^^^^^^^^^^^^^^^^^^^^^^^^^^^^^^^^^^^^^^^^^^^^^^
    ...<3 lines>...
        HAVING cnt > 1
        ^^^^^^^^^^^^^^
    """).fetchall()
    ^^^^
  File "C:\Users\Hp\Downloads\ecommerce-ai-capstone\public\database.py", line 57, in execute
    elif table == "announcements": pg_sql += " RETURNING ann_id"
    ^^^^^^^^^^^^^^^^^^^
  File "C:\Users\Hp\AppData\Local\Programs\Python\Python314\Lib\site-packages\psycopg2\extras.py", line 146, in execute
    return super().execute(query, vars)
           ~~~~~~~~~~~~~~~^^^^^^^^^^^^^
psycopg2.errors.UndefinedColumn: column "cnt" does not exist
LINE 6:         HAVING cnt > 1
                       ^

Traceback (most recent call last):
  File "C:\Users\Hp\Downloads\ecommerce-ai-capstone\public\app.py", line 380, in do_GET
    rows = conn.execute("""
                ^^^^^^^^^^^
  File "C:\Users\Hp\Downloads\ecommerce-ai-capstone\public\ai_engine.py", line 132, in detect_anomalies
    rows = cur.execute("""
           ~~~~~~~~~~~^^^^
        SELECT ip_address, election_id, COUNT(*) as cnt
        ^^^^^^^^^^^^^^^^^^^^^^^^^^^^^^^^^^^^^^^^^^^^^^^
    ...<3 lines>...
        HAVING cnt > 1
        ^^^^^^^^^^^^^^
    """).fetchall()
    ^^^^
  File "C:\Users\Hp\Downloads\ecommerce-ai-capstone\public\database.py", line 57, in execute
    elif table == "announcements": pg_sql += " RETURNING ann_id"
    ^^^^^^^^^^^^^^^^^^^
  File "C:\Users\Hp\AppData\Local\Programs\Python\Python314\Lib\site-packages\psycopg2\extras.py", line 146, in execute
    return super().execute(query, vars)
           ~~~~~~~~~~~~~~~^^^^^^^^^^^^^
psycopg2.errors.UndefinedColumn: column "cnt" does not exist
LINE 6:         HAVING cnt > 1
                       ^

Traceback (most recent call last):
  File "C:\Users\Hp\Downloads\ecommerce-ai-capstone\public\app.py", line 380, in do_GET
    rows = conn.execute("""
                ^^^^^^^^^^^
  File "C:\Users\Hp\Downloads\ecommerce-ai-capstone\public\ai_engine.py", line 132, in detect_anomalies
    rows = cur.execute("""
           ~~~~~~~~~~~^^^^
        SELECT ip_address, election_id, COUNT(*) as cnt
        ^^^^^^^^^^^^^^^^^^^^^^^^^^^^^^^^^^^^^^^^^^^^^^^
    ...<3 lines>...
        HAVING cnt > 1
        ^^^^^^^^^^^^^^
    """).fetchall()
    ^^^^
  File "C:\Users\Hp\Downloads\ecommerce-ai-capstone\public\database.py", line 57, in execute
    elif table == "announcements": pg_sql += " RETURNING ann_id"
    ^^^^^^^^^^^^^^^^^^^
  File "C:\Users\Hp\AppData\Local\Programs\Python\Python314\Lib\site-packages\psycopg2\extras.py", line 146, in execute
    return super().execute(query, vars)
           ~~~~~~~~~~~~~~~^^^^^^^^^^^^^
psycopg2.errors.UndefinedColumn: column "cnt" does not exist
LINE 6:         HAVING cnt > 1
                       ^

Traceback (most recent call last):
  File "C:\Users\Hp\Downloads\ecommerce-ai-capstone\public\app.py", line 930, in do_POST
    ).fetchone()
    
  File "C:\Users\Hp\Downloads\ecommerce-ai-capstone\public\database.py", line 82, in lastrowid
    return self._last_cur.fetchall()
          ^^^^^^^^^^^^^^^^^^^^^^^^^
  File "C:\Users\Hp\AppData\Local\Programs\Python\Python314\Lib\site-packages\psycopg2\extras.py", line 82, in fetchone
    res = super().fetchone()
psycopg2.ProgrammingError: no results to fetch
Traceback (most recent call last):
  File "C:\Users\Hp\Downloads\ecommerce-ai-capstone\public\app.py", line 615, in do_GET
    logs = conn.execute(
    ^^^^^^^^^^^^^^^^^^^^
    ...<3 lines>...
    anns = conn.execute(
    ^^
  File "C:\Users\Hp\Downloads\ecommerce-ai-capstone\public\app.py", line 154, in send_json
    cur = conn.cursor()
        ^^^^^^^^^^^^^^^
  File "C:\Users\Hp\AppData\Local\Programs\Python\Python314\Lib\socketserver.py", line 845, in write
    self._sock.sendall(b)
    ~~~~~~~~~~~~~~~~~~^^^
ConnectionAbortedError: [WinError 10053] An established connection was aborted by the software in your host machine
----------------------------------------
Exception occurred during processing of request from ('127.0.0.1', 59819)
Traceback (most recent call last):
  File "C:\Users\Hp\Downloads\ecommerce-ai-capstone\public\app.py", line 615, in do_GET
    logs = conn.execute(
    ^^^^^^^^^^^^^^^^^^^^
    ...<3 lines>...
    anns = conn.execute(
    ^^
  File "C:\Users\Hp\Downloads\ecommerce-ai-capstone\public\app.py", line 154, in send_json
    cur = conn.cursor()
        ^^^^^^^^^^^^^^^
  File "C:\Users\Hp\AppData\Local\Programs\Python\Python314\Lib\socketserver.py", line 845, in write
    self._sock.sendall(b)
    ~~~~~~~~~~~~~~~~~~^^^
ConnectionAbortedError: [WinError 10053] An established connection was aborted by the software in your host machine

During handling of the above exception, another exception occurred:

Traceback (most recent call last):
  File "C:\Users\Hp\AppData\Local\Programs\Python\Python314\Lib\socketserver.py", line 318, in _handle_request_noblock
    self.process_request(request, client_address)
    ~~~~~~~~~~~~~~~~~~~~^^^^^^^^^^^^^^^^^^^^^^^^^
  File "C:\Users\Hp\AppData\Local\Programs\Python\Python314\Lib\socketserver.py", line 349, in process_request
    self.finish_request(request, client_address)
    ~~~~~~~~~~~~~~~~~~~^^^^^^^^^^^^^^^^^^^^^^^^^
  File "C:\Users\Hp\AppData\Local\Programs\Python\Python314\Lib\socketserver.py", line 362, in finish_request
    self.RequestHandlerClass(request, client_address, self)
    ~~~~~~~~~~~~~~~~~~~~~~~~^^^^^^^^^^^^^^^^^^^^^^^^^^^^^^^
  File "C:\Users\Hp\Downloads\ecommerce-ai-capstone\public\app.py", line 138, in __init__
    try:
    
        from config import SMTP_SERVER, SMTP_PORT, SMTP_EMAIL, SMTP_PASSWORD
        ^^^^^^^^^^^^^^^^^^^^^^^^^^^^^^^^^^^^^^^^^^^^^^^^^^^^^^^^^^^^^^^^^^^^
    except ImportError:
    ^^^^^^^^^^^^^^^^^^^
  File "C:\Users\Hp\AppData\Local\Programs\Python\Python314\Lib\http\server.py", line 732, in __init__
    super().__init__(*args, **kwargs)
    ~~~~~~~~~~~~~~~~^^^^^^^^^^^^^^^^^
  File "C:\Users\Hp\AppData\Local\Programs\Python\Python314\Lib\socketserver.py", line 766, in __init__
    self.handle()
    ~~~~~~~~~~~^^
  File "C:\Users\Hp\AppData\Local\Programs\Python\Python314\Lib\http\server.py", line 496, in handle
    self.handle_one_request()
    ~~~~~~~~~~~~~~~~~~~~~~~^^
  File "C:\Users\Hp\AppData\Local\Programs\Python\Python314\Lib\http\server.py", line 484, in handle_one_request
    method()
    ~~~~~~^^
  File "C:\Users\Hp\Downloads\ecommerce-ai-capstone\public\app.py", line 633, in do_GET
    FROM votes WHERE election_id=?
  File "C:\Users\Hp\Downloads\ecommerce-ai-capstone\public\app.py", line 153, in send_json
    # Compute results to get winner
  File "C:\Users\Hp\AppData\Local\Programs\Python\Python314\Lib\http\server.py", line 598, in end_headers
    self.flush_headers()
    ~~~~~~~~~~~~~~~~~~^^
  File "C:\Users\Hp\AppData\Local\Programs\Python\Python314\Lib\http\server.py", line 602, in flush_headers
    self.wfile.write(b"".join(self._headers_buffer))
    ~~~~~~~~~~~~~~~~^^^^^^^^^^^^^^^^^^^^^^^^^^^^^^^^
  File "C:\Users\Hp\AppData\Local\Programs\Python\Python314\Lib\socketserver.py", line 845, in write
    self._sock.sendall(b)
    ~~~~~~~~~~~~~~~~~~^^^
ConnectionAbortedError: [WinError 10053] An established connection was aborted by the software in your host machine
----------------------------------------
Traceback (most recent call last):
  File "C:\Users\Hp\Downloads\ecommerce-ai-capstone\public\app.py", line 615, in do_GET
    logs = conn.execute(
    ^^^^^^^^^^^^^^^^^^^^
    ...<3 lines>...
    anns = conn.execute(
    ^^
  File "C:\Users\Hp\Downloads\ecommerce-ai-capstone\public\app.py", line 154, in send_json
    cur = conn.cursor()
        ^^^^^^^^^^^^^^^
  File "C:\Users\Hp\AppData\Local\Programs\Python\Python314\Lib\socketserver.py", line 845, in write
    self._sock.sendall(b)
    ~~~~~~~~~~~~~~~~~~^^^
ConnectionAbortedError: [WinError 10053] An established connection was aborted by the software in your host machine
----------------------------------------
Exception occurred during processing of request from ('127.0.0.1', 63042)
Traceback (most recent call last):
  File "C:\Users\Hp\Downloads\ecommerce-ai-capstone\public\app.py", line 615, in do_GET
    logs = conn.execute(
    ^^^^^^^^^^^^^^^^^^^^
    ...<3 lines>...
    anns = conn.execute(
    ^^
  File "C:\Users\Hp\Downloads\ecommerce-ai-capstone\public\app.py", line 154, in send_json
    cur = conn.cursor()
        ^^^^^^^^^^^^^^^
  File "C:\Users\Hp\AppData\Local\Programs\Python\Python314\Lib\socketserver.py", line 845, in write
    self._sock.sendall(b)
    ~~~~~~~~~~~~~~~~~~^^^
ConnectionAbortedError: [WinError 10053] An established connection was aborted by the software in your host machine

During handling of the above exception, another exception occurred:

Traceback (most recent call last):
  File "C:\Users\Hp\AppData\Local\Programs\Python\Python314\Lib\socketserver.py", line 318, in _handle_request_noblock
    self.process_request(request, client_address)
    ~~~~~~~~~~~~~~~~~~~~^^^^^^^^^^^^^^^^^^^^^^^^^
  File "C:\Users\Hp\AppData\Local\Programs\Python\Python314\Lib\socketserver.py", line 349, in process_request
    self.finish_request(request, client_address)
    ~~~~~~~~~~~~~~~~~~~^^^^^^^^^^^^^^^^^^^^^^^^^
  File "C:\Users\Hp\AppData\Local\Programs\Python\Python314\Lib\socketserver.py", line 362, in finish_request
    self.RequestHandlerClass(request, client_address, self)
    ~~~~~~~~~~~~~~~~~~~~~~~~^^^^^^^^^^^^^^^^^^^^^^^^^^^^^^^
  File "C:\Users\Hp\Downloads\ecommerce-ai-capstone\public\app.py", line 138, in __init__
    try:
    
        from config import SMTP_SERVER, SMTP_PORT, SMTP_EMAIL, SMTP_PASSWORD
        ^^^^^^^^^^^^^^^^^^^^^^^^^^^^^^^^^^^^^^^^^^^^^^^^^^^^^^^^^^^^^^^^^^^^
    except ImportError:
    ^^^^^^^^^^^^^^^^^^^
  File "C:\Users\Hp\AppData\Local\Programs\Python\Python314\Lib\http\server.py", line 732, in __init__
    super().__init__(*args, **kwargs)
    ~~~~~~~~~~~~~~~~^^^^^^^^^^^^^^^^^
  File "C:\Users\Hp\AppData\Local\Programs\Python\Python314\Lib\socketserver.py", line 766, in __init__
    self.handle()
    ~~~~~~~~~~~^^
  File "C:\Users\Hp\AppData\Local\Programs\Python\Python314\Lib\http\server.py", line 496, in handle
    self.handle_one_request()
    ~~~~~~~~~~~~~~~~~~~~~~~^^
  File "C:\Users\Hp\AppData\Local\Programs\Python\Python314\Lib\http\server.py", line 484, in handle_one_request
    method()
    ~~~~~~^^
  File "C:\Users\Hp\Downloads\ecommerce-ai-capstone\public\app.py", line 633, in do_GET
    FROM votes WHERE election_id=?
  File "C:\Users\Hp\Downloads\ecommerce-ai-capstone\public\app.py", line 153, in send_json
    # Compute results to get winner
  File "C:\Users\Hp\AppData\Local\Programs\Python\Python314\Lib\http\server.py", line 598, in end_headers
    self.flush_headers()
    ~~~~~~~~~~~~~~~~~~^^
  File "C:\Users\Hp\AppData\Local\Programs\Python\Python314\Lib\http\server.py", line 602, in flush_headers
    self.wfile.write(b"".join(self._headers_buffer))
    ~~~~~~~~~~~~~~~~^^^^^^^^^^^^^^^^^^^^^^^^^^^^^^^^
  File "C:\Users\Hp\AppData\Local\Programs\Python\Python314\Lib\socketserver.py", line 845, in write
    self._sock.sendall(b)
    ~~~~~~~~~~~~~~~~~~^^^
ConnectionAbortedError: [WinError 10053] An established connection was aborted by the software in your host machine
----------------------------------------
----------------------------------------
Exception occurred during processing of request from ('127.0.0.1', 54015)
Traceback (most recent call last):
  File "C:\Users\Hp\Downloads\ecommerce-ai-capstone\public\database.py", line 92, in get_connection
  File "C:\Users\Hp\AppData\Local\Programs\Python\Python314\Lib\site-packages\psycopg2\__init__.py", line 135, in connect
    conn = _connect(dsn, connection_factory=connection_factory, **kwasync)
psycopg2.OperationalError: connection to server at "ep-broad-truth-anqla1es.c-6.us-east-1.aws.neon.tech" (2600:1f18:700d:420f:6860:ea6:594c:ad0d), port 5432 failed: ERROR:  Authentication timed out


During handling of the above exception, another exception occurred:

Traceback (most recent call last):
  File "C:\Users\Hp\AppData\Local\Programs\Python\Python314\Lib\socketserver.py", line 318, in _handle_request_noblock
    self.process_request(request, client_address)
    ~~~~~~~~~~~~~~~~~~~~^^^^^^^^^^^^^^^^^^^^^^^^^
  File "C:\Users\Hp\AppData\Local\Programs\Python\Python314\Lib\socketserver.py", line 349, in process_request
    self.finish_request(request, client_address)
    ~~~~~~~~~~~~~~~~~~~^^^^^^^^^^^^^^^^^^^^^^^^^
  File "C:\Users\Hp\AppData\Local\Programs\Python\Python314\Lib\socketserver.py", line 362, in finish_request
    self.RequestHandlerClass(request, client_address, self)
    ~~~~~~~~~~~~~~~~~~~~~~~~^^^^^^^^^^^^^^^^^^^^^^^^^^^^^^^
  File "C:\Users\Hp\Downloads\ecommerce-ai-capstone\public\app.py", line 138, in __init__
    try:
    
        from config import SMTP_SERVER, SMTP_PORT, SMTP_EMAIL, SMTP_PASSWORD
        ^^^^^^^^^^^^^^^^^^^^^^^^^^^^^^^^^^^^^^^^^^^^^^^^^^^^^^^^^^^^^^^^^^^^
    except ImportError:
    ^^^^^^^^^^^^^^^^^^^
  File "C:\Users\Hp\AppData\Local\Programs\Python\Python314\Lib\http\server.py", line 732, in __init__
    super().__init__(*args, **kwargs)
    ~~~~~~~~~~~~~~~~^^^^^^^^^^^^^^^^^
  File "C:\Users\Hp\AppData\Local\Programs\Python\Python314\Lib\socketserver.py", line 766, in __init__
    self.handle()
    ~~~~~~~~~~~^^
  File "C:\Users\Hp\AppData\Local\Programs\Python\Python314\Lib\http\server.py", line 496, in handle
    self.handle_one_request()
    ~~~~~~~~~~~~~~~~~~~~~~~^^
  File "C:\Users\Hp\AppData\Local\Programs\Python\Python314\Lib\http\server.py", line 484, in handle_one_request
    method()
    ~~~~~~^^
  File "C:\Users\Hp\Downloads\ecommerce-ai-capstone\public\app.py", line 204, in do_GET
    directory=os.path.dirname(__file__),
    ^^^^^^
  File "C:\Users\Hp\Downloads\ecommerce-ai-capstone\public\database.py", line 95, in get_connection
    @property
    
  File "C:\Users\Hp\AppData\Local\Programs\Python\Python314\Lib\encodings\cp1252.py", line 19, in encode
    return codecs.charmap_encode(input,self.errors,encoding_table)[0]
           ~~~~~~~~~~~~~~~~~~~~~^^^^^^^^^^^^^^^^^^^^^^^^^^^^^^^^^^
UnicodeEncodeError: 'charmap' codec can't encode characters in position 0-1: character maps to <undefined>
----------------------------------------
=======================================================
  VoteSecure - AI Digital Voting Platform
=======================================================
  Seeding database with initial data...
  Database seeded successfully.
  Server: http://127.0.0.1:8000
  Admin:  admin@votesecure.com / Admin@123
  Voter:  aditya@example.com  / Test@123
  Press Ctrl+C to stop.
=======================================================
  127.0.0.1 - "GET / HTTP/1.1" 200 -
  127.0.0.1 - "GET /style.css HTTP/1.1" 200 -
  127.0.0.1 - code 404, message File not found
  127.0.0.1 - "GET /favicon.ico HTTP/1.1" 404 -
  127.0.0.1 - "GET /api/auth/google HTTP/1.1" 302 -
  127.0.0.1 - "GET / HTTP/1.1" 200 -
  127.0.0.1 - "GET /api/auth/captcha HTTP/1.1" 200 -
  127.0.0.1 - "GET /style.css HTTP/1.1" 200 -
  127.0.0.1 - code 404, message File not found
  127.0.0.1 - "GET /favicon.ico HTTP/1.1" 404 -
  127.0.0.1 - "POST /api/auth/verify-captcha HTTP/1.1" 200 -
  127.0.0.1 - "POST /api/auth/verify-captcha HTTP/1.1" 400 -
  127.0.0.1 - "POST /api/auth/register HTTP/1.1" 200 -
  127.0.0.1 - "GET /api/auth/captcha HTTP/1.1" 200 -
  127.0.0.1 - "GET /api/auth/captcha HTTP/1.1" 200 -
  127.0.0.1 - "GET / HTTP/1.1" 200 -
  127.0.0.1 - "GET /api/auth/google HTTP/1.1" 302 -
  127.0.0.1 - "GET /api/auth/captcha HTTP/1.1" 200 -
  127.0.0.1 - "POST /api/auth/verify-captcha HTTP/1.1" 200 -
  127.0.0.1 - "POST /api/auth/verify-captcha HTTP/1.1" 400 -
  127.0.0.1 - "POST /api/auth/verify-captcha HTTP/1.1" 400 -
  127.0.0.1 - "POST /api/auth/register HTTP/1.1" 409 -
  127.0.0.1 - "GET /api/auth/captcha HTTP/1.1" 200 -
  127.0.0.1 - "GET /api/auth/captcha HTTP/1.1" 200 -
  127.0.0.1 - "GET /api/auth/captcha HTTP/1.1" 200 -
  127.0.0.1 - "POST /api/auth/verify-captcha HTTP/1.1" 400 -
  127.0.0.1 - "GET /api/auth/captcha HTTP/1.1" 200 -
  127.0.0.1 - "POST /api/auth/verify-captcha HTTP/1.1" 200 -
  127.0.0.1 - "POST /api/auth/verify-captcha HTTP/1.1" 400 -
  127.0.0.1 - "GET /api/auth/captcha HTTP/1.1" 200 -
  127.0.0.1 - "POST /api/auth/verify-captcha HTTP/1.1" 400 -
  127.0.0.1 - "GET /api/auth/captcha HTTP/1.1" 200 -
  127.0.0.1 - "POST /api/auth/verify-captcha HTTP/1.1" 200 -
  127.0.0.1 - "POST /api/auth/register HTTP/1.1" 409 -
  127.0.0.1 - "POST /api/auth/register HTTP/1.1" 409 -
  127.0.0.1 - "GET /api/auth/captcha HTTP/1.1" 200 -
  127.0.0.1 - "POST /api/auth/verify-captcha HTTP/1.1" 200 -
  127.0.0.1 - "POST /api/auth/register HTTP/1.1" 200 -
  127.0.0.1 - "POST /api/auth/register HTTP/1.1" 409 -
  127.0.0.1 - "POST /api/auth/register HTTP/1.1" 409 -
  127.0.0.1 - "POST /api/auth/register HTTP/1.1" 409 -
  127.0.0.1 - "POST /api/auth/register HTTP/1.1" 409 -
  127.0.0.1 - "POST /api/auth/register HTTP/1.1" 409 -
  127.0.0.1 - "POST /api/auth/voter/login HTTP/1.1" 200 -
  127.0.0.1 - "POST /api/auth/register HTTP/1.1" 409 -
  127.0.0.1 - "GET /voter.html HTTP/1.1" 200 -
  127.0.0.1 - "GET /voter.js HTTP/1.1" 200 -
  127.0.0.1 - "GET /api/elections HTTP/1.1" 200 -
  127.0.0.1 - "GET /api/voter/history HTTP/1.1" 200 -
  127.0.0.1 - "GET /api/announcements HTTP/1.1" 200 -
  127.0.0.1 - "GET /api/announcements HTTP/1.1" 200 -
  127.0.0.1 - "GET /api/announcements HTTP/1.1" 200 -
  127.0.0.1 - "GET /api/announcements HTTP/1.1" 200 -
  127.0.0.1 - "GET /api/announcements HTTP/1.1" 200 -
  127.0.0.1 - "GET /api/announcements HTTP/1.1" 200 -
  127.0.0.1 - "GET /api/announcements HTTP/1.1" 200 -
  127.0.0.1 - "GET /api/announcements HTTP/1.1" 200 -
  127.0.0.1 - "GET /api/announcements HTTP/1.1" 200 -
  127.0.0.1 - "GET /api/announcements HTTP/1.1" 200 -
  127.0.0.1 - "GET /api/announcements HTTP/1.1" 200 -
  127.0.0.1 - "GET /api/announcements HTTP/1.1" 200 -
  127.0.0.1 - "GET /api/announcements HTTP/1.1" 200 -
  127.0.0.1 - "GET /api/announcements HTTP/1.1" 200 -
  127.0.0.1 - "GET /api/announcements HTTP/1.1" 200 -
  127.0.0.1 - "GET /api/announcements HTTP/1.1" 200 -
  127.0.0.1 - "GET /api/elections HTTP/1.1" 200 -
  127.0.0.1 - "GET /api/elections/active HTTP/1.1" 200 -
  127.0.0.1 - "GET /api/announcements HTTP/1.1" 200 -
  127.0.0.1 - "GET /api/voter/history HTTP/1.1" 200 -
  127.0.0.1 - "GET /api/announcements HTTP/1.1" 200 -
  127.0.0.1 - "GET /api/elections/active HTTP/1.1" 200 -
  127.0.0.1 - "GET /api/announcements HTTP/1.1" 200 -
  127.0.0.1 - "GET /api/candidates?election_id=1 HTTP/1.1" 200 -
  127.0.0.1 - "GET /api/voter/history HTTP/1.1" 200 -
  127.0.0.1 - "GET /api/announcements HTTP/1.1" 200 -
  127.0.0.1 - "GET /api/candidates?election_id=1 HTTP/1.1" 200 -
  127.0.0.1 - "GET /api/announcements HTTP/1.1" 200 -
  127.0.0.1 - "GET /api/candidates?election_id=1 HTTP/1.1" 200 -
  127.0.0.1 - "GET /api/announcements HTTP/1.1" 200 -
  127.0.0.1 - "GET /api/candidates?election_id=1 HTTP/1.1" 200 -
  127.0.0.1 - "GET /api/announcements HTTP/1.1" 200 -
  127.0.0.1 - "GET /api/candidates?election_id=1 HTTP/1.1" 200 -
  127.0.0.1 - "GET /api/announcements HTTP/1.1" 200 -
  127.0.0.1 - "GET /api/announcements HTTP/1.1" 200 -
  127.0.0.1 - "GET /api/announcements HTTP/1.1" 200 -
  127.0.0.1 - "GET /api/announcements HTTP/1.1" 200 -
  127.0.0.1 - "GET /api/announcements HTTP/1.1" 200 -
  127.0.0.1 - "GET /api/announcements HTTP/1.1" 200 -
  127.0.0.1 - "GET /api/announcements HTTP/1.1" 200 -
  127.0.0.1 - "GET /api/announcements HTTP/1.1" 200 -
  127.0.0.1 - "GET /api/announcements HTTP/1.1" 200 -
  127.0.0.1 - "GET /api/announcements HTTP/1.1" 200 -
  127.0.0.1 - "GET /api/announcements HTTP/1.1" 200 -
  127.0.0.1 - "GET /api/announcements HTTP/1.1" 200 -
  127.0.0.1 - "GET /api/announcements HTTP/1.1" 200 -
  127.0.0.1 - "GET /api/announcements HTTP/1.1" 200 -
  127.0.0.1 - "GET /api/announcements HTTP/1.1" 200 -
  127.0.0.1 - "GET /api/announcements HTTP/1.1" 200 -
  127.0.0.1 - "GET /api/announcements HTTP/1.1" 200 -
  127.0.0.1 - "GET /api/announcements HTTP/1.1" 200 -
  127.0.0.1 - "GET /api/announcements HTTP/1.1" 200 -
  127.0.0.1 - "GET /api/announcements HTTP/1.1" 200 -
  127.0.0.1 - "GET /api/announcements HTTP/1.1" 200 -
  127.0.0.1 - "GET /api/announcements HTTP/1.1" 200 -
  127.0.0.1 - "GET /api/announcements HTTP/1.1" 200 -
  127.0.0.1 - "GET /api/announcements HTTP/1.1" 200 -
  127.0.0.1 - "GET /api/announcements HTTP/1.1" 200 -
  127.0.0.1 - "GET /api/announcements HTTP/1.1" 200 -
  127.0.0.1 - "GET /api/announcements HTTP/1.1" 200 -
  127.0.0.1 - "GET /api/announcements HTTP/1.1" 200 -
  127.0.0.1 - "GET /api/announcements HTTP/1.1" 200 -
  127.0.0.1 - "GET /api/announcements HTTP/1.1" 200 -
  127.0.0.1 - "GET /api/announcements HTTP/1.1" 200 -
  127.0.0.1 - "GET /api/announcements HTTP/1.1" 200 -
  127.0.0.1 - "GET /api/announcements HTTP/1.1" 200 -
  127.0.0.1 - "GET /api/announcements HTTP/1.1" 200 -
  127.0.0.1 - "GET /api/announcements HTTP/1.1" 200 -
  127.0.0.1 - "GET /api/announcements HTTP/1.1" 200 -
  127.0.0.1 - "GET /api/announcements HTTP/1.1" 200 -
  127.0.0.1 - "GET /api/announcements HTTP/1.1" 200 -
  127.0.0.1 - "GET /api/announcements HTTP/1.1" 200 -
  127.0.0.1 - "GET /api/announcements HTTP/1.1" 200 -
  127.0.0.1 - "GET /api/announcements HTTP/1.1" 200 -
  127.0.0.1 - "GET /api/announcements HTTP/1.1" 200 -
  127.0.0.1 - "GET /api/announcements HTTP/1.1" 200 -
  127.0.0.1 - "GET /api/announcements HTTP/1.1" 200 -
  127.0.0.1 - "GET /api/announcements HTTP/1.1" 200 -
  127.0.0.1 - "GET /api/announcements HTTP/1.1" 200 -
  127.0.0.1 - "GET /api/announcements HTTP/1.1" 200 -
  127.0.0.1 - "GET /api/announcements HTTP/1.1" 200 -
  127.0.0.1 - "GET /api/announcements HTTP/1.1" 200 -
  127.0.0.1 - "GET /api/announcements HTTP/1.1" 200 -
  127.0.0.1 - "GET /api/announcements HTTP/1.1" 200 -
  127.0.0.1 - "GET /api/announcements HTTP/1.1" 200 -
  127.0.0.1 - "GET /api/announcements HTTP/1.1" 200 -
  127.0.0.1 - "GET /api/announcements HTTP/1.1" 200 -
  127.0.0.1 - "GET /api/announcements HTTP/1.1" 200 -
  127.0.0.1 - "GET /api/announcements HTTP/1.1" 200 -
  127.0.0.1 - "GET /api/announcements HTTP/1.1" 200 -
  127.0.0.1 - "GET /api/announcements HTTP/1.1" 200 -
  127.0.0.1 - "GET /api/announcements HTTP/1.1" 200 -
  127.0.0.1 - "GET /api/announcements HTTP/1.1" 200 -
  127.0.0.1 - "GET /api/announcements HTTP/1.1" 200 -
  127.0.0.1 - "GET /api/announcements HTTP/1.1" 200 -
  127.0.0.1 - "GET /api/announcements HTTP/1.1" 200 -
  127.0.0.1 - "GET /api/announcements HTTP/1.1" 200 -
  127.0.0.1 - "GET /api/announcements HTTP/1.1" 200 -
  127.0.0.1 - "GET /api/announcements HTTP/1.1" 200 -
  127.0.0.1 - "GET /api/announcements HTTP/1.1" 200 -
  127.0.0.1 - "GET /api/announcements HTTP/1.1" 200 -
  127.0.0.1 - "GET /api/announcements HTTP/1.1" 200 -
  127.0.0.1 - "GET /api/announcements HTTP/1.1" 200 -
  127.0.0.1 - "GET /api/announcements HTTP/1.1" 200 -
  127.0.0.1 - "GET /api/announcements HTTP/1.1" 200 -
  127.0.0.1 - "GET /api/announcements HTTP/1.1" 200 -
  127.0.0.1 - "GET /api/announcements HTTP/1.1" 200 -
  127.0.0.1 - "GET /api/announcements HTTP/1.1" 200 -
  127.0.0.1 - "GET /api/announcements HTTP/1.1" 200 -
  127.0.0.1 - "GET /api/announcements HTTP/1.1" 200 -
  127.0.0.1 - "GET /api/announcements HTTP/1.1" 200 -
  127.0.0.1 - "GET /api/announcements HTTP/1.1" 200 -
  127.0.0.1 - "GET /api/announcements HTTP/1.1" 500 -
  127.0.0.1 - "GET /voter.html HTTP/1.1" 200 -
  127.0.0.1 - "GET /voter.html HTTP/1.1" 500 -
  127.0.0.1 - "GET /api/candidates?election_id=1 HTTP/1.1" 200 -
  127.0.0.1 - "GET /api/announcements HTTP/1.1" 200 -
  127.0.0.1 - "GET /api/candidates?election_id=1 HTTP/1.1" 200 -
  127.0.0.1 - "GET /api/announcements HTTP/1.1" 200 -
  127.0.0.1 - "GET /api/candidates?election_id=1 HTTP/1.1" 200 -
  127.0.0.1 - "GET /api/announcements HTTP/1.1" 200 -
  127.0.0.1 - "GET /api/candidates?election_id=1 HTTP/1.1" 200 -
  127.0.0.1 - "GET /api/announcements HTTP/1.1" 200 -
  127.0.0.1 - "GET /api/announcements HTTP/1.1" 200 -
  127.0.0.1 - "GET /api/announcements HTTP/1.1" 200 -
  127.0.0.1 - "GET /api/announcements HTTP/1.1" 200 -
  127.0.0.1 - "POST /api/vote HTTP/1.1" 200 -
  127.0.0.1 - "GET /api/announcements HTTP/1.1" 200 -
  127.0.0.1 - "GET /api/voter/receipt/1 HTTP/1.1" 200 -
  127.0.0.1 - "GET /api/elections/active HTTP/1.1" 200 -
  127.0.0.1 - "GET /api/elections HTTP/1.1" 200 -
  127.0.0.1 - "GET /api/voter/history HTTP/1.1" 200 -
  127.0.0.1 - "GET /api/announcements HTTP/1.1" 200 -
  127.0.0.1 - "GET /api/voter/history HTTP/1.1" 200 -
  127.0.0.1 - "GET /api/announcements HTTP/1.1" 200 -
  127.0.0.1 - "GET /api/announcements HTTP/1.1" 200 -
  127.0.0.1 - "GET /api/announcements HTTP/1.1" 200 -
  127.0.0.1 - "GET /api/elections/active HTTP/1.1" 200 -
  127.0.0.1 - "GET /api/announcements HTTP/1.1" 200 -
  127.0.0.1 - "GET /api/voter/history HTTP/1.1" 200 -
  127.0.0.1 - "GET /api/announcements HTTP/1.1" 200 -
  127.0.0.1 - "GET /api/announcements HTTP/1.1" 500 -
  127.0.0.1 - "GET /api/voter/history HTTP/1.1" 200 -
  127.0.0.1 - "GET /api/voter/history HTTP/1.1" 500 -
  127.0.0.1 - "GET /voter.html HTTP/1.1" 200 -
  127.0.0.1 - "GET /voter.html HTTP/1.1" 500 -
  127.0.0.1 - "GET /api/announcements HTTP/1.1" 200 -
  127.0.0.1 - "GET /api/announcements HTTP/1.1" 200 -
  127.0.0.1 - "GET /api/announcements HTTP/1.1" 200 -
  127.0.0.1 - "GET /api/announcements HTTP/1.1" 200 -
  127.0.0.1 - "GET /api/announcements HTTP/1.1" 200 -
  127.0.0.1 - "GET /api/announcements HTTP/1.1" 200 -
  127.0.0.1 - "GET /api/announcements HTTP/1.1" 200 -
  127.0.0.1 - "GET /api/announcements HTTP/1.1" 200 -
  127.0.0.1 - "GET /api/announcements HTTP/1.1" 200 -
  127.0.0.1 - "GET /api/announcements HTTP/1.1" 200 -
  127.0.0.1 - "GET /api/announcements HTTP/1.1" 200 -
  127.0.0.1 - "GET /api/announcements HTTP/1.1" 200 -
  127.0.0.1 - "GET /api/announcements HTTP/1.1" 200 -
  127.0.0.1 - "GET /api/announcements HTTP/1.1" 200 -
  127.0.0.1 - "GET /api/announcements HTTP/1.1" 200 -
  127.0.0.1 - "GET /api/announcements HTTP/1.1" 200 -
  127.0.0.1 - "GET /api/announcements HTTP/1.1" 200 -
  127.0.0.1 - "GET /api/announcements HTTP/1.1" 200 -
  127.0.0.1 - "GET /api/announcements HTTP/1.1" 200 -
  127.0.0.1 - "GET /api/announcements HTTP/1.1" 200 -
  127.0.0.1 - "GET /api/announcements HTTP/1.1" 200 -
  127.0.0.1 - "GET /api/announcements HTTP/1.1" 200 -
  127.0.0.1 - "GET /api/announcements HTTP/1.1" 200 -
  127.0.0.1 - "GET /api/announcements HTTP/1.1" 200 -
  127.0.0.1 - "GET /api/announcements HTTP/1.1" 200 -
  127.0.0.1 - "GET /api/announcements HTTP/1.1" 200 -
  127.0.0.1 - "GET /api/announcements HTTP/1.1" 200 -
  127.0.0.1 - "GET /api/announcements HTTP/1.1" 200 -
  127.0.0.1 - "GET /api/announcements HTTP/1.1" 200 -
  127.0.0.1 - "GET /api/announcements HTTP/1.1" 200 -
  127.0.0.1 - "GET /api/announcements HTTP/1.1" 200 -
  127.0.0.1 - "GET /api/announcements HTTP/1.1" 200 -
  127.0.0.1 - "GET /api/announcements HTTP/1.1" 200 -
  127.0.0.1 - "GET /api/announcements HTTP/1.1" 200 -
  127.0.0.1 - "GET /voter.html HTTP/1.1" 200 -
  127.0.0.1 - "GET /voter.js HTTP/1.1" 200 -
  127.0.0.1 - "GET /api/voter/history HTTP/1.1" 200 -
  127.0.0.1 - "GET /api/elections HTTP/1.1" 200 -
  127.0.0.1 - "GET /api/voter/history HTTP/1.1" 200 -
  127.0.0.1 - "GET /api/elections HTTP/1.1" 200 -
  127.0.0.1 - "GET /api/announcements HTTP/1.1" 200 -
  127.0.0.1 - "GET /api/announcements HTTP/1.1" 200 -
  127.0.0.1 - "GET /api/announcements HTTP/1.1" 200 -
  127.0.0.1 - "GET /api/announcements HTTP/1.1" 200 -
  127.0.0.1 - "GET /api/announcements HTTP/1.1" 200 -
  127.0.0.1 - "GET /api/announcements HTTP/1.1" 200 -
  127.0.0.1 - "GET /api/announcements HTTP/1.1" 200 -
  127.0.0.1 - "GET /api/announcements HTTP/1.1" 200 -
  127.0.0.1 - "GET /api/announcements HTTP/1.1" 200 -
  127.0.0.1 - "GET /api/announcements HTTP/1.1" 200 -
  127.0.0.1 - "GET /api/announcements HTTP/1.1" 200 -
  127.0.0.1 - "GET /api/announcements HTTP/1.1" 200 -
  127.0.0.1 - "GET /api/announcements HTTP/1.1" 200 -
  127.0.0.1 - "GET /api/announcements HTTP/1.1" 200 -
  127.0.0.1 - "GET /api/announcements HTTP/1.1" 200 -
  127.0.0.1 - "GET /api/announcements HTTP/1.1" 200 -
  127.0.0.1 - "GET /api/announcements HTTP/1.1" 200 -
  127.0.0.1 - "GET /api/announcements HTTP/1.1" 200 -
  127.0.0.1 - "GET /api/announcements HTTP/1.1" 200 -
  127.0.0.1 - "GET /api/announcements HTTP/1.1" 200 -
  127.0.0.1 - "GET /api/announcements HTTP/1.1" 200 -
  127.0.0.1 - "GET /api/announcements HTTP/1.1" 200 -
  127.0.0.1 - "GET /api/announcements HTTP/1.1" 200 -
  127.0.0.1 - "GET /api/announcements HTTP/1.1" 200 -
  127.0.0.1 - "GET /api/announcements HTTP/1.1" 200 -
  127.0.0.1 - "POST /api/auth/logout HTTP/1.1" 200 -
  127.0.0.1 - "GET /api/announcements HTTP/1.1" 200 -
  127.0.0.1 - "POST /api/auth/logout HTTP/1.1" 200 -
  127.0.0.1 - "GET /index.html HTTP/1.1" 200 -
  127.0.0.1 - "GET /index.html HTTP/1.1" 500 -
  127.0.0.1 - "POST /api/auth/logout HTTP/1.1" 200 -
  127.0.0.1 - "GET /api/announcements HTTP/1.1" 200 -
  127.0.0.1 - "GET /index.html HTTP/1.1" 200 -
  127.0.0.1 - "GET /index.html HTTP/1.1" 500 -
  127.0.0.1 - "GET /index.html HTTP/1.1" 200 -
  127.0.0.1 - "GET /api/voter/history HTTP/1.1" 401 -
  127.0.0.1 - "GET /api/announcements HTTP/1.1" 200 -
  127.0.0.1 - "GET /api/elections HTTP/1.1" 200 -
  127.0.0.1 - "GET /api/elections/active HTTP/1.1" 401 -
  127.0.0.1 - "GET /api/announcements HTTP/1.1" 200 -
  127.0.0.1 - "GET /api/auth/google HTTP/1.1" 302 -
  127.0.0.1 - "GET /api/announcements HTTP/1.1" 200 -
  127.0.0.1 - "POST /api/auth/voter/login HTTP/1.1" 200 -
  127.0.0.1 - "POST /api/auth/voter/login HTTP/1.1" 200 -
  127.0.0.1 - "GET /voter.html HTTP/1.1" 304 -
  127.0.0.1 - "GET /voter.html HTTP/1.1" 200 -
  127.0.0.1 - "GET /voter.js HTTP/1.1" 304 -
  127.0.0.1 - "GET /api/voter/history HTTP/1.1" 200 -
  127.0.0.1 - "GET /api/elections HTTP/1.1" 200 -
  127.0.0.1 - "GET /api/elections/active HTTP/1.1" 200 -
  127.0.0.1 - "GET /api/announcements HTTP/1.1" 200 -
  127.0.0.1 - "GET /api/voter/history HTTP/1.1" 200 -
  127.0.0.1 - "GET /api/announcements HTTP/1.1" 200 -
  127.0.0.1 - "GET /api/elections HTTP/1.1" 200 -
  127.0.0.1 - "GET /api/voter/history HTTP/1.1" 200 -
  127.0.0.1 - "GET /api/announcements HTTP/1.1" 200 -
  127.0.0.1 - "GET /api/elections HTTP/1.1" 200 -
  127.0.0.1 - "GET /api/elections/active HTTP/1.1" 200 -
  127.0.0.1 - "GET /api/candidates?election_id=1 HTTP/1.1" 200 -
  127.0.0.1 - "GET /api/announcements HTTP/1.1" 200 -
  127.0.0.1 - "GET /api/voter/history HTTP/1.1" 200 -
  127.0.0.1 - "GET /api/candidates?election_id=1 HTTP/1.1" 200 -
  127.0.0.1 - "GET /api/announcements HTTP/1.1" 200 -
  127.0.0.1 - "GET /api/candidates?election_id=1 HTTP/1.1" 200 -
  127.0.0.1 - "GET /api/announcements HTTP/1.1" 200 -
  127.0.0.1 - "GET /api/candidates?election_id=1 HTTP/1.1" 200 -
  127.0.0.1 - "GET /api/announcements HTTP/1.1" 200 -
  127.0.0.1 - "GET /api/announcements HTTP/1.1" 200 -
  127.0.0.1 - "GET /api/announcements HTTP/1.1" 200 -
  127.0.0.1 - "GET /api/announcements HTTP/1.1" 200 -
  127.0.0.1 - "GET /api/announcements HTTP/1.1" 200 -
  127.0.0.1 - "GET /api/announcements HTTP/1.1" 200 -
  127.0.0.1 - "GET /api/announcements HTTP/1.1" 200 -
  127.0.0.1 - "POST /api/vote HTTP/1.1" 200 -
  127.0.0.1 - "GET /api/announcements HTTP/1.1" 200 -
  127.0.0.1 - "GET /api/voter/receipt/1 HTTP/1.1" 200 -
  127.0.0.1 - "GET /api/elections/active HTTP/1.1" 200 -
  127.0.0.1 - "GET /api/elections HTTP/1.1" 200 -
  127.0.0.1 - "GET /api/voter/history HTTP/1.1" 200 -
  127.0.0.1 - "POST /api/vote HTTP/1.1" 500 -
  127.0.0.1 - "GET /api/announcements HTTP/1.1" 200 -
  127.0.0.1 - "GET /api/voter/history HTTP/1.1" 200 -
  127.0.0.1 - "GET /api/announcements HTTP/1.1" 200 -
  127.0.0.1 - "POST /api/auth/logout HTTP/1.1" 200 -
  127.0.0.1 - "GET /api/announcements HTTP/1.1" 200 -
  127.0.0.1 - "GET /api/announcements HTTP/1.1" 500 -
  127.0.0.1 - "GET /api/announcements HTTP/1.1" 200 -
  127.0.0.1 - "GET /api/announcements HTTP/1.1" 500 -
  127.0.0.1 - "POST /api/auth/logout HTTP/1.1" 200 -
  127.0.0.1 - "POST /api/auth/logout HTTP/1.1" 500 -
  127.0.0.1 - "POST /api/auth/logout HTTP/1.1" 200 -
  127.0.0.1 - "POST /api/auth/logout HTTP/1.1" 500 -
  127.0.0.1 - "GET /api/voter/history HTTP/1.1" 401 -
  127.0.0.1 - "GET /api/voter/history HTTP/1.1" 500 -
  127.0.0.1 - "POST /api/auth/logout HTTP/1.1" 200 -
  127.0.0.1 - "POST /api/auth/logout HTTP/1.1" 500 -
  127.0.0.1 - "POST /api/auth/admin/login HTTP/1.1" 200 -
  127.0.0.1 - "POST /api/auth/admin/login HTTP/1.1" 200 -
  127.0.0.1 - "GET /admin.html HTTP/1.1" 200 -
  127.0.0.1 - "GET /admin.html HTTP/1.1" 500 -
  127.0.0.1 - "GET /admin.html HTTP/1.1" 200 -
  127.0.0.1 - "POST /api/auth/admin/login HTTP/1.1" 200 -
  127.0.0.1 - "GET /admin.js HTTP/1.1" 200 -
  127.0.0.1 - "GET /api/admin/turnout HTTP/1.1" 200 -
  127.0.0.1 - "GET /api/elections HTTP/1.1" 200 -
  127.0.0.1 - "GET /api/ai/anomalies HTTP/1.1" 500 -
  127.0.0.1 - "GET /api/elections HTTP/1.1" 200 -
  127.0.0.1 - "GET /api/elections HTTP/1.1" 200 -
  127.0.0.1 - "GET /api/elections HTTP/1.1" 200 -
  127.0.0.1 - "GET /api/elections HTTP/1.1" 200 -
  127.0.0.1 - "GET /api/admin/users HTTP/1.1" 200 -
  127.0.0.1 - "GET /api/elections HTTP/1.1" 200 -
  127.0.0.1 - "GET /api/admin/turnout HTTP/1.1" 200 -
  127.0.0.1 - "GET /api/admin/announcements HTTP/1.1" 200 -
  127.0.0.1 - "GET /api/elections HTTP/1.1" 200 -
  127.0.0.1 - "GET /api/ai/anomalies HTTP/1.1" 500 -
  127.0.0.1 - "GET /api/elections HTTP/1.1" 200 -
  127.0.0.1 - "GET /api/ai/anomalies HTTP/1.1" 500 -
  127.0.0.1 - "GET /api/ai/anomalies HTTP/1.1" 500 -
  127.0.0.1 - "GET /api/admin/audit?limit=300 HTTP/1.1" 200 -
  127.0.0.1 - "GET /api/ai/anomalies HTTP/1.1" 500 -
  127.0.0.1 - "GET /api/admin/announcements HTTP/1.1" 200 -
  127.0.0.1 - "GET /api/elections HTTP/1.1" 200 -
  127.0.0.1 - "GET /api/admin/users HTTP/1.1" 200 -
  127.0.0.1 - "DELETE /api/admin/users/VTR-2026-0005 HTTP/1.1" 200 -
  127.0.0.1 - "GET /api/admin/users HTTP/1.1" 200 -
  127.0.0.1 - "GET /api/elections HTTP/1.1" 200 -
  127.0.0.1 - "GET /api/elections HTTP/1.1" 200 -
  127.0.0.1 - "GET /api/admin/turnout HTTP/1.1" 200 -
  127.0.0.1 - "GET /api/elections HTTP/1.1" 200 -
  127.0.0.1 - "GET /api/candidates?election_id=2 HTTP/1.1" 200 -
  127.0.0.1 - "GET /api/candidates?election_id=1 HTTP/1.1" 200 -
  127.0.0.1 - "POST /api/admin/candidates HTTP/1.1" 500 -
  127.0.0.1 - "POST /api/admin/candidates HTTP/1.1" 500 -
  127.0.0.1 - "POST /api/admin/candidates HTTP/1.1" 500 -
  127.0.0.1 - "POST /api/admin/candidates HTTP/1.1" 500 -
  127.0.0.1 - "POST /api/admin/candidates HTTP/1.1" 500 -
  127.0.0.1 - "POST /api/admin/candidates HTTP/1.1" 500 -
  127.0.0.1 - "POST /api/admin/candidates HTTP/1.1" 500 -
  127.0.0.1 - "POST /api/admin/candidates HTTP/1.1" 500 -
  127.0.0.1 - "POST /api/admin/candidates HTTP/1.1" 500 -
  127.0.0.1 - "GET /api/elections HTTP/1.1" 200 -
  127.0.0.1 - "GET /api/admin/turnout HTTP/1.1" 200 -
  127.0.0.1 - "PUT /api/admin/elections/1 HTTP/1.1" 200 -
  127.0.0.1 - "PUT /api/admin/elections/1 HTTP/1.1" 200 -
  127.0.0.1 - "GET /api/elections HTTP/1.1" 200 -
  127.0.0.1 - "GET /api/elections HTTP/1.1" 200 -
  127.0.0.1 - "GET /api/admin/turnout HTTP/1.1" 200 -
  127.0.0.1 - "GET /api/results/1 HTTP/1.1" 200 -
  127.0.0.1 - "GET /api/ai/summarize/1 HTTP/1.1" 200 -
  127.0.0.1 - "GET /api/elections HTTP/1.1" 200 -
  127.0.0.1 - "GET /api/admin/users HTTP/1.1" 200 -
  127.0.0.1 - "GET /api/results/1 HTTP/1.1" 200 -
  127.0.0.1 - "GET /api/ai/summarize/1 HTTP/1.1" 200 -
  127.0.0.1 - "GET /api/elections HTTP/1.1" 200 -
  127.0.0.1 - "GET /api/admin/turnout HTTP/1.1" 200 -
  127.0.0.1 - "GET /api/elections HTTP/1.1" 200 -
  127.0.0.1 - "GET /api/elections HTTP/1.1" 200 -
  127.0.0.1 - "POST /api/auth/logout HTTP/1.1" 200 -
  127.0.0.1 - "POST /api/auth/logout HTTP/1.1" 200 -
  127.0.0.1 - "POST /api/auth/logout HTTP/1.1" 200 -
  127.0.0.1 - "GET /index.html HTTP/1.1" 304 -
  127.0.0.1 - "GET /index.html HTTP/1.1" 200 -
  127.0.0.1 - "GET /index.html HTTP/1.1" 500 -
  127.0.0.1 - "POST /api/auth/logout HTTP/1.1" 200 -
  127.0.0.1 - "GET /index.html HTTP/1.1" 200 -
  127.0.0.1 - "GET /index.html HTTP/1.1" 500 -
  127.0.0.1 - "POST /api/auth/logout HTTP/1.1" 200 -
  127.0.0.1 - "POST /api/auth/logout HTTP/1.1" 200 -
  127.0.0.1 - "POST /api/auth/logout HTTP/1.1" 200 -
  127.0.0.1 - "GET /index.html HTTP/1.1" 200 -
  127.0.0.1 - "GET /index.html HTTP/1.1" 500 -
  127.0.0.1 - "GET /index.html HTTP/1.1" 200 -
  127.0.0.1 - "GET /index.html HTTP/1.1" 500 -
  127.0.0.1 - "GET /index.html HTTP/1.1" 200 -
  127.0.0.1 - "GET /index.html HTTP/1.1" 500 -
  127.0.0.1 - "GET /index.html HTTP/1.1" 200 -
  127.0.0.1 - "POST /api/auth/voter/login HTTP/1.1" 200 -
  127.0.0.1 - "POST /api/auth/voter/login HTTP/1.1" 200 -
  127.0.0.1 - "GET /voter.html HTTP/1.1" 304 -
  127.0.0.1 - "POST /api/auth/voter/login HTTP/1.1" 200 -
  127.0.0.1 - "POST /api/auth/voter/login HTTP/1.1" 200 -
  127.0.0.1 - "GET /voter.html HTTP/1.1" 200 -
  127.0.0.1 - "GET /voter.html HTTP/1.1" 500 -
  127.0.0.1 - "POST /api/auth/voter/login HTTP/1.1" 200 -
  127.0.0.1 - "POST /api/auth/voter/login HTTP/1.1" 200 -
  127.0.0.1 - "POST /api/auth/voter/login HTTP/1.1" 200 -
  127.0.0.1 - "GET /voter.html HTTP/1.1" 200 -
  127.0.0.1 - "GET /voter.html HTTP/1.1" 500 -
  127.0.0.1 - "GET /voter.html HTTP/1.1" 200 -
  127.0.0.1 - "GET /voter.html HTTP/1.1" 500 -
  127.0.0.1 - "GET /voter.html HTTP/1.1" 200 -
  127.0.0.1 - "GET /voter.html HTTP/1.1" 500 -
  127.0.0.1 - "GET /voter.html HTTP/1.1" 200 -
  127.0.0.1 - "GET /voter.html HTTP/1.1" 500 -
  127.0.0.1 - "GET /voter.html HTTP/1.1" 200 -
  127.0.0.1 - "POST /api/auth/voter/login HTTP/1.1" 200 -
  127.0.0.1 - "GET /voter.js HTTP/1.1" 304 -
  127.0.0.1 - "GET /api/voter/history HTTP/1.1" 200 -
  127.0.0.1 - "GET /api/elections HTTP/1.1" 200 -
  127.0.0.1 - "GET /api/announcements HTTP/1.1" 200 -
  127.0.0.1 - "GET /api/announcements HTTP/1.1" 200 -
  127.0.0.1 - "GET /api/announcements HTTP/1.1" 200 -
  127.0.0.1 - "GET /api/elections/active HTTP/1.1" 200 -
  127.0.0.1 - "GET /api/announcements HTTP/1.1" 200 -
  127.0.0.1 - "GET /api/elections HTTP/1.1" 200 -
  127.0.0.1 - "GET /api/announcements HTTP/1.1" 200 -
  127.0.0.1 - "GET /api/announcements HTTP/1.1" 200 -
  127.0.0.1 - "GET /api/announcements HTTP/1.1" 200 -
  127.0.0.1 - "GET /api/announcements HTTP/1.1" 200 -
  127.0.0.1 - "GET /api/announcements HTTP/1.1" 200 -
  127.0.0.1 - "GET /api/voter/history HTTP/1.1" 200 -
  127.0.0.1 - "GET /api/announcements HTTP/1.1" 200 -
  127.0.0.1 - "GET /api/announcements HTTP/1.1" 200 -
  127.0.0.1 - "GET /api/announcements HTTP/1.1" 200 -
  127.0.0.1 - "GET /api/announcements HTTP/1.1" 200 -
  127.0.0.1 - "GET /api/announcements HTTP/1.1" 200 -
  127.0.0.1 - "GET /api/announcements HTTP/1.1" 200 -
  127.0.0.1 - "GET /api/announcements HTTP/1.1" 200 -
  127.0.0.1 - "GET /api/announcements HTTP/1.1" 200 -
  127.0.0.1 - "GET /api/announcements HTTP/1.1" 200 -
  127.0.0.1 - "GET /api/announcements HTTP/1.1" 200 -
  127.0.0.1 - "GET /api/announcements HTTP/1.1" 200 -
  127.0.0.1 - "GET /api/announcements HTTP/1.1" 200 -
  127.0.0.1 - "GET /api/announcements HTTP/1.1" 200 -
  127.0.0.1 - "GET /api/announcements HTTP/1.1" 200 -
  127.0.0.1 - "GET /api/announcements HTTP/1.1" 200 -
  127.0.0.1 - "GET /api/announcements HTTP/1.1" 200 -
  127.0.0.1 - "GET /api/announcements HTTP/1.1" 200 -
  127.0.0.1 - "GET /api/announcements HTTP/1.1" 200 -
  127.0.0.1 - "GET /api/announcements HTTP/1.1" 200 -
  127.0.0.1 - "GET /api/announcements HTTP/1.1" 200 -
  127.0.0.1 - "GET /api/announcements HTTP/1.1" 200 -
  127.0.0.1 - "GET /api/announcements HTTP/1.1" 200 -
  127.0.0.1 - "GET /api/announcements HTTP/1.1" 200 -
  127.0.0.1 - "GET /api/announcements HTTP/1.1" 200 -
  127.0.0.1 - "GET /api/announcements HTTP/1.1" 200 -
  127.0.0.1 - "GET /api/announcements HTTP/1.1" 200 -
  127.0.0.1 - "GET /api/announcements HTTP/1.1" 200 -
  127.0.0.1 - "GET /api/announcements HTTP/1.1" 200 -
  127.0.0.1 - "GET /api/announcements HTTP/1.1" 200 -
  127.0.0.1 - "GET /api/announcements HTTP/1.1" 200 -
  127.0.0.1 - "GET /api/announcements HTTP/1.1" 200 -
  127.0.0.1 - "GET /api/announcements HTTP/1.1" 200 -
  127.0.0.1 - "GET /api/announcements HTTP/1.1" 200 -
  127.0.0.1 - "GET /api/announcements HTTP/1.1" 200 -
  127.0.0.1 - "GET /api/announcements HTTP/1.1" 200 -
  127.0.0.1 - "GET /api/elections HTTP/1.1" 200 -
  127.0.0.1 - "GET /api/announcements HTTP/1.1" 200 -
  127.0.0.1 - "GET /api/results/1 HTTP/1.1" 200 -
  127.0.0.1 - "GET /api/ai/summarize/1 HTTP/1.1" 200 -
  127.0.0.1 - "GET /api/announcements HTTP/1.1" 200 -
  127.0.0.1 - "GET /api/announcements HTTP/1.1" 200 -
  127.0.0.1 - "GET /api/announcements HTTP/1.1" 200 -
  127.0.0.1 - "GET /api/announcements HTTP/1.1" 200 -
  127.0.0.1 - "GET /api/announcements HTTP/1.1" 200 -
  127.0.0.1 - "GET /api/announcements HTTP/1.1" 200 -
  127.0.0.1 - "GET /api/announcements HTTP/1.1" 200 -
  127.0.0.1 - "GET /api/announcements HTTP/1.1" 200 -
  127.0.0.1 - "GET /api/announcements HTTP/1.1" 200 -
  127.0.0.1 - "GET /api/announcements HTTP/1.1" 200 -
  127.0.0.1 - "GET /api/announcements HTTP/1.1" 200 -
  127.0.0.1 - "GET /api/announcements HTTP/1.1" 200 -
  127.0.0.1 - "GET /api/announcements HTTP/1.1" 200 -
  127.0.0.1 - "GET /api/announcements HTTP/1.1" 200 -
  127.0.0.1 - "GET /api/announcements HTTP/1.1" 200 -
  127.0.0.1 - "GET /api/announcements HTTP/1.1" 200 -
  127.0.0.1 - "GET /api/voter/history HTTP/1.1" 200 -
  127.0.0.1 - "GET /api/elections HTTP/1.1" 200 -
  127.0.0.1 - "GET /api/announcements HTTP/1.1" 200 -
  127.0.0.1 - "GET /api/elections/active HTTP/1.1" 200 -
  127.0.0.1 - "GET /api/voter/history HTTP/1.1" 200 -
  127.0.0.1 - "GET /api/announcements HTTP/1.1" 200 -
  127.0.0.1 - "GET /api/elections/active HTTP/1.1" 200 -
  127.0.0.1 - "GET /api/announcements HTTP/1.1" 200 -
  127.0.0.1 - "GET /api/announcements HTTP/1.1" 200 -
  127.0.0.1 - "GET /api/announcements HTTP/1.1" 200 -
  127.0.0.1 - "GET /api/announcements HTTP/1.1" 200 -
  127.0.0.1 - "GET /api/announcements HTTP/1.1" 200 -
  127.0.0.1 - "GET /api/announcements HTTP/1.1" 200 -
  127.0.0.1 - "GET /api/announcements HTTP/1.1" 200 -
  127.0.0.1 - "GET /api/announcements HTTP/1.1" 200 -
  127.0.0.1 - "GET /api/announcements HTTP/1.1" 200 -
  127.0.0.1 - "GET /api/announcements HTTP/1.1" 200 -
  127.0.0.1 - "GET /api/announcements HTTP/1.1" 200 -
  127.0.0.1 - "GET /api/announcements HTTP/1.1" 200 -
  127.0.0.1 - "GET /api/announcements HTTP/1.1" 200 -
  127.0.0.1 - "GET /api/announcements HTTP/1.1" 200 -
  127.0.0.1 - "GET /api/announcements HTTP/1.1" 200 -
  127.0.0.1 - "GET /api/announcements HTTP/1.1" 200 -
  127.0.0.1 - "GET /api/announcements HTTP/1.1" 200 -
  127.0.0.1 - "GET /api/announcements HTTP/1.1" 200 -
  127.0.0.1 - "GET /api/announcements HTTP/1.1" 200 -
  127.0.0.1 - "GET /api/announcements HTTP/1.1" 200 -
  127.0.0.1 - "GET /api/announcements HTTP/1.1" 200 -
  127.0.0.1 - "POST /api/auth/logout HTTP/1.1" 200 -
  127.0.0.1 - "GET /api/announcements HTTP/1.1" 200 -
  127.0.0.1 - "GET /index.html HTTP/1.1" 304 -
  127.0.0.1 - "GET /api/announcements HTTP/1.1" 200 -
  127.0.0.1 - "GET /api/announcements HTTP/1.1" 200 -
  127.0.0.1 - "GET /index.html HTTP/1.1" 200 -
  127.0.0.1 - "GET /style.css HTTP/1.1" 304 -
  127.0.0.1 - "GET /index.html HTTP/1.1" 304 -
  127.0.0.1 - "GET /index.html HTTP/1.1" 200 -
  127.0.0.1 - "GET /api/auth/captcha HTTP/1.1" 200 -
  127.0.0.1 - "POST /api/auth/voter/login HTTP/1.1" 200 -
  127.0.0.1 - "POST /api/auth/voter/login HTTP/1.1" 200 -
  127.0.0.1 - "POST /api/auth/voter/login HTTP/1.1" 200 -
  127.0.0.1 - "POST /api/auth/voter/login HTTP/1.1" 200 -
  127.0.0.1 - "GET /voter.html HTTP/1.1" 200 -
  127.0.0.1 - "GET /voter.html HTTP/1.1" 500 -
  127.0.0.1 - "POST /api/auth/voter/login HTTP/1.1" 200 -
  127.0.0.1 - "GET /voter.html HTTP/1.1" 200 -
  127.0.0.1 - "GET /voter.html HTTP/1.1" 500 -
  127.0.0.1 - "GET /voter.html HTTP/1.1" 200 -
  127.0.0.1 - "GET /voter.html HTTP/1.1" 500 -
  127.0.0.1 - "GET /voter.html HTTP/1.1" 200 -
  127.0.0.1 - "GET /voter.html HTTP/1.1" 500 -
  127.0.0.1 - "GET /voter.html HTTP/1.1" 200 -
  127.0.0.1 - "GET /voter.js HTTP/1.1" 200 -
  127.0.0.1 - "GET /api/elections HTTP/1.1" 200 -
  127.0.0.1 - "GET /api/voter/history HTTP/1.1" 200 -
  127.0.0.1 - "GET /api/announcements HTTP/1.1" 200 -
  127.0.0.1 - "GET /api/announcements HTTP/1.1" 200 -
  127.0.0.1 - "GET /api/announcements HTTP/1.1" 200 -
  127.0.0.1 - "GET /api/announcements HTTP/1.1" 200 -
  127.0.0.1 - "GET /api/announcements HTTP/1.1" 200 -
  127.0.0.1 - "GET /api/announcements HTTP/1.1" 200 -
  127.0.0.1 - "GET /api/announcements HTTP/1.1" 200 -
  127.0.0.1 - "GET /api/elections HTTP/1.1" 200 -
  127.0.0.1 - "GET /api/elections/active HTTP/1.1" 200 -
  127.0.0.1 - "GET /api/announcements HTTP/1.1" 200 -
  127.0.0.1 - "GET /api/voter/history HTTP/1.1" 200 -
  127.0.0.1 - "GET /api/elections HTTP/1.1" 200 -
  127.0.0.1 - "GET /api/announcements HTTP/1.1" 200 -
  127.0.0.1 - "GET /api/elections/active HTTP/1.1" 200 -
  127.0.0.1 - "GET /api/voter/history HTTP/1.1" 200 -
  127.0.0.1 - "GET /api/elections HTTP/1.1" 200 -
  127.0.0.1 - "GET /api/announcements HTTP/1.1" 200 -
  127.0.0.1 - "GET /api/voter/profile HTTP/1.1" 200 -
  127.0.0.1 - "GET /api/elections HTTP/1.1" 200 -
  127.0.0.1 - "GET /api/announcements HTTP/1.1" 200 -
  127.0.0.1 - "POST /api/auth/logout HTTP/1.1" 200 -
  127.0.0.1 - "GET /api/announcements HTTP/1.1" 200 -
  127.0.0.1 - "POST /api/auth/logout HTTP/1.1" 200 -
  127.0.0.1 - "GET /index.html HTTP/1.1" 304 -
  127.0.0.1 - "POST /api/auth/logout HTTP/1.1" 200 -
  127.0.0.1 - "GET /api/announcements HTTP/1.1" 200 -
  127.0.0.1 - "GET /index.html HTTP/1.1" 200 -
  127.0.0.1 - "GET /index.html HTTP/1.1" 500 -
  127.0.0.1 - "GET /api/announcements HTTP/1.1" 200 -
  127.0.0.1 - "GET /api/announcements HTTP/1.1" 200 -
  127.0.0.1 - "GET /index.html HTTP/1.1" 200 -
  127.0.0.1 - "POST /api/auth/logout HTTP/1.1" 200 -
  127.0.0.1 - "GET /api/announcements HTTP/1.1" 200 -
  127.0.0.1 - "GET /api/announcements HTTP/1.1" 200 -
  127.0.0.1 - "GET /api/announcements HTTP/1.1" 200 -
  127.0.0.1 - "GET /api/auth/captcha HTTP/1.1" 200 -
  127.0.0.1 - "GET /api/announcements HTTP/1.1" 200 -
  127.0.0.1 - "GET /api/announcements HTTP/1.1" 200 -
  127.0.0.1 - "GET /api/announcements HTTP/1.1" 200 -
  127.0.0.1 - "GET /api/announcements HTTP/1.1" 200 -
  127.0.0.1 - "GET /api/announcements HTTP/1.1" 200 -
  127.0.0.1 - "GET /api/announcements HTTP/1.1" 200 -
  127.0.0.1 - "GET /api/announcements HTTP/1.1" 200 -
  127.0.0.1 - "POST /api/auth/admin/login HTTP/1.1" 200 -
  127.0.0.1 - "POST /api/auth/admin/login HTTP/1.1" 200 -
  127.0.0.1 - "GET /admin.js HTTP/1.1" 304 -
  127.0.0.1 - "GET /api/elections HTTP/1.1" 200 -
  127.0.0.1 - "GET /api/admin/turnout HTTP/1.1" 200 -
  127.0.0.1 - "GET /api/ai/anomalies HTTP/1.1" 500 -
  127.0.0.1 - "GET /api/admin/users HTTP/1.1" 200 -
  127.0.0.1 - "GET /api/admin/announcements HTTP/1.1" 200 -
  127.0.0.1 - "GET /api/admin/users HTTP/1.1" 200 -
  127.0.0.1 - "POST /api/admin/announcements HTTP/1.1" 200 -
  127.0.0.1 - "POST /api/admin/announcements HTTP/1.1" 200 -
  127.0.0.1 - "POST /api/admin/announcements HTTP/1.1" 200 -
  127.0.0.1 - "POST /api/admin/announcements HTTP/1.1" 200 -
  127.0.0.1 - "POST /api/admin/announcements HTTP/1.1" 200 -
  127.0.0.1 - "POST /api/admin/announcements HTTP/1.1" 200 -
  127.0.0.1 - "POST /api/admin/announcements HTTP/1.1" 200 -
  127.0.0.1 - "POST /api/admin/announcements HTTP/1.1" 200 -
  127.0.0.1 - "GET /admin.html HTTP/1.1" 304 -
  127.0.0.1 - "GET /api/admin/announcements HTTP/1.1" 200 -
  127.0.0.1 - "GET /api/admin/announcements HTTP/1.1" 500 -
  127.0.0.1 - "GET /api/admin/announcements HTTP/1.1" 200 -
  127.0.0.1 - "GET /api/admin/announcements HTTP/1.1" 500 -
  127.0.0.1 - "GET /api/admin/announcements HTTP/1.1" 200 -
  127.0.0.1 - "GET /api/admin/announcements HTTP/1.1" 500 -
  127.0.0.1 - "GET /api/ai/anomalies HTTP/1.1" 500 -
  127.0.0.1 - "GET /api/admin/announcements HTTP/1.1" 200 -
  127.0.0.1 - "GET /api/admin/announcements HTTP/1.1" 500 -
  127.0.0.1 - "GET /api/admin/announcements HTTP/1.1" 200 -
  127.0.0.1 - "GET /api/admin/announcements HTTP/1.1" 500 -
  127.0.0.1 - "GET /api/admin/turnout HTTP/1.1" 200 -
  127.0.0.1 - "GET /api/elections HTTP/1.1" 200 -
  127.0.0.1 - "GET /api/ai/anomalies HTTP/1.1" 500 -
  127.0.0.1 - "GET /api/elections HTTP/1.1" 200 -
  127.0.0.1 - "GET /api/elections HTTP/1.1" 200 -
  127.0.0.1 - "GET /api/elections HTTP/1.1" 200 -
  127.0.0.1 - "GET /api/elections HTTP/1.1" 200 -
  127.0.0.1 - "GET /api/admin/turnout HTTP/1.1" 200 -
  127.0.0.1 - "POST /api/admin/elections HTTP/1.1" 500 -
  127.0.0.1 - "POST /api/admin/elections HTTP/1.1" 500 -
  127.0.0.1 - "POST /api/admin/elections HTTP/1.1" 500 -
  127.0.0.1 - "POST /api/admin/elections HTTP/1.1" 500 -
  127.0.0.1 - "POST /api/admin/elections HTTP/1.1" 500 -
  127.0.0.1 - "POST /api/admin/elections HTTP/1.1" 500 -
  127.0.0.1 - "POST /api/admin/elections HTTP/1.1" 500 -
  127.0.0.1 - "POST /api/admin/elections HTTP/1.1" 500 -
  127.0.0.1 - "POST /api/admin/elections HTTP/1.1" 500 -
  127.0.0.1 - "POST /api/admin/elections HTTP/1.1" 500 -
  127.0.0.1 - "POST /api/admin/elections HTTP/1.1" 500 -
  127.0.0.1 - "POST /api/admin/elections HTTP/1.1" 500 -
  127.0.0.1 - "POST /api/admin/elections HTTP/1.1" 500 -
  127.0.0.1 - "POST /api/admin/elections HTTP/1.1" 500 -
  127.0.0.1 - "POST /api/admin/elections HTTP/1.1" 500 -
  127.0.0.1 - "POST /api/admin/elections HTTP/1.1" 500 -
  127.0.0.1 - "POST /api/admin/elections HTTP/1.1" 500 -
  127.0.0.1 - "POST /api/admin/elections HTTP/1.1" 500 -
  127.0.0.1 - "POST /api/admin/elections HTTP/1.1" 500 -
  127.0.0.1 - "POST /api/admin/elections HTTP/1.1" 500 -
  127.0.0.1 - "POST /api/admin/elections HTTP/1.1" 500 -
  127.0.0.1 - "POST /api/admin/elections HTTP/1.1" 500 -
  127.0.0.1 - "POST /api/admin/elections HTTP/1.1" 500 -
  127.0.0.1 - "POST /api/admin/elections HTTP/1.1" 500 -
  127.0.0.1 - "POST /api/admin/elections HTTP/1.1" 500 -
  127.0.0.1 - "POST /api/admin/elections HTTP/1.1" 500 -
  127.0.0.1 - "POST /api/admin/elections HTTP/1.1" 500 -
  127.0.0.1 - "POST /api/admin/elections HTTP/1.1" 500 -
  127.0.0.1 - "POST /api/admin/elections HTTP/1.1" 500 -
  127.0.0.1 - "PUT /api/admin/elections/2 HTTP/1.1" 200 -
  127.0.0.1 - "PUT /api/admin/elections/2 HTTP/1.1" 200 -
  127.0.0.1 - "PUT /api/admin/elections/2 HTTP/1.1" 200 -
  127.0.0.1 - "PUT /api/admin/elections/2 HTTP/1.1" 200 -
  127.0.0.1 - "PUT /api/admin/elections/2 HTTP/1.1" 200 -
  127.0.0.1 - "PUT /api/admin/elections/2 HTTP/1.1" 200 -
  127.0.0.1 - "PUT /api/admin/elections/2 HTTP/1.1" 200 -
  127.0.0.1 - "PUT /api/admin/elections/2 HTTP/1.1" 200 -
  127.0.0.1 - "PUT /api/admin/elections/2 HTTP/1.1" 200 -
  127.0.0.1 - "PUT /api/admin/elections/2 HTTP/1.1" 200 -
  127.0.0.1 - "PUT /api/admin/elections/2 HTTP/1.1" 200 -
  127.0.0.1 - "PUT /api/admin/elections/2 HTTP/1.1" 200 -
  127.0.0.1 - "GET /api/elections HTTP/1.1" 200 -
  127.0.0.1 - "GET /api/elections HTTP/1.1" 200 -
  127.0.0.1 - "GET /api/elections HTTP/1.1" 200 -
  127.0.0.1 - "GET /admin.html HTTP/1.1" 304 -
  127.0.0.1 - "GET /api/elections HTTP/1.1" 200 -
  127.0.0.1 - "GET /api/elections HTTP/1.1" 500 -
  127.0.0.1 - "GET /api/elections HTTP/1.1" 200 -
  127.0.0.1 - "GET /api/elections HTTP/1.1" 500 -
  127.0.0.1 - "GET /api/elections HTTP/1.1" 200 -
  127.0.0.1 - "GET /api/elections HTTP/1.1" 500 -
  127.0.0.1 - "GET /api/elections HTTP/1.1" 200 -
  127.0.0.1 - "GET /api/elections HTTP/1.1" 500 -
  127.0.0.1 - "GET /api/admin/turnout HTTP/1.1" 200 -
  127.0.0.1 - "GET /api/admin/turnout HTTP/1.1" 500 -
  127.0.0.1 - "GET /api/admin/users HTTP/1.1" 200 -
  127.0.0.1 - "GET /api/admin/users HTTP/1.1" 500 -
  127.0.0.1 - "GET /admin.html HTTP/1.1" 304 -
  127.0.0.1 - "GET /admin.js HTTP/1.1" 304 -
  127.0.0.1 - "GET /api/elections HTTP/1.1" 200 -
  127.0.0.1 - "GET /api/admin/turnout HTTP/1.1" 200 -
  127.0.0.1 - "GET /api/ai/anomalies HTTP/1.1" 500 -
  127.0.0.1 - "GET /api/elections HTTP/1.1" 200 -
  127.0.0.1 - "GET /api/admin/turnout HTTP/1.1" 200 -
  127.0.0.1 - "POST /api/auth/logout HTTP/1.1" 200 -
  127.0.0.1 - "POST /api/auth/logout HTTP/1.1" 200 -
  127.0.0.1 - "GET /index.html HTTP/1.1" 304 -
  127.0.0.1 - "POST /api/auth/logout HTTP/1.1" 200 -
  127.0.0.1 - "GET /index.html HTTP/1.1" 200 -
  127.0.0.1 - "GET /index.html HTTP/1.1" 500 -
  127.0.0.1 - "GET /index.html HTTP/1.1" 200 -
  127.0.0.1 - "GET /api/auth/captcha HTTP/1.1" 200 -
  127.0.0.1 - "POST /api/auth/voter/login HTTP/1.1" 200 -
  127.0.0.1 - "GET /voter.html HTTP/1.1" 304 -
  127.0.0.1 - "GET /voter.js HTTP/1.1" 200 -
  127.0.0.1 - "GET /api/elections HTTP/1.1" 200 -
  127.0.0.1 - "GET /api/voter/history HTTP/1.1" 200 -
  127.0.0.1 - "GET /api/announcements HTTP/1.1" 200 -
  127.0.0.1 - "GET /api/announcements HTTP/1.1" 200 -
  127.0.0.1 - "GET /api/elections/active HTTP/1.1" 200 -
  127.0.0.1 - "GET /api/announcements HTTP/1.1" 200 -
  127.0.0.1 - "GET /api/voter/history HTTP/1.1" 200 -
  127.0.0.1 - "GET /api/announcements HTTP/1.1" 200 -
  127.0.0.1 - "GET /api/elections HTTP/1.1" 200 -
  127.0.0.1 - "GET /api/announcements HTTP/1.1" 200 -
  127.0.0.1 - "GET /api/voter/history HTTP/1.1" 200 -
  127.0.0.1 - "GET /api/announcements HTTP/1.1" 200 -
  127.0.0.1 - "GET /api/announcements HTTP/1.1" 200 -
  127.0.0.1 - "GET /api/announcements HTTP/1.1" 200 -
  127.0.0.1 - "GET /api/announcements HTTP/1.1" 200 -
  127.0.0.1 - "GET /api/announcements HTTP/1.1" 200 -
  127.0.0.1 - "GET /api/announcements HTTP/1.1" 200 -
  127.0.0.1 - "GET /api/announcements HTTP/1.1" 200 -
  127.0.0.1 - "GET /api/announcements HTTP/1.1" 200 -
  127.0.0.1 - "GET /api/announcements HTTP/1.1" 200 -
  127.0.0.1 - "GET /api/announcements HTTP/1.1" 200 -
  127.0.0.1 - "GET /api/announcements HTTP/1.1" 200 -
  127.0.0.1 - "GET /api/announcements HTTP/1.1" 200 -
  127.0.0.1 - "GET /api/voter/profile HTTP/1.1" 200 -
  127.0.0.1 - "GET /api/announcements HTTP/1.1" 200 -
  127.0.0.1 - "GET /api/announcements HTTP/1.1" 200 -
  127.0.0.1 - "GET /api/announcements HTTP/1.1" 200 -
  127.0.0.1 - "GET /api/announcements HTTP/1.1" 200 -
  127.0.0.1 - "GET /api/announcements HTTP/1.1" 200 -
  127.0.0.1 - "GET /api/announcements HTTP/1.1" 200 -
  127.0.0.1 - "GET /api/announcements HTTP/1.1" 200 -
  127.0.0.1 - "GET /api/announcements HTTP/1.1" 200 -
  127.0.0.1 - "GET /api/announcements HTTP/1.1" 200 -
  127.0.0.1 - "POST /api/auth/logout HTTP/1.1" 200 -
  127.0.0.1 - "GET /api/announcements HTTP/1.1" 200 -
  127.0.0.1 - "POST /api/auth/logout HTTP/1.1" 200 -
  127.0.0.1 - "GET /index.html HTTP/1.1" 304 -
  127.0.0.1 - "POST /api/auth/logout HTTP/1.1" 200 -
  127.0.0.1 - "GET /api/announcements HTTP/1.1" 200 -
  127.0.0.1 - "GET /index.html HTTP/1.1" 200 -
  127.0.0.1 - "GET /index.html HTTP/1.1" 500 -
  127.0.0.1 - "GET /index.html HTTP/1.1" 200 -
  127.0.0.1 - "GET /api/announcements HTTP/1.1" 200 -
  127.0.0.1 - "GET /api/auth/captcha HTTP/1.1" 200 -
  127.0.0.1 - "GET /api/announcements HTTP/1.1" 200 -
  127.0.0.1 - "GET /api/announcements HTTP/1.1" 200 -
  127.0.0.1 - "POST /api/auth/admin/login HTTP/1.1" 200 -
  127.0.0.1 - "GET /api/elections HTTP/1.1" 200 -
  127.0.0.1 - "GET /api/admin/turnout HTTP/1.1" 200 -
  127.0.0.1 - "GET /api/ai/anomalies HTTP/1.1" 500 -
  127.0.0.1 - "GET /api/elections HTTP/1.1" 200 -
  127.0.0.1 - "GET /api/candidates?election_id=4 HTTP/1.1" 200 -
  127.0.0.1 - "POST /api/admin/candidates HTTP/1.1" 500 -
  127.0.0.1 - "POST /api/admin/candidates HTTP/1.1" 500 -
  127.0.0.1 - "POST /api/admin/candidates HTTP/1.1" 500 -
  127.0.0.1 - "POST /api/admin/candidates HTTP/1.1" 500 -
  127.0.0.1 - "POST /api/admin/candidates HTTP/1.1" 500 -
  127.0.0.1 - "POST /api/admin/candidates HTTP/1.1" 500 -
  127.0.0.1 - "POST /api/admin/candidates HTTP/1.1" 500 -
  127.0.0.1 - "POST /api/admin/candidates HTTP/1.1" 500 -
  127.0.0.1 - "GET /admin.html HTTP/1.1" 304 -
  127.0.0.1 - "GET /admin.js HTTP/1.1" 304 -
  127.0.0.1 - "GET /api/elections HTTP/1.1" 200 -
  127.0.0.1 - "GET /api/admin/turnout HTTP/1.1" 200 -
  127.0.0.1 - "GET /api/ai/anomalies HTTP/1.1" 500 -
  127.0.0.1 - "GET /api/elections HTTP/1.1" 200 -
  127.0.0.1 - "GET /api/candidates?election_id=4 HTTP/1.1" 200 -
  127.0.0.1 - "POST /api/auth/logout HTTP/1.1" 200 -
  127.0.0.1 - "GET /index.html HTTP/1.1" 304 -
  127.0.0.1 - "POST /api/auth/logout HTTP/1.1" 200 -
  127.0.0.1 - "GET /api/auth/captcha HTTP/1.1" 200 -
  127.0.0.1 - "POST /api/auth/voter/login HTTP/1.1" 200 -
  127.0.0.1 - "POST /api/auth/voter/login HTTP/1.1" 200 -
  127.0.0.1 - "GET /voter.html HTTP/1.1" 304 -
  127.0.0.1 - "GET /voter.html HTTP/1.1" 200 -
  127.0.0.1 - "GET /voter.js HTTP/1.1" 304 -
  127.0.0.1 - "GET /api/elections HTTP/1.1" 200 -
  127.0.0.1 - "GET /api/voter/history HTTP/1.1" 200 -
  127.0.0.1 - "GET /api/elections/active HTTP/1.1" 200 -
  127.0.0.1 - "GET /api/announcements HTTP/1.1" 200 -
  127.0.0.1 - "GET /api/voter/history HTTP/1.1" 200 -
  127.0.0.1 - "GET /api/announcements HTTP/1.1" 200 -
  127.0.0.1 - "GET /api/announcements HTTP/1.1" 200 -
  127.0.0.1 - "GET /api/announcements HTTP/1.1" 200 -
  127.0.0.1 - "GET /api/candidates?election_id=4 HTTP/1.1" 200 -
  127.0.0.1 - "GET /api/announcements HTTP/1.1" 200 -
  127.0.0.1 - "GET /api/announcements HTTP/1.1" 200 -
  127.0.0.1 - "GET /api/announcements HTTP/1.1" 200 -
  127.0.0.1 - "GET /api/announcements HTTP/1.1" 200 -
  127.0.0.1 - "GET /api/announcements HTTP/1.1" 200 -
  127.0.0.1 - "GET /api/announcements HTTP/1.1" 200 -
  127.0.0.1 - "GET /api/candidates?election_id=4 HTTP/1.1" 200 -
  127.0.0.1 - "GET /api/announcements HTTP/1.1" 200 -
  127.0.0.1 - "GET /api/candidates?election_id=4 HTTP/1.1" 200 -
  127.0.0.1 - "GET /api/announcements HTTP/1.1" 200 -
  127.0.0.1 - "GET /api/announcements HTTP/1.1" 200 -
  127.0.0.1 - "GET /api/announcements HTTP/1.1" 200 -
  127.0.0.1 - "GET /api/candidates?election_id=4 HTTP/1.1" 200 -
  127.0.0.1 - "GET /api/announcements HTTP/1.1" 200 -
  127.0.0.1 - "GET /api/candidates?election_id=4 HTTP/1.1" 200 -
  127.0.0.1 - "GET /api/announcements HTTP/1.1" 200 -
  127.0.0.1 - "GET /api/candidates?election_id=4 HTTP/1.1" 200 -
  127.0.0.1 - "GET /api/announcements HTTP/1.1" 200 -
  127.0.0.1 - "GET /api/announcements HTTP/1.1" 200 -
  127.0.0.1 - "GET /api/announcements HTTP/1.1" 200 -
  127.0.0.1 - "GET /api/announcements HTTP/1.1" 200 -
  127.0.0.1 - "GET /api/announcements HTTP/1.1" 200 -
  127.0.0.1 - "GET /api/announcements HTTP/1.1" 200 -
  127.0.0.1 - "GET /api/announcements HTTP/1.1" 200 -
  127.0.0.1 - "GET /api/announcements HTTP/1.1" 200 -
  127.0.0.1 - "GET /api/announcements HTTP/1.1" 200 -
  127.0.0.1 - "GET /api/announcements HTTP/1.1" 200 -
  127.0.0.1 - "GET /api/announcements HTTP/1.1" 200 -
  127.0.0.1 - "GET /api/announcements HTTP/1.1" 200 -
  127.0.0.1 - "GET /api/candidates?election_id=4 HTTP/1.1" 200 -
  127.0.0.1 - "GET /api/announcements HTTP/1.1" 200 -
  127.0.0.1 - "GET /api/candidates?election_id=4 HTTP/1.1" 200 -
  127.0.0.1 - "GET /api/announcements HTTP/1.1" 200 -
  127.0.0.1 - "GET /api/announcements HTTP/1.1" 200 -
  127.0.0.1 - "GET /api/announcements HTTP/1.1" 200 -
  127.0.0.1 - "GET /api/announcements HTTP/1.1" 200 -
  127.0.0.1 - "GET /api/announcements HTTP/1.1" 200 -
  127.0.0.1 - "GET /api/announcements HTTP/1.1" 200 -
  127.0.0.1 - "GET /api/announcements HTTP/1.1" 200 -
  127.0.0.1 - "GET /api/announcements HTTP/1.1" 200 -
  127.0.0.1 - "GET /api/announcements HTTP/1.1" 200 -
  127.0.0.1 - "GET /api/announcements HTTP/1.1" 200 -
  127.0.0.1 - "GET /api/announcements HTTP/1.1" 200 -
  127.0.0.1 - "GET /api/candidates?election_id=4 HTTP/1.1" 200 -
  127.0.0.1 - "GET /api/announcements HTTP/1.1" 200 -
  127.0.0.1 - "GET /api/announcements HTTP/1.1" 200 -
  127.0.0.1 - "GET /api/announcements HTTP/1.1" 200 -
  127.0.0.1 - "GET /api/announcements HTTP/1.1" 200 -
  127.0.0.1 - "GET /api/announcements HTTP/1.1" 200 -
  127.0.0.1 - "GET /api/announcements HTTP/1.1" 200 -
  127.0.0.1 - "GET /api/announcements HTTP/1.1" 200 -
  127.0.0.1 - "GET /api/candidates?election_id=4 HTTP/1.1" 200 -
  127.0.0.1 - "GET /api/announcements HTTP/1.1" 200 -
  127.0.0.1 - "GET /api/announcements HTTP/1.1" 200 -
  127.0.0.1 - "GET /api/announcements HTTP/1.1" 200 -
  127.0.0.1 - "GET /api/announcements HTTP/1.1" 200 -
  127.0.0.1 - "GET /api/announcements HTTP/1.1" 200 -
  127.0.0.1 - "GET /api/announcements HTTP/1.1" 200 -
  127.0.0.1 - "GET /api/announcements HTTP/1.1" 200 -
  127.0.0.1 - "GET /api/announcements HTTP/1.1" 200 -
  127.0.0.1 - "GET /api/announcements HTTP/1.1" 200 -
  127.0.0.1 - "GET /api/announcements HTTP/1.1" 200 -
  127.0.0.1 - "GET /api/announcements HTTP/1.1" 200 -
  127.0.0.1 - "GET /api/candidates?election_id=4 HTTP/1.1" 200 -
  127.0.0.1 - "GET /api/announcements HTTP/1.1" 200 -
  127.0.0.1 - "GET /api/announcements HTTP/1.1" 200 -
  127.0.0.1 - "GET /api/announcements HTTP/1.1" 200 -
  127.0.0.1 - "GET /api/announcements HTTP/1.1" 200 -
  127.0.0.1 - "GET /api/announcements HTTP/1.1" 200 -
  127.0.0.1 - "GET /api/announcements HTTP/1.1" 200 -
  127.0.0.1 - "GET /api/announcements HTTP/1.1" 200 -
  127.0.0.1 - "GET /api/announcements HTTP/1.1" 200 -
  127.0.0.1 - "GET /api/announcements HTTP/1.1" 200 -
  127.0.0.1 - "GET /api/announcements HTTP/1.1" 200 -
  127.0.0.1 - "GET /api/announcements HTTP/1.1" 200 -
  127.0.0.1 - "GET /api/announcements HTTP/1.1" 200 -
  127.0.0.1 - "GET /api/announcements HTTP/1.1" 200 -
  127.0.0.1 - "GET /api/announcements HTTP/1.1" 200 -
  127.0.0.1 - "GET /api/announcements HTTP/1.1" 200 -
  127.0.0.1 - "GET /api/candidates?election_id=4 HTTP/1.1" 200 -
  127.0.0.1 - "GET /api/announcements HTTP/1.1" 200 -
  127.0.0.1 - "GET /api/announcements HTTP/1.1" 200 -
  127.0.0.1 - "GET /api/announcements HTTP/1.1" 200 -
  127.0.0.1 - "GET /api/announcements HTTP/1.1" 200 -
  127.0.0.1 - "GET /api/announcements HTTP/1.1" 200 -
  127.0.0.1 - "GET /api/announcements HTTP/1.1" 200 -
  127.0.0.1 - "GET /api/announcements HTTP/1.1" 200 -
  127.0.0.1 - "GET /api/announcements HTTP/1.1" 200 -
  127.0.0.1 - "GET /api/announcements HTTP/1.1" 200 -
  127.0.0.1 - "GET /api/announcements HTTP/1.1" 200 -
  127.0.0.1 - "GET /api/announcements HTTP/1.1" 200 -
  127.0.0.1 - "GET /api/announcements HTTP/1.1" 200 -
  127.0.0.1 - "GET /api/announcements HTTP/1.1" 200 -
  127.0.0.1 - "GET /api/announcements HTTP/1.1" 200 -
  127.0.0.1 - "GET /api/announcements HTTP/1.1" 200 -
  127.0.0.1 - "GET /api/announcements HTTP/1.1" 200 -
  127.0.0.1 - "GET /api/announcements HTTP/1.1" 200 -
  127.0.0.1 - "GET /api/announcements HTTP/1.1" 200 -
  127.0.0.1 - "GET /api/announcements HTTP/1.1" 200 -
  127.0.0.1 - "POST /api/vote HTTP/1.1" 200 -
  127.0.0.1 - "GET /api/announcements HTTP/1.1" 200 -
  127.0.0.1 - "GET /api/voter/receipt/4 HTTP/1.1" 200 -
  127.0.0.1 - "GET /api/elections/active HTTP/1.1" 200 -
  127.0.0.1 - "GET /api/elections HTTP/1.1" 200 -
  127.0.0.1 - "GET /api/voter/history HTTP/1.1" 200 -
  127.0.0.1 - "GET /api/announcements HTTP/1.1" 200 -
  127.0.0.1 - "GET /api/voter/history HTTP/1.1" 200 -
  127.0.0.1 - "GET /api/announcements HTTP/1.1" 200 -
  127.0.0.1 - "GET /api/announcements HTTP/1.1" 200 -
  127.0.0.1 - "GET /api/announcements HTTP/1.1" 200 -
  127.0.0.1 - "GET /api/announcements HTTP/1.1" 200 -
  127.0.0.1 - "GET /api/announcements HTTP/1.1" 200 -
  127.0.0.1 - "GET /api/announcements HTTP/1.1" 200 -
  127.0.0.1 - "GET /api/announcements HTTP/1.1" 200 -
  127.0.0.1 - "GET /api/announcements HTTP/1.1" 200 -
  127.0.0.1 - "GET /api/announcements HTTP/1.1" 200 -
  127.0.0.1 - "GET /api/announcements HTTP/1.1" 200 -
  127.0.0.1 - "GET /api/announcements HTTP/1.1" 200 -
  127.0.0.1 - "GET /api/announcements HTTP/1.1" 200 -
  127.0.0.1 - "GET /api/announcements HTTP/1.1" 200 -
  127.0.0.1 - "GET /api/announcements HTTP/1.1" 200 -
  127.0.0.1 - "GET /api/voter/history HTTP/1.1" 200 -
  127.0.0.1 - "GET /api/announcements HTTP/1.1" 200 -
  127.0.0.1 - "GET /api/announcements HTTP/1.1" 200 -
  127.0.0.1 - "GET /api/announcements HTTP/1.1" 200 -
  127.0.0.1 - "GET /api/announcements HTTP/1.1" 200 -
  127.0.0.1 - "POST /api/vote HTTP/1.1" 500 -
  127.0.0.1 - "GET /api/announcements HTTP/1.1" 200 -
  127.0.0.1 - "GET /api/voter/history HTTP/1.1" 200 -
  127.0.0.1 - "GET /api/announcements HTTP/1.1" 200 -
  127.0.0.1 - "GET /api/announcements HTTP/1.1" 200 -
  127.0.0.1 - "POST /api/auth/logout HTTP/1.1" 200 -
  127.0.0.1 - "GET /api/announcements HTTP/1.1" 200 -
  127.0.0.1 - "GET /index.html HTTP/1.1" 304 -
  127.0.0.1 - "GET /api/announcements HTTP/1.1" 200 -
  127.0.0.1 - "GET /api/announcements HTTP/1.1" 500 -
  127.0.0.1 - "GET /api/auth/captcha HTTP/1.1" 200 -
  127.0.0.1 - "GET /index.html HTTP/1.1" 304 -
  127.0.0.1 - "GET /api/auth/captcha HTTP/1.1" 200 -
  127.0.0.1 - "POST /api/auth/admin/login HTTP/1.1" 200 -
  127.0.0.1 - "GET /admin.js HTTP/1.1" 304 -
  127.0.0.1 - "GET /api/elections HTTP/1.1" 200 -
  127.0.0.1 - "GET /api/admin/turnout HTTP/1.1" 200 -
  127.0.0.1 - "GET /api/ai/anomalies HTTP/1.1" 500 -
  127.0.0.1 - "GET /api/elections HTTP/1.1" 200 -
  127.0.0.1 - "GET /api/elections HTTP/1.1" 200 -
  127.0.0.1 - "GET /api/elections HTTP/1.1" 200 -
  127.0.0.1 - "GET /api/admin/turnout HTTP/1.1" 200 -
  127.0.0.1 - "GET /api/candidates?election_id=4 HTTP/1.1" 200 -
  127.0.0.1 - "GET /api/candidates?election_id=5 HTTP/1.1" 200 -
  127.0.0.1 - "GET /api/candidates?election_id=4 HTTP/1.1" 200 -
  127.0.0.1 - "DELETE /api/admin/candidates/26 HTTP/1.1" 200 -
  127.0.0.1 - "DELETE /api/admin/candidates/25 HTTP/1.1" 200 -
  127.0.0.1 - "GET /api/candidates?election_id=4 HTTP/1.1" 200 -
  127.0.0.1 - "GET /api/candidates?election_id=4 HTTP/1.1" 200 -
  127.0.0.1 - "GET /api/admin/audit?limit=300 HTTP/1.1" 200 -
  127.0.0.1 - "GET /api/ai/anomalies HTTP/1.1" 500 -
  127.0.0.1 - "GET /api/admin/announcements HTTP/1.1" 200 -
  127.0.0.1 - "GET /api/elections HTTP/1.1" 200 -
  127.0.0.1 - "GET /api/admin/analytics/4 HTTP/1.1" 500 -
  127.0.0.1 - "GET /api/admin/audit?limit=300 HTTP/1.1" 200 -
  127.0.0.1 - "GET /api/admin/announcements HTTP/1.1" 200 -
  127.0.0.1 - "GET /api/admin/audit?limit=300 HTTP/1.1" 200 -
  127.0.0.1 - "GET /api/ai/anomalies HTTP/1.1" 500 -
  127.0.0.1 - "GET /api/ai/anomalies HTTP/1.1" 500 -
  127.0.0.1 - "GET /api/admin/users HTTP/1.1" 403 -
  127.0.0.1 - "GET /api/elections HTTP/1.1" 200 -
  127.0.0.1 - "GET /api/elections HTTP/1.1" 200 -
  127.0.0.1 - "GET /api/admin/turnout HTTP/1.1" 200 -
  127.0.0.1 - "PUT /api/admin/elections/4 HTTP/1.1" 200 -
  127.0.0.1 - "PUT /api/admin/elections/2 HTTP/1.1" 200 -
  127.0.0.1 - "PUT /api/admin/elections/2 HTTP/1.1" 200 -
  127.0.0.1 - "GET /api/elections HTTP/1.1" 200 -
  127.0.0.1 - "PUT /api/admin/elections/2 HTTP/1.1" 200 -
  127.0.0.1 - "DELETE /api/admin/elections/1 HTTP/1.1" 403 -
  127.0.0.1 - "GET /api/elections HTTP/1.1" 200 -
  127.0.0.1 - "GET /api/admin/turnout HTTP/1.1" 200 -
  127.0.0.1 - "DELETE /api/admin/elections/3 HTTP/1.1" 403 -
  127.0.0.1 - "GET /api/elections HTTP/1.1" 200 -
  127.0.0.1 - "GET /api/admin/turnout HTTP/1.1" 200 -
  127.0.0.1 - "GET /api/elections HTTP/1.1" 200 -
  127.0.0.1 - "GET /api/admin/turnout HTTP/1.1" 200 -
  127.0.0.1 - "GET /api/admin/turnout HTTP/1.1" 200 -
  127.0.0.1 - "DELETE /api/admin/elections/1 HTTP/1.1" 403 -
  127.0.0.1 - "POST /api/auth/logout HTTP/1.1" 200 -
  127.0.0.1 - "POST /api/auth/logout HTTP/1.1" 200 -
  127.0.0.1 - "GET /index.html HTTP/1.1" 304 -
  127.0.0.1 - "POST /api/auth/logout HTTP/1.1" 200 -
  127.0.0.1 - "GET /index.html HTTP/1.1" 200 -
  127.0.0.1 - "GET /index.html HTTP/1.1" 500 -
  127.0.0.1 - "GET /index.html HTTP/1.1" 200 -
  127.0.0.1 - "GET /api/auth/captcha HTTP/1.1" 200 -
  127.0.0.1 - "POST /api/auth/admin/login HTTP/1.1" 200 -
  127.0.0.1 - "GET /style.css HTTP/1.1" 200 -
  127.0.0.1 - "GET /admin.js HTTP/1.1" 200 -
  127.0.0.1 - "GET /api/elections HTTP/1.1" 200 -
  127.0.0.1 - "GET /api/admin/turnout HTTP/1.1" 200 -
  127.0.0.1 - "GET /api/ai/anomalies HTTP/1.1" 500 -
  127.0.0.1 - "GET /api/elections HTTP/1.1" 200 -
  127.0.0.1 - "GET /api/elections HTTP/1.1" 200 -
  127.0.0.1 - "GET /api/admin/turnout HTTP/1.1" 200 -
  127.0.0.1 - "GET /api/elections HTTP/1.1" 200 -
  127.0.0.1 - "GET /api/admin/announcements HTTP/1.1" 200 -
  127.0.0.1 - "GET /api/elections HTTP/1.1" 200 -
  127.0.0.1 - "GET /api/ai/anomalies HTTP/1.1" 500 -
  127.0.0.1 - "GET /api/elections HTTP/1.1" 200 -
  127.0.0.1 - "GET /api/admin/analytics/5 HTTP/1.1" 500 -
  127.0.0.1 - "GET /api/admin/analytics/5 HTTP/1.1" 500 -
  127.0.0.1 - "GET /api/elections HTTP/1.1" 200 -
  127.0.0.1 - "GET /api/results/2 HTTP/1.1" 200 -
  127.0.0.1 - "GET /api/ai/summarize/2 HTTP/1.1" 200 -
  127.0.0.1 - "GET /api/elections HTTP/1.1" 200 -
  127.0.0.1 - "GET /api/candidates?election_id=5 HTTP/1.1" 200 -
  127.0.0.1 - "GET /api/candidates?election_id=6 HTTP/1.1" 200 -
  127.0.0.1 - "GET /api/admin/users HTTP/1.1" 200 -
  127.0.0.1 - "GET /api/elections HTTP/1.1" 200 -
  127.0.0.1 - "PUT /api/admin/elections/5 HTTP/1.1" 200 -
  127.0.0.1 - "GET /api/admin/turnout HTTP/1.1" 200 -
  127.0.0.1 - "GET /api/elections HTTP/1.1" 200 -
  127.0.0.1 - "GET /admin.html HTTP/1.1" 304 -
  127.0.0.1 - "PUT /api/admin/elections/5 HTTP/1.1" 200 -
  127.0.0.1 - "PUT /api/admin/elections/5 HTTP/1.1" 500 -
  127.0.0.1 - "GET /api/admin/turnout HTTP/1.1" 200 -
  127.0.0.1 - "GET /api/admin/turnout HTTP/1.1" 500 -
  127.0.0.1 - "GET /admin.js HTTP/1.1" 304 -
  127.0.0.1 - "GET /api/admin/turnout HTTP/1.1" 200 -
  127.0.0.1 - "GET /api/elections HTTP/1.1" 200 -
  127.0.0.1 - "GET /api/ai/anomalies HTTP/1.1" 500 -
  127.0.0.1 - "GET /api/elections HTTP/1.1" 200 -
  127.0.0.1 - "GET /api/elections HTTP/1.1" 200 -
  127.0.0.1 - "GET /api/admin/turnout HTTP/1.1" 200 -
  127.0.0.1 - "GET /api/elections HTTP/1.1" 200 -
  127.0.0.1 - "GET /api/elections HTTP/1.1" 200 -
  127.0.0.1 - "GET /api/admin/turnout HTTP/1.1" 200 -
  127.0.0.1 - "GET /api/elections HTTP/1.1" 200 -
  127.0.0.1 - "GET /api/admin/turnout HTTP/1.1" 200 -
  127.0.0.1 - "PUT /api/admin/elections/32 HTTP/1.1" 200 -
  127.0.0.1 - "PUT /api/admin/elections/31 HTTP/1.1" 200 -
  127.0.0.1 - "GET /api/elections HTTP/1.1" 200 -
  127.0.0.1 - "PUT /api/admin/elections/30 HTTP/1.1" 200 -
  127.0.0.1 - "PUT /api/admin/elections/28 HTTP/1.1" 200 -
  127.0.0.1 - "GET /api/elections HTTP/1.1" 200 -
  127.0.0.1 - "GET /api/admin/turnout HTTP/1.1" 200 -
  127.0.0.1 - "PUT /api/admin/elections/26 HTTP/1.1" 200 -
  127.0.0.1 - "GET /api/elections HTTP/1.1" 200 -
  127.0.0.1 - "GET /api/admin/turnout HTTP/1.1" 200 -
  127.0.0.1 - "PUT /api/admin/elections/25 HTTP/1.1" 200 -
  127.0.0.1 - "PUT /api/admin/elections/29 HTTP/1.1" 200 -
  127.0.0.1 - "GET /api/elections HTTP/1.1" 200 -
  127.0.0.1 - "PUT /api/admin/elections/27 HTTP/1.1" 200 -
  127.0.0.1 - "GET /api/admin/turnout HTTP/1.1" 200 -
  127.0.0.1 - "PUT /api/admin/elections/27 HTTP/1.1" 200 -
  127.0.0.1 - "PUT /api/admin/elections/25 HTTP/1.1" 200 -
  127.0.0.1 - "PUT /api/admin/elections/25 HTTP/1.1" 200 -
  127.0.0.1 - "PUT /api/admin/elections/24 HTTP/1.1" 200 -
  127.0.0.1 - "PUT /api/admin/elections/23 HTTP/1.1" 200 -
  127.0.0.1 - "GET /api/elections HTTP/1.1" 200 -
  127.0.0.1 - "PUT /api/admin/elections/23 HTTP/1.1" 200 -
  127.0.0.1 - "PUT /api/admin/elections/22 HTTP/1.1" 200 -
  127.0.0.1 - "PUT /api/admin/elections/23 HTTP/1.1" 200 -
  127.0.0.1 - "GET /api/admin/turnout HTTP/1.1" 200 -
  127.0.0.1 - "GET /api/elections HTTP/1.1" 200 -
  127.0.0.1 - "PUT /api/admin/elections/6 HTTP/1.1" 200 -
  127.0.0.1 - "GET /api/elections HTTP/1.1" 200 -
  127.0.0.1 - "PUT /api/admin/elections/7 HTTP/1.1" 200 -
  127.0.0.1 - "PUT /api/admin/elections/8 HTTP/1.1" 200 -
  127.0.0.1 - "GET /api/elections HTTP/1.1" 200 -
  127.0.0.1 - "PUT /api/admin/elections/9 HTTP/1.1" 200 -
  127.0.0.1 - "PUT /api/admin/elections/9 HTTP/1.1" 200 -
  127.0.0.1 - "PUT /api/admin/elections/10 HTTP/1.1" 200 -
  127.0.0.1 - "GET /api/elections HTTP/1.1" 200 -
  127.0.0.1 - "GET /api/elections HTTP/1.1" 200 -
  127.0.0.1 - "GET /api/elections HTTP/1.1" 200 -
  127.0.0.1 - "GET /api/elections HTTP/1.1" 200 -
  127.0.0.1 - "GET /api/results/5 HTTP/1.1" 200 -
  127.0.0.1 - "GET /api/ai/summarize/5 HTTP/1.1" 200 -
  127.0.0.1 - "GET /api/admin/turnout HTTP/1.1" 200 -
  127.0.0.1 - "GET /api/elections HTTP/1.1" 200 -
  127.0.0.1 - "GET /api/elections HTTP/1.1" 200 -
  127.0.0.1 - "GET /api/elections HTTP/1.1" 200 -
  127.0.0.1 - "GET /api/elections HTTP/1.1" 200 -
  127.0.0.1 - "GET /api/elections HTTP/1.1" 200 -
  127.0.0.1 - "GET /api/admin/turnout HTTP/1.1" 200 -
  127.0.0.1 - "GET /api/elections HTTP/1.1" 200 -
  127.0.0.1 - "GET /api/admin/turnout HTTP/1.1" 200 -
  127.0.0.1 - "GET /api/elections HTTP/1.1" 200 -
  127.0.0.1 - "GET /api/elections HTTP/1.1" 200 -
  127.0.0.1 - "GET /api/elections HTTP/1.1" 200 -
  127.0.0.1 - "GET /api/admin/turnout HTTP/1.1" 200 -
  127.0.0.1 - "GET /api/elections HTTP/1.1" 200 -
  127.0.0.1 - "PUT /api/admin/elections/22 HTTP/1.1" 200 -
  127.0.0.1 - "GET /api/elections HTTP/1.1" 200 -
  127.0.0.1 - "GET /api/elections HTTP/1.1" 200 -
  127.0.0.1 - "GET /api/admin/turnout HTTP/1.1" 200 -
  127.0.0.1 - "GET /api/elections HTTP/1.1" 200 -
  127.0.0.1 - "PUT /api/admin/elections/21 HTTP/1.1" 200 -
  127.0.0.1 - "GET /api/admin/turnout HTTP/1.1" 200 -
  127.0.0.1 - "GET /api/admin/turnout HTTP/1.1" 200 -
  127.0.0.1 - "GET /api/admin/turnout HTTP/1.1" 200 -
  127.0.0.1 - "PUT /api/admin/elections/21 HTTP/1.1" 200 -
  127.0.0.1 - "GET /api/admin/turnout HTTP/1.1" 200 -
  127.0.0.1 - "GET /api/admin/turnout HTTP/1.1" 200 -
  127.0.0.1 - "GET /api/admin/turnout HTTP/1.1" 200 -
  127.0.0.1 - "GET /api/admin/turnout HTTP/1.1" 200 -
  127.0.0.1 - "GET /api/elections HTTP/1.1" 200 -
  127.0.0.1 - "GET /api/admin/turnout HTTP/1.1" 200 -
  127.0.0.1 - "GET /api/admin/turnout HTTP/1.1" 200 -
  127.0.0.1 - "PUT /api/admin/elections/21 HTTP/1.1" 200 -
  127.0.0.1 - "GET /api/admin/turnout HTTP/1.1" 200 -
  127.0.0.1 - "GET /api/admin/turnout HTTP/1.1" 200 -
  127.0.0.1 - "GET /api/elections HTTP/1.1" 200 -
  127.0.0.1 - "GET /api/elections HTTP/1.1" 200 -
  127.0.0.1 - "DELETE /api/admin/elections/21 HTTP/1.1" 200 -
  127.0.0.1 - "GET /api/elections HTTP/1.1" 200 -
  127.0.0.1 - "GET /api/admin/turnout HTTP/1.1" 200 -
  127.0.0.1 - "GET /api/admin/turnout HTTP/1.1" 200 -
  127.0.0.1 - "GET /api/admin/turnout HTTP/1.1" 200 -
  127.0.0.1 - "GET /api/elections HTTP/1.1" 200 -
  127.0.0.1 - "GET /api/elections HTTP/1.1" 200 -
  127.0.0.1 - "GET /api/admin/turnout HTTP/1.1" 200 -
  127.0.0.1 - "GET /api/elections HTTP/1.1" 200 -
  127.0.0.1 - "GET /api/elections HTTP/1.1" 200 -
  127.0.0.1 - "GET /api/admin/turnout HTTP/1.1" 200 -
  127.0.0.1 - "GET /api/admin/turnout HTTP/1.1" 200 -
  127.0.0.1 - "GET /api/admin/turnout HTTP/1.1" 200 -
  127.0.0.1 - "GET /api/admin/turnout HTTP/1.1" 200 -
  127.0.0.1 - "GET /api/admin/turnout HTTP/1.1" 200 -
  127.0.0.1 - "GET /api/elections HTTP/1.1" 200 -
  127.0.0.1 - "GET /api/candidates?election_id=12 HTTP/1.1" 200 -
  127.0.0.1 - "GET /api/admin/users HTTP/1.1" 200 -
  127.0.0.1 - "GET /api/ai/anomalies HTTP/1.1" 500 -
  127.0.0.1 - "GET /api/admin/announcements HTTP/1.1" 200 -
  127.0.0.1 - "POST /api/auth/logout HTTP/1.1" 200 -
  127.0.0.1 - "GET /index.html HTTP/1.1" 304 -
  127.0.0.1 - "GET /style.css HTTP/1.1" 304 -
  127.0.0.1 - "GET /api/auth/captcha HTTP/1.1" 200 -
  127.0.0.1 - "POST /api/auth/voter/login HTTP/1.1" 200 -
  127.0.0.1 - "GET /voter.html HTTP/1.1" 200 -
  127.0.0.1 - "GET /voter.js HTTP/1.1" 200 -
  127.0.0.1 - "GET /api/elections HTTP/1.1" 200 -
  127.0.0.1 - "GET /api/voter/history HTTP/1.1" 200 -
  127.0.0.1 - "GET /api/announcements HTTP/1.1" 200 -
  127.0.0.1 - "GET /api/announcements HTTP/1.1" 200 -
  127.0.0.1 - "GET /api/announcements HTTP/1.1" 200 -
  127.0.0.1 - "GET /api/announcements HTTP/1.1" 200 -
  127.0.0.1 - "GET /api/announcements HTTP/1.1" 200 -
  127.0.0.1 - "GET /api/announcements HTTP/1.1" 200 -
  127.0.0.1 - "GET /api/announcements HTTP/1.1" 200 -
  127.0.0.1 - "GET /api/announcements HTTP/1.1" 200 -
  127.0.0.1 - "GET /api/announcements HTTP/1.1" 200 -
  127.0.0.1 - "GET /api/announcements HTTP/1.1" 200 -
  127.0.0.1 - "GET /api/announcements HTTP/1.1" 200 -
  127.0.0.1 - "GET /api/announcements HTTP/1.1" 200 -
  127.0.0.1 - "GET /api/announcements HTTP/1.1" 200 -
  127.0.0.1 - "GET /api/announcements HTTP/1.1" 200 -
  127.0.0.1 - "GET /api/elections HTTP/1.1" 200 -
  127.0.0.1 - "GET /api/announcements HTTP/1.1" 200 -
  127.0.0.1 - "GET /api/announcements HTTP/1.1" 200 -
  127.0.0.1 - "GET /api/announcements HTTP/1.1" 200 -
  127.0.0.1 - "GET /api/announcements HTTP/1.1" 200 -
  127.0.0.1 - "GET /api/announcements HTTP/1.1" 200 -
  127.0.0.1 - "GET /api/voter/history HTTP/1.1" 200 -
  127.0.0.1 - "GET /api/announcements HTTP/1.1" 200 -
  127.0.0.1 - "GET /api/announcements HTTP/1.1" 200 -
  127.0.0.1 - "GET /api/announcements HTTP/1.1" 200 -
  127.0.0.1 - "GET /api/elections HTTP/1.1" 200 -
  127.0.0.1 - "GET /api/announcements HTTP/1.1" 200 -
  127.0.0.1 - "GET /api/announcements HTTP/1.1" 200 -
  127.0.0.1 - "GET /api/results/28 HTTP/1.1" 200 -
  127.0.0.1 - "GET /api/ai/summarize/28 HTTP/1.1" 200 -
  127.0.0.1 - "GET /api/announcements HTTP/1.1" 200 -
  127.0.0.1 - "GET /api/results/1 HTTP/1.1" 200 -
  127.0.0.1 - "GET /api/ai/summarize/1 HTTP/1.1" 200 -
  127.0.0.1 - "GET /api/announcements HTTP/1.1" 200 -
  127.0.0.1 - "GET /api/announcements HTTP/1.1" 200 -
  127.0.0.1 - "GET /api/announcements HTTP/1.1" 200 -
  127.0.0.1 - "GET /api/announcements HTTP/1.1" 200 -
  127.0.0.1 - "GET /api/announcements HTTP/1.1" 200 -
  127.0.0.1 - "GET /api/announcements HTTP/1.1" 200 -
  127.0.0.1 - "GET /api/voter/history HTTP/1.1" 200 -
  127.0.0.1 - "GET /api/announcements HTTP/1.1" 200 -
  127.0.0.1 - "GET /api/announcements HTTP/1.1" 200 -
  127.0.0.1 - "GET /api/announcements HTTP/1.1" 200 -
  127.0.0.1 - "GET /api/announcements HTTP/1.1" 200 -
  127.0.0.1 - "GET /api/announcements HTTP/1.1" 200 -
  127.0.0.1 - "GET /api/announcements HTTP/1.1" 200 -
  127.0.0.1 - "GET /api/announcements HTTP/1.1" 200 -
  127.0.0.1 - "GET /api/announcements HTTP/1.1" 200 -
  127.0.0.1 - "GET /api/announcements HTTP/1.1" 200 -
  127.0.0.1 - "GET /api/announcements HTTP/1.1" 200 -
  127.0.0.1 - "GET /api/announcements HTTP/1.1" 200 -
  127.0.0.1 - "GET /api/announcements HTTP/1.1" 200 -
  127.0.0.1 - "GET /api/announcements HTTP/1.1" 200 -
  127.0.0.1 - "GET /api/announcements HTTP/1.1" 200 -
  127.0.0.1 - "GET /api/announcements HTTP/1.1" 200 -
  127.0.0.1 - "GET /api/announcements HTTP/1.1" 200 -
  127.0.0.1 - "GET /api/announcements HTTP/1.1" 200 -
  127.0.0.1 - "GET /api/announcements HTTP/1.1" 200 -
  127.0.0.1 - "GET /api/announcements HTTP/1.1" 200 -
  127.0.0.1 - "GET /api/announcements HTTP/1.1" 200 -
  127.0.0.1 - "GET /api/announcements HTTP/1.1" 200 -
  127.0.0.1 - "GET /api/announcements HTTP/1.1" 200 -
  127.0.0.1 - "GET /api/announcements HTTP/1.1" 200 -
  127.0.0.1 - "GET /api/announcements HTTP/1.1" 200 -
  127.0.0.1 - "GET /api/announcements HTTP/1.1" 200 -
  127.0.0.1 - "GET /api/announcements HTTP/1.1" 200 -
  127.0.0.1 - "GET /api/announcements HTTP/1.1" 200 -
  127.0.0.1 - "GET /api/announcements HTTP/1.1" 200 -
  127.0.0.1 - "GET /api/announcements HTTP/1.1" 200 -
  127.0.0.1 - "GET /api/announcements HTTP/1.1" 200 -
  127.0.0.1 - "GET /api/announcements HTTP/1.1" 200 -
  127.0.0.1 - "GET /api/announcements HTTP/1.1" 200 -
  127.0.0.1 - "GET /api/announcements HTTP/1.1" 200 -
  127.0.0.1 - "GET /api/announcements HTTP/1.1" 200 -
  127.0.0.1 - "GET /api/announcements HTTP/1.1" 200 -
  127.0.0.1 - "GET /api/announcements HTTP/1.1" 200 -
  127.0.0.1 - "GET /api/announcements HTTP/1.1" 200 -
  127.0.0.1 - "GET /api/announcements HTTP/1.1" 200 -
  127.0.0.1 - "GET /api/announcements HTTP/1.1" 200 -
  127.0.0.1 - "GET /api/voter/history HTTP/1.1" 200 -
  127.0.0.1 - "GET /voter.html HTTP/1.1" 200 -
  127.0.0.1 - "GET /api/announcements HTTP/1.1" 200 -
  127.0.0.1 - "GET /api/announcements HTTP/1.1" 500 -
  127.0.0.1 - "GET /style.css HTTP/1.1" 304 -
  127.0.0.1 - "GET /voter.js HTTP/1.1" 200 -
  127.0.0.1 - "GET /api/elections HTTP/1.1" 200 -
  127.0.0.1 - "GET /api/voter/history HTTP/1.1" 200 -
  127.0.0.1 - "GET /api/voter/history HTTP/1.1" 200 -
  127.0.0.1 - "GET /api/announcements HTTP/1.1" 200 -
  127.0.0.1 - "GET /api/announcements HTTP/1.1" 200 -
  127.0.0.1 - code 404, message File not found
  127.0.0.1 - "GET /api/voter/verify-hash/undefined HTTP/1.1" 404 -
  127.0.0.1 - "GET /api/announcements HTTP/1.1" 200 -
  127.0.0.1 - code 404, message File not found
  127.0.0.1 - "GET /api/voter/verify-hash/undefined HTTP/1.1" 404 -
  127.0.0.1 - "GET /api/announcements HTTP/1.1" 200 -
  127.0.0.1 - code 404, message File not found
  127.0.0.1 - "GET /api/voter/verify-hash/undefined HTTP/1.1" 404 -
  127.0.0.1 - "GET /api/announcements HTTP/1.1" 200 -
  127.0.0.1 - code 404, message File not found
  127.0.0.1 - "GET /api/voter/verify-hash/undefined HTTP/1.1" 404 -
  127.0.0.1 - "GET /api/announcements HTTP/1.1" 200 -
  127.0.0.1 - code 404, message File not found
  127.0.0.1 - "GET /api/voter/verify-hash/undefined HTTP/1.1" 404 -
  127.0.0.1 - "GET /api/announcements HTTP/1.1" 200 -
  127.0.0.1 - code 404, message File not found
  127.0.0.1 - "GET /api/voter/verify-hash/undefined HTTP/1.1" 404 -
  127.0.0.1 - "GET /api/announcements HTTP/1.1" 200 -
  127.0.0.1 - code 404, message File not found
  127.0.0.1 - "GET /api/voter/verify-hash/undefined HTTP/1.1" 404 -
  127.0.0.1 - "GET /api/announcements HTTP/1.1" 200 -
  127.0.0.1 - "GET /api/announcements HTTP/1.1" 200 -
  127.0.0.1 - "GET /api/announcements HTTP/1.1" 200 -
  127.0.0.1 - "GET /api/announcements HTTP/1.1" 200 -
  127.0.0.1 - "GET /api/announcements HTTP/1.1" 200 -
  127.0.0.1 - "GET /api/announcements HTTP/1.1" 200 -
  127.0.0.1 - "GET /api/announcements HTTP/1.1" 200 -
  127.0.0.1 - "GET /api/announcements HTTP/1.1" 200 -
  127.0.0.1 - "GET /api/announcements HTTP/1.1" 200 -
  127.0.0.1 - "GET /api/announcements HTTP/1.1" 200 -
  127.0.0.1 - "GET /api/announcements HTTP/1.1" 200 -
  127.0.0.1 - "GET /api/announcements HTTP/1.1" 200 -
  127.0.0.1 - "GET /api/announcements HTTP/1.1" 200 -
  127.0.0.1 - "GET /api/announcements HTTP/1.1" 200 -
  127.0.0.1 - "GET /api/announcements HTTP/1.1" 200 -
  127.0.0.1 - "GET /api/announcements HTTP/1.1" 200 -
  127.0.0.1 - "GET /api/announcements HTTP/1.1" 200 -
  127.0.0.1 - "GET /api/announcements HTTP/1.1" 200 -
  127.0.0.1 - "GET /api/announcements HTTP/1.1" 200 -
  127.0.0.1 - "GET /api/announcements HTTP/1.1" 200 -
  127.0.0.1 - "GET /api/announcements HTTP/1.1" 200 -
  127.0.0.1 - "GET /api/voter/history HTTP/1.1" 200 -
  127.0.0.1 - "GET /voter.html HTTP/1.1" 304 -
  127.0.0.1 - "GET /api/announcements HTTP/1.1" 200 -
  127.0.0.1 - "GET /api/announcements HTTP/1.1" 500 -
  127.0.0.1 - "POST /api/auth/logout HTTP/1.1" 200 -
  127.0.0.1 - "POST /api/auth/logout HTTP/1.1" 500 -
  127.0.0.1 - "GET /voter.js HTTP/1.1" 304 -
  127.0.0.1 - "GET /api/elections HTTP/1.1" 200 -
  127.0.0.1 - "GET /api/voter/history HTTP/1.1" 401 -
  127.0.0.1 - "GET /api/announcements HTTP/1.1" 200 -
  127.0.0.1 - "GET /api/announcements HTTP/1.1" 200 -
  127.0.0.1 - "GET /api/announcements HTTP/1.1" 200 -
  127.0.0.1 - "GET /api/announcements HTTP/1.1" 200 -
  127.0.0.1 - "GET /api/announcements HTTP/1.1" 200 -
  127.0.0.1 - "GET /api/elections HTTP/1.1" 200 -
  127.0.0.1 - "GET /api/announcements HTTP/1.1" 200 -
  127.0.0.1 - "GET /api/announcements HTTP/1.1" 200 -
  127.0.0.1 - "GET /api/results/28 HTTP/1.1" 200 -
  127.0.0.1 - "GET /api/ai/summarize/28 HTTP/1.1" 200 -
  127.0.0.1 - "GET /api/announcements HTTP/1.1" 200 -
  127.0.0.1 - "GET /api/announcements HTTP/1.1" 200 -
  127.0.0.1 - "GET /api/announcements HTTP/1.1" 200 -
  127.0.0.1 - "GET /api/announcements HTTP/1.1" 200 -
  127.0.0.1 - "GET /api/announcements HTTP/1.1" 200 -
  127.0.0.1 - "GET /api/announcements HTTP/1.1" 200 -
  127.0.0.1 - "GET /api/results/30 HTTP/1.1" 200 -
  127.0.0.1 - "GET /api/ai/summarize/30 HTTP/1.1" 200 -
  127.0.0.1 - "GET /api/announcements HTTP/1.1" 200 -
  127.0.0.1 - "GET /api/announcements HTTP/1.1" 200 -
  127.0.0.1 - "GET /api/announcements HTTP/1.1" 200 -
  127.0.0.1 - "GET /api/announcements HTTP/1.1" 200 -
  127.0.0.1 - "GET /api/results/1 HTTP/1.1" 200 -
  127.0.0.1 - "GET /api/ai/summarize/1 HTTP/1.1" 200 -
  127.0.0.1 - "GET /api/announcements HTTP/1.1" 200 -
  127.0.0.1 - "GET /api/announcements HTTP/1.1" 200 -
  127.0.0.1 - "GET /api/announcements HTTP/1.1" 200 -
  127.0.0.1 - "GET /api/announcements HTTP/1.1" 200 -
  127.0.0.1 - "GET /api/announcements HTTP/1.1" 200 -
  127.0.0.1 - "GET /api/announcements HTTP/1.1" 200 -
  127.0.0.1 - "GET /api/announcements HTTP/1.1" 200 -
  127.0.0.1 - "POST /api/auth/logout HTTP/1.1" 200 -
  127.0.0.1 - "POST /api/auth/logout HTTP/1.1" 200 -
  127.0.0.1 - "GET /api/announcements HTTP/1.1" 200 -
  127.0.0.1 - "GET /api/auth/captcha HTTP/1.1" 200 -
  127.0.0.1 - "GET /api/announcements HTTP/1.1" 200 -
  127.0.0.1 - "GET /api/announcements HTTP/1.1" 200 -
  127.0.0.1 - "POST /api/auth/admin/login HTTP/1.1" 200 -
  127.0.0.1 - "GET /admin.js HTTP/1.1" 304 -
  127.0.0.1 - "GET /api/elections HTTP/1.1" 200 -
  127.0.0.1 - "GET /api/admin/turnout HTTP/1.1" 200 -
  127.0.0.1 - "GET /api/ai/anomalies HTTP/1.1" 500 -
  127.0.0.1 - "GET /api/elections HTTP/1.1" 200 -
  127.0.0.1 - "GET /api/admin/turnout HTTP/1.1" 200 -
  127.0.0.1 - "POST /api/admin/elections HTTP/1.1" 500 -
  127.0.0.1 - "POST /api/admin/elections HTTP/1.1" 500 -
  127.0.0.1 - "POST /api/admin/elections HTTP/1.1" 500 -
  127.0.0.1 - "GET /api/elections HTTP/1.1" 200 -
  127.0.0.1 - "GET /api/candidates?election_id=33 HTTP/1.1" 200 -
  127.0.0.1 - "POST /api/admin/candidates HTTP/1.1" 500 -
  127.0.0.1 - "POST /api/admin/candidates HTTP/1.1" 500 -
  127.0.0.1 - "POST /api/admin/candidates HTTP/1.1" 500 -
  127.0.0.1 - "GET /admin.html HTTP/1.1" 304 -
  127.0.0.1 - "GET /style.css HTTP/1.1" 304 -
  127.0.0.1 - "GET /api/elections HTTP/1.1" 200 -
  127.0.0.1 - "GET /api/admin/turnout HTTP/1.1" 200 -
  127.0.0.1 - "GET /api/ai/anomalies HTTP/1.1" 500 -
  127.0.0.1 - "GET /api/elections HTTP/1.1" 200 -
  127.0.0.1 - "GET /api/candidates?election_id=33 HTTP/1.1" 200 -
  127.0.0.1 - "DELETE /api/admin/candidates/28 HTTP/1.1" 200 -
  127.0.0.1 - "DELETE /api/admin/candidates/29 HTTP/1.1" 200 -
  127.0.0.1 - "GET /api/candidates?election_id=33 HTTP/1.1" 200 -
  127.0.0.1 - "GET /api/candidates?election_id=33 HTTP/1.1" 200 -
  127.0.0.1 - "POST /api/admin/candidates HTTP/1.1" 500 -
  127.0.0.1 - "GET /admin.html HTTP/1.1" 304 -
  127.0.0.1 - "GET /admin.js HTTP/1.1" 304 -
  127.0.0.1 - "GET /api/elections HTTP/1.1" 200 -
  127.0.0.1 - "GET /api/admin/turnout HTTP/1.1" 200 -
  127.0.0.1 - "GET /api/ai/anomalies HTTP/1.1" 500 -
  127.0.0.1 - "GET /api/elections HTTP/1.1" 200 -
  127.0.0.1 - "GET /api/candidates?election_id=33 HTTP/1.1" 200 -
  127.0.0.1 - "GET /api/ai/anomalies HTTP/1.1" 500 -
  127.0.0.1 - "GET /api/ai/anomalies HTTP/1.1" 500 -
  127.0.0.1 - "GET /api/admin/audit?limit=300 HTTP/1.1" 200 -
  127.0.0.1 - "GET /api/ai/anomalies HTTP/1.1" 500 -
  127.0.0.1 - "GET /api/admin/announcements HTTP/1.1" 200 -
  127.0.0.1 - "GET /api/elections HTTP/1.1" 200 -
  127.0.0.1 - "GET /api/admin/analytics/3 HTTP/1.1" 500 -
  127.0.0.1 - "GET /api/admin/analytics/1 HTTP/1.1" 500 -
  127.0.0.1 - "GET /api/elections HTTP/1.1" 200 -
  127.0.0.1 - "GET /api/elections HTTP/1.1" 200 -
  127.0.0.1 - "POST /api/auth/logout HTTP/1.1" 200 -
  127.0.0.1 - "POST /api/auth/logout HTTP/1.1" 200 -
  127.0.0.1 - "GET /index.html HTTP/1.1" 304 -
  127.0.0.1 - "GET /index.html HTTP/1.1" 200 -
  127.0.0.1 - "GET /api/auth/captcha HTTP/1.1" 200 -
  127.0.0.1 - "POST /api/auth/voter/login HTTP/1.1" 401 -
  127.0.0.1 - "POST /api/auth/voter/login HTTP/1.1" 200 -
  127.0.0.1 - "GET /voter.html HTTP/1.1" 304 -
  127.0.0.1 - "GET /voter.js HTTP/1.1" 304 -
  127.0.0.1 - "GET /api/voter/history HTTP/1.1" 200 -
  127.0.0.1 - "GET /api/elections HTTP/1.1" 200 -
  127.0.0.1 - "GET /api/announcements HTTP/1.1" 200 -
  127.0.0.1 - "GET /api/announcements HTTP/1.1" 200 -
  127.0.0.1 - "GET /api/elections/active HTTP/1.1" 200 -
  127.0.0.1 - "GET /api/announcements HTTP/1.1" 200 -
  127.0.0.1 - "GET /api/voter/history HTTP/1.1" 200 -
  127.0.0.1 - "GET /api/announcements HTTP/1.1" 200 -
  127.0.0.1 - "GET /api/announcements HTTP/1.1" 200 -
  127.0.0.1 - "GET /api/announcements HTTP/1.1" 200 -
  127.0.0.1 - "GET /api/announcements HTTP/1.1" 200 -
  127.0.0.1 - "GET /api/elections HTTP/1.1" 200 -
  127.0.0.1 - "GET /api/elections/active HTTP/1.1" 200 -
  127.0.0.1 - "GET /api/announcements HTTP/1.1" 200 -
  127.0.0.1 - "GET /voter.html HTTP/1.1" 304 -
  127.0.0.1 - "GET /api/voter/history HTTP/1.1" 200 -
  127.0.0.1 - "GET /api/voter/history HTTP/1.1" 500 -
  127.0.0.1 - "GET /api/announcements HTTP/1.1" 200 -
  127.0.0.1 - "GET /api/announcements HTTP/1.1" 500 -
  127.0.0.1 - "GET /style.css HTTP/1.1" 304 -
  127.0.0.1 - "GET /api/voter/history HTTP/1.1" 200 -
  127.0.0.1 - "GET /api/elections HTTP/1.1" 200 -
  127.0.0.1 - "GET /api/announcements HTTP/1.1" 200 -
  127.0.0.1 - "GET /api/announcements HTTP/1.1" 200 -
  127.0.0.1 - "GET /api/announcements HTTP/1.1" 200 -
  127.0.0.1 - "GET /api/elections HTTP/1.1" 200 -
  127.0.0.1 - "GET /api/announcements HTTP/1.1" 200 -
  127.0.0.1 - "GET /api/voter/history HTTP/1.1" 200 -
  127.0.0.1 - "GET /api/elections HTTP/1.1" 200 -
  127.0.0.1 - "GET /api/elections/active HTTP/1.1" 200 -
  127.0.0.1 - "GET /api/announcements HTTP/1.1" 200 -
  127.0.0.1 - "GET /api/voter/history HTTP/1.1" 200 -
  127.0.0.1 - "GET /api/announcements HTTP/1.1" 200 -
  127.0.0.1 - "GET /api/announcements HTTP/1.1" 200 -
  127.0.0.1 - "GET /api/announcements HTTP/1.1" 200 -
  127.0.0.1 - "GET /api/announcements HTTP/1.1" 200 -
  127.0.0.1 - "GET /api/announcements HTTP/1.1" 200 -
  127.0.0.1 - "GET /api/announcements HTTP/1.1" 200 -
  127.0.0.1 - "GET /api/announcements HTTP/1.1" 200 -
  127.0.0.1 - "GET /api/announcements HTTP/1.1" 200 -
  127.0.0.1 - "GET /api/announcements HTTP/1.1" 200 -
  127.0.0.1 - "GET /api/voter/profile HTTP/1.1" 200 -
  127.0.0.1 - "GET /api/announcements HTTP/1.1" 200 -
  127.0.0.1 - "PUT /api/voter/profile HTTP/1.1" 404 -
  127.0.0.1 - "GET /api/announcements HTTP/1.1" 200 -
  127.0.0.1 - "GET /api/announcements HTTP/1.1" 200 -
  127.0.0.1 - "GET /api/announcements HTTP/1.1" 200 -
  127.0.0.1 - "GET /api/announcements HTTP/1.1" 200 -
  127.0.0.1 - "GET /api/ai/search?q=tvk&category=all HTTP/1.1" 200 -
  127.0.0.1 - "GET /api/announcements HTTP/1.1" 200 -
  127.0.0.1 - "GET /api/ai/search?q=tvk&category=all HTTP/1.1" 200 -
  127.0.0.1 - "GET /api/announcements HTTP/1.1" 200 -
  127.0.0.1 - "GET /api/announcements HTTP/1.1" 200 -
  127.0.0.1 - "GET /api/announcements HTTP/1.1" 200 -
  127.0.0.1 - "GET /api/announcements HTTP/1.1" 200 -
  127.0.0.1 - "GET /api/announcements HTTP/1.1" 200 -
  127.0.0.1 - "GET /api/announcements HTTP/1.1" 200 -
  127.0.0.1 - "GET /api/announcements HTTP/1.1" 200 -
  127.0.0.1 - "GET /api/ai/search?q=riteesh&category=name HTTP/1.1" 200 -
  127.0.0.1 - "GET /api/announcements HTTP/1.1" 200 -
  127.0.0.1 - "GET /api/announcements HTTP/1.1" 200 -
  127.0.0.1 - "GET /api/announcements HTTP/1.1" 200 -
  127.0.0.1 - "GET /api/announcements HTTP/1.1" 200 -
  127.0.0.1 - "GET /api/announcements HTTP/1.1" 200 -
  127.0.0.1 - "GET /api/announcements HTTP/1.1" 200 -
  127.0.0.1 - "GET /api/elections/active HTTP/1.1" 200 -
  127.0.0.1 - "GET /api/announcements HTTP/1.1" 200 -
  127.0.0.1 - "GET /api/voter/history HTTP/1.1" 200 -
  127.0.0.1 - "GET /api/announcements HTTP/1.1" 200 -
  127.0.0.1 - "POST /api/auth/logout HTTP/1.1" 200 -
  127.0.0.1 - "GET /api/announcements HTTP/1.1" 200 -
  127.0.0.1 - "GET /api/auth/captcha HTTP/1.1" 200 -
  127.0.0.1 - "GET /api/announcements HTTP/1.1" 200 -
  127.0.0.1 - "GET /api/announcements HTTP/1.1" 200 -
  127.0.0.1 - "GET /api/announcements HTTP/1.1" 200 -
  127.0.0.1 - "POST /api/auth/admin/login HTTP/1.1" 200 -
  127.0.0.1 - "GET /admin.js HTTP/1.1" 304 -
  127.0.0.1 - "GET /api/elections HTTP/1.1" 200 -
  127.0.0.1 - "GET /api/admin/turnout HTTP/1.1" 200 -
  127.0.0.1 - "GET /api/ai/anomalies HTTP/1.1" 500 -
  127.0.0.1 - "GET /api/elections HTTP/1.1" 200 -
  127.0.0.1 - "GET /api/elections HTTP/1.1" 200 -
  127.0.0.1 - "GET /api/admin/turnout HTTP/1.1" 200 -
  127.0.0.1 - "PUT /api/admin/elections/20 HTTP/1.1" 200 -
  127.0.0.1 - "GET /api/elections HTTP/1.1" 200 -
  127.0.0.1 - "GET /api/admin/turnout HTTP/1.1" 200 -
  127.0.0.1 - "PUT /api/admin/elections/19 HTTP/1.1" 200 -
  127.0.0.1 - "GET /api/elections HTTP/1.1" 200 -
  127.0.0.1 - "GET /api/admin/turnout HTTP/1.1" 200 -
  127.0.0.1 - "PUT /api/admin/elections/29 HTTP/1.1" 200 -
  127.0.0.1 - "PUT /api/admin/elections/29 HTTP/1.1" 200 -
  127.0.0.1 - "GET /api/elections HTTP/1.1" 200 -
  127.0.0.1 - "PUT /api/admin/elections/18 HTTP/1.1" 200 -
  127.0.0.1 - "GET /api/elections HTTP/1.1" 200 -
  127.0.0.1 - "GET /api/admin/turnout HTTP/1.1" 200 -
  127.0.0.1 - "PUT /api/admin/elections/17 HTTP/1.1" 200 -
  127.0.0.1 - "PUT /api/admin/elections/16 HTTP/1.1" 200 -
  127.0.0.1 - "PUT /api/admin/elections/15 HTTP/1.1" 200 -
  127.0.0.1 - "GET /api/elections HTTP/1.1" 200 -
  127.0.0.1 - "PUT /api/admin/elections/14 HTTP/1.1" 200 -
  127.0.0.1 - "GET /api/admin/turnout HTTP/1.1" 200 -
  127.0.0.1 - "PUT /api/admin/elections/11 HTTP/1.1" 200 -
  127.0.0.1 - "PUT /api/admin/elections/12 HTTP/1.1" 200 -
  127.0.0.1 - "PUT /api/admin/elections/13 HTTP/1.1" 200 -
  127.0.0.1 - "PUT /api/admin/elections/29 HTTP/1.1" 200 -
  127.0.0.1 - "GET /api/elections HTTP/1.1" 200 -
  127.0.0.1 - "GET /api/admin/turnout HTTP/1.1" 200 -
  127.0.0.1 - "GET /api/elections HTTP/1.1" 200 -
  127.0.0.1 - "GET /api/elections HTTP/1.1" 200 -
  127.0.0.1 - "GET /api/elections HTTP/1.1" 200 -
  127.0.0.1 - "GET /api/elections HTTP/1.1" 200 -
  127.0.0.1 - "GET /api/admin/turnout HTTP/1.1" 200 -
  127.0.0.1 - "DELETE /api/admin/elections/33 HTTP/1.1" 200 -
  127.0.0.1 - "GET /api/elections HTTP/1.1" 200 -
  127.0.0.1 - "DELETE /api/admin/elections/35 HTTP/1.1" 200 -
  127.0.0.1 - "GET /api/elections HTTP/1.1" 200 -
  127.0.0.1 - "GET /api/admin/turnout HTTP/1.1" 200 -
  127.0.0.1 - "GET /api/elections HTTP/1.1" 200 -
  127.0.0.1 - "GET /api/elections HTTP/1.1" 200 -
  127.0.0.1 - "GET /api/admin/turnout HTTP/1.1" 200 -
  127.0.0.1 - "GET /api/admin/turnout HTTP/1.1" 200 -
  127.0.0.1 - "GET /api/admin/turnout HTTP/1.1" 200 -
  127.0.0.1 - "DELETE /api/admin/elections/13 HTTP/1.1" 200 -
  127.0.0.1 - "GET /api/elections HTTP/1.1" 200 -
  127.0.0.1 - "DELETE /api/admin/elections/29 HTTP/1.1" 200 -
  127.0.0.1 - "GET /api/admin/turnout HTTP/1.1" 200 -
  127.0.0.1 - "DELETE /api/admin/elections/27 HTTP/1.1" 200 -
  127.0.0.1 - "GET /api/elections HTTP/1.1" 200 -
  127.0.0.1 - "GET /api/admin/turnout HTTP/1.1" 200 -
  127.0.0.1 - "GET /admin.html HTTP/1.1" 304 -
  127.0.0.1 - "GET /api/admin/turnout HTTP/1.1" 200 -
  127.0.0.1 - "GET /api/admin/turnout HTTP/1.1" 500 -
  127.0.0.1 - "GET /api/admin/turnout HTTP/1.1" 200 -
  127.0.0.1 - "GET /api/admin/turnout HTTP/1.1" 500 -
  127.0.0.1 - "GET /api/elections HTTP/1.1" 200 -
  127.0.0.1 - "GET /api/elections HTTP/1.1" 500 -
  127.0.0.1 - "GET /api/candidates?election_id=34 HTTP/1.1" 200 -
  127.0.0.1 - "GET /api/candidates?election_id=34 HTTP/1.1" 500 -
  127.0.0.1 - "GET /style.css HTTP/1.1" 304 -
  127.0.0.1 - "GET /api/elections HTTP/1.1" 200 -
  127.0.0.1 - "GET /api/admin/turnout HTTP/1.1" 200 -
  127.0.0.1 - "GET /api/ai/anomalies HTTP/1.1" 500 -
  127.0.0.1 - "GET /api/elections HTTP/1.1" 200 -
  127.0.0.1 - "GET /api/admin/turnout HTTP/1.1" 200 -
  127.0.0.1 - "GET /api/elections HTTP/1.1" 200 -
  127.0.0.1 - "GET /api/elections HTTP/1.1" 200 -
  127.0.0.1 - "GET /api/admin/turnout HTTP/1.1" 200 -
  127.0.0.1 - "GET /api/candidates?election_id=34 HTTP/1.1" 200 -
  127.0.0.1 - "POST /api/admin/candidates HTTP/1.1" 500 -
  127.0.0.1 - "POST /api/admin/candidates HTTP/1.1" 500 -
  127.0.0.1 - "GET /admin.html HTTP/1.1" 304 -
  127.0.0.1 - "GET /admin.js HTTP/1.1" 304 -
  127.0.0.1 - "GET /api/elections HTTP/1.1" 200 -
  127.0.0.1 - "GET /api/admin/turnout HTTP/1.1" 200 -
  127.0.0.1 - "GET /api/ai/anomalies HTTP/1.1" 500 -
  127.0.0.1 - "GET /api/elections HTTP/1.1" 200 -
  127.0.0.1 - "GET /api/candidates?election_id=34 HTTP/1.1" 200 -
  127.0.0.1 - "GET /api/elections HTTP/1.1" 200 -
  127.0.0.1 - "GET /api/admin/turnout HTTP/1.1" 200 -
  127.0.0.1 - "POST /api/auth/logout HTTP/1.1" 200 -
  127.0.0.1 - "GET /index.html HTTP/1.1" 304 -
  127.0.0.1 - "GET /api/auth/captcha HTTP/1.1" 200 -
  127.0.0.1 - "POST /api/auth/voter/login HTTP/1.1" 200 -
  127.0.0.1 - "GET /voter.html HTTP/1.1" 304 -
  127.0.0.1 - "GET /voter.js HTTP/1.1" 304 -
  127.0.0.1 - "GET /api/elections HTTP/1.1" 200 -
  127.0.0.1 - "GET /api/voter/history HTTP/1.1" 200 -
  127.0.0.1 - "GET /api/announcements HTTP/1.1" 200 -
  127.0.0.1 - "GET /api/announcements HTTP/1.1" 200 -
  127.0.0.1 - "GET /api/announcements HTTP/1.1" 200 -
  127.0.0.1 - "GET /api/announcements HTTP/1.1" 200 -
  127.0.0.1 - "GET /api/voter/profile HTTP/1.1" 200 -
  127.0.0.1 - "GET /api/announcements HTTP/1.1" 200 -
  127.0.0.1 - "PUT /api/voter/profile HTTP/1.1" 404 -
  127.0.0.1 - "GET /api/announcements HTTP/1.1" 200 -
  127.0.0.1 - "PUT /api/voter/profile HTTP/1.1" 404 -
  127.0.0.1 - "GET /api/announcements HTTP/1.1" 200 -
  127.0.0.1 - "PUT /api/voter/profile HTTP/1.1" 404 -
  127.0.0.1 - "GET /api/announcements HTTP/1.1" 200 -
  127.0.0.1 - "GET /api/announcements HTTP/1.1" 200 -
  127.0.0.1 - "GET /api/announcements HTTP/1.1" 200 -
  127.0.0.1 - "GET /api/voter/history HTTP/1.1" 200 -
  127.0.0.1 - "GET /api/announcements HTTP/1.1" 200 -
  127.0.0.1 - "GET /api/elections HTTP/1.1" 200 -
  127.0.0.1 - "GET /api/elections/active HTTP/1.1" 200 -
  127.0.0.1 - "GET /api/announcements HTTP/1.1" 200 -
  127.0.0.1 - "GET /api/announcements HTTP/1.1" 200 -
  127.0.0.1 - "GET /api/announcements HTTP/1.1" 200 -
  127.0.0.1 - "GET /api/announcements HTTP/1.1" 200 -
  127.0.0.1 - "GET /api/announcements HTTP/1.1" 200 -
  127.0.0.1 - "POST /api/auth/logout HTTP/1.1" 200 -
  127.0.0.1 - "GET /api/announcements HTTP/1.1" 200 -
  127.0.0.1 - "GET /api/auth/captcha HTTP/1.1" 200 -
  127.0.0.1 - "GET /api/announcements HTTP/1.1" 200 -
  127.0.0.1 - "GET /api/announcements HTTP/1.1" 200 -
  127.0.0.1 - "POST /api/auth/admin/login HTTP/1.1" 401 -
  127.0.0.1 - "POST /api/auth/admin/login HTTP/1.1" 200 -
  127.0.0.1 - "GET /api/elections HTTP/1.1" 200 -
  127.0.0.1 - "GET /api/admin/turnout HTTP/1.1" 200 -
  127.0.0.1 - "GET /api/ai/anomalies HTTP/1.1" 500 -
  127.0.0.1 - "GET /api/elections HTTP/1.1" 200 -
  127.0.0.1 - "GET /api/admin/turnout HTTP/1.1" 200 -
  127.0.0.1 - "PUT /api/admin/elections/34 HTTP/1.1" 200 -
  127.0.0.1 - "GET /api/elections HTTP/1.1" 200 -
  127.0.0.1 - "GET /api/admin/turnout HTTP/1.1" 200 -
  127.0.0.1 - "GET /admin.html HTTP/1.1" 304 -
  127.0.0.1 - "GET /api/elections HTTP/1.1" 200 -
  127.0.0.1 - "GET /api/admin/turnout HTTP/1.1" 200 -
  127.0.0.1 - "GET /api/ai/anomalies HTTP/1.1" 500 -
  127.0.0.1 - "GET /api/elections HTTP/1.1" 200 -
  127.0.0.1 - "GET /api/admin/turnout HTTP/1.1" 200 -
  127.0.0.1 - "POST /api/auth/logout HTTP/1.1" 200 -
  127.0.0.1 - "GET /style.css HTTP/1.1" 304 -
  127.0.0.1 - "GET /api/auth/captcha HTTP/1.1" 200 -
  127.0.0.1 - "POST /api/auth/voter/login HTTP/1.1" 200 -
  127.0.0.1 - "GET /voter.html HTTP/1.1" 304 -
  127.0.0.1 - "GET /voter.js HTTP/1.1" 304 -
  127.0.0.1 - "GET /api/elections HTTP/1.1" 200 -
  127.0.0.1 - "GET /api/voter/history HTTP/1.1" 200 -
  127.0.0.1 - "GET /api/announcements HTTP/1.1" 200 -
  127.0.0.1 - "GET /api/announcements HTTP/1.1" 200 -
  127.0.0.1 - "GET /api/elections/active HTTP/1.1" 200 -
  127.0.0.1 - "GET /api/announcements HTTP/1.1" 200 -
  127.0.0.1 - "GET /api/voter/history HTTP/1.1" 200 -
  127.0.0.1 - "GET /api/announcements HTTP/1.1" 200 -
  127.0.0.1 - "GET /api/announcements HTTP/1.1" 200 -
  127.0.0.1 - "GET /api/candidates?election_id=34 HTTP/1.1" 200 -
  127.0.0.1 - "GET /api/announcements HTTP/1.1" 200 -
  127.0.0.1 - "GET /api/announcements HTTP/1.1" 200 -
  127.0.0.1 - "GET /api/announcements HTTP/1.1" 200 -
  127.0.0.1 - "GET /api/announcements HTTP/1.1" 200 -
  127.0.0.1 - "GET /api/announcements HTTP/1.1" 200 -
  127.0.0.1 - "GET /api/announcements HTTP/1.1" 200 -
  127.0.0.1 - "GET /api/announcements HTTP/1.1" 200 -
  127.0.0.1 - "GET /api/announcements HTTP/1.1" 200 -
  127.0.0.1 - "GET /api/announcements HTTP/1.1" 200 -
  127.0.0.1 - "GET /api/announcements HTTP/1.1" 200 -
  127.0.0.1 - "GET /api/announcements HTTP/1.1" 200 -
  127.0.0.1 - "GET /api/announcements HTTP/1.1" 200 -
  127.0.0.1 - "GET /api/announcements HTTP/1.1" 200 -
  127.0.0.1 - "GET /api/announcements HTTP/1.1" 200 -
  127.0.0.1 - "GET /api/announcements HTTP/1.1" 200 -
  127.0.0.1 - "POST /api/vote HTTP/1.1" 200 -
  127.0.0.1 - "GET /api/announcements HTTP/1.1" 200 -
  127.0.0.1 - "GET /api/voter/receipt/34 HTTP/1.1" 200 -
  127.0.0.1 - "GET /api/elections/active HTTP/1.1" 200 -
  127.0.0.1 - "GET /api/elections HTTP/1.1" 200 -
  127.0.0.1 - "GET /api/voter/history HTTP/1.1" 200 -
  127.0.0.1 - "GET /api/announcements HTTP/1.1" 200 -
  127.0.0.1 - "GET /api/voter/history HTTP/1.1" 200 -
  127.0.0.1 - "GET /api/announcements HTTP/1.1" 200 -
  127.0.0.1 - "GET /api/voter/history HTTP/1.1" 200 -
  127.0.0.1 - "GET /api/announcements HTTP/1.1" 200 -
  127.0.0.1 - "GET /api/announcements HTTP/1.1" 200 -
  127.0.0.1 - code 404, message File not found
  127.0.0.1 - "GET /api/voter/verify-hash/51ed972a67f896b2b2be3fceadb61405768a06a263ab7a26b065094052436474 HTTP/1.1" 404 -
  127.0.0.1 - "GET /api/announcements HTTP/1.1" 200 -
  127.0.0.1 - "GET /api/announcements HTTP/1.1" 200 -
  127.0.0.1 - code 404, message File not found
  127.0.0.1 - "GET /api/voter/verify-hash/51ed972a67f896b2b2be3fceadb61405768a06a263ab7a26b065094052436474 HTTP/1.1" 404 -
  127.0.0.1 - "GET /api/announcements HTTP/1.1" 200 -
  127.0.0.1 - "GET /api/announcements HTTP/1.1" 200 -
  127.0.0.1 - "GET /api/announcements HTTP/1.1" 200 -
  127.0.0.1 - "GET /api/announcements HTTP/1.1" 200 -
  127.0.0.1 - "GET /api/announcements HTTP/1.1" 200 -
  127.0.0.1 - "GET /api/announcements HTTP/1.1" 200 -
  127.0.0.1 - code 404, message File not found
  127.0.0.1 - "GET /api/voter/verify-hash/51ed972a67f896b2b2be3fceadb61405768a06a263ab7a26b065094052436474 HTTP/1.1" 404 -
  127.0.0.1 - "GET /api/announcements HTTP/1.1" 200 -
  127.0.0.1 - code 404, message File not found
  127.0.0.1 - "GET /api/voter/verify-hash/51ed972a67f896b2b2be3fceadb61405768a06a263ab7a26b065094052436474 HTTP/1.1" 404 -
  127.0.0.1 - "GET /api/announcements HTTP/1.1" 200 -
  127.0.0.1 - "GET /api/voter/history HTTP/1.1" 200 -
  127.0.0.1 - "GET /api/announcements HTTP/1.1" 200 -
  127.0.0.1 - "GET /api/announcements HTTP/1.1" 200 -
  127.0.0.1 - "GET /api/announcements HTTP/1.1" 200 -
  127.0.0.1 - "GET /api/announcements HTTP/1.1" 200 -
  127.0.0.1 - code 404, message File not found
  127.0.0.1 - "GET /api/voter/verify-hash/undefined HTTP/1.1" 404 -
  127.0.0.1 - "GET /api/announcements HTTP/1.1" 200 -
  127.0.0.1 - code 404, message File not found
  127.0.0.1 - "GET /api/voter/verify-hash/undefined HTTP/1.1" 404 -
  127.0.0.1 - "GET /api/announcements HTTP/1.1" 200 -
  127.0.0.1 - "GET /api/announcements HTTP/1.1" 200 -
  127.0.0.1 - "GET /api/voter/profile HTTP/1.1" 200 -
  127.0.0.1 - "GET /api/announcements HTTP/1.1" 200 -
  127.0.0.1 - "GET /api/voter/history HTTP/1.1" 200 -
  127.0.0.1 - "GET /api/elections HTTP/1.1" 200 -
  127.0.0.1 - "POST /api/auth/logout HTTP/1.1" 200 -
  127.0.0.1 - "GET /api/announcements HTTP/1.1" 200 -
  127.0.0.1 - "GET /api/announcements HTTP/1.1" 500 -
  127.0.0.1 - "GET /api/announcements HTTP/1.1" 200 -
  127.0.0.1 - "GET /api/announcements HTTP/1.1" 500 -
  127.0.0.1 - "GET /api/auth/captcha HTTP/1.1" 200 -
  127.0.0.1 - "POST /api/auth/admin/login HTTP/1.1" 200 -
  127.0.0.1 - "GET /admin.js HTTP/1.1" 304 -
  127.0.0.1 - "GET /api/elections HTTP/1.1" 200 -
  127.0.0.1 - "GET /api/admin/turnout HTTP/1.1" 200 -
  127.0.0.1 - "GET /api/ai/anomalies HTTP/1.1" 500 -
  127.0.0.1 - "GET /api/elections HTTP/1.1" 200 -
  127.0.0.1 - "GET /api/admin/turnout HTTP/1.1" 200 -
  127.0.0.1 - "PUT /api/admin/elections/34 HTTP/1.1" 200 -
  127.0.0.1 - "GET /api/elections HTTP/1.1" 200 -
  127.0.0.1 - "GET /api/admin/turnout HTTP/1.1" 200 -
  127.0.0.1 - "GET /api/elections HTTP/1.1" 200 -
  127.0.0.1 - "GET /api/results/34 HTTP/1.1" 200 -
  127.0.0.1 - "GET /api/ai/summarize/34 HTTP/1.1" 200 -
  127.0.0.1 - "GET /api/ai/anomalies HTTP/1.1" 500 -
  127.0.0.1 - "GET /api/admin/announcements HTTP/1.1" 200 -
  127.0.0.1 - "POST /api/admin/announcements HTTP/1.1" 200 -
  127.0.0.1 - "GET /api/admin/announcements HTTP/1.1" 200 -
  127.0.0.1 - "POST /api/auth/logout HTTP/1.1" 200 -
  127.0.0.1 - "GET /api/auth/captcha HTTP/1.1" 200 -
  127.0.0.1 - "POST /api/auth/voter/login HTTP/1.1" 200 -
  127.0.0.1 - "GET /voter.html HTTP/1.1" 304 -
  127.0.0.1 - "POST /api/auth/voter/login HTTP/1.1" 200 -
  127.0.0.1 - "GET /voter.js HTTP/1.1" 304 -
  127.0.0.1 - "GET /api/elections HTTP/1.1" 200 -
  127.0.0.1 - "GET /api/voter/history HTTP/1.1" 200 -
  127.0.0.1 - "GET /api/announcements HTTP/1.1" 200 -
  127.0.0.1 - "GET /api/announcements HTTP/1.1" 200 -
  127.0.0.1 - "GET /api/announcements HTTP/1.1" 200 -
  127.0.0.1 - "GET /api/announcements HTTP/1.1" 200 -
  127.0.0.1 - "GET /api/announcements HTTP/1.1" 200 -
  127.0.0.1 - "GET /api/announcements HTTP/1.1" 200 -
  127.0.0.1 - "GET /api/elections HTTP/1.1" 200 -
  127.0.0.1 - "GET /api/announcements HTTP/1.1" 200 -
  127.0.0.1 - "GET /api/results/34 HTTP/1.1" 200 -
  127.0.0.1 - "GET /api/ai/summarize/34 HTTP/1.1" 200 -
  127.0.0.1 - "GET /api/announcements HTTP/1.1" 200 -
  127.0.0.1 - "GET /api/announcements HTTP/1.1" 200 -
  127.0.0.1 - "GET /api/announcements HTTP/1.1" 200 -
  127.0.0.1 - "GET /api/announcements HTTP/1.1" 200 -
  127.0.0.1 - "GET /api/announcements HTTP/1.1" 200 -
  127.0.0.1 - "GET /api/announcements HTTP/1.1" 200 -
  127.0.0.1 - "GET /api/announcements HTTP/1.1" 200 -
  127.0.0.1 - "GET /api/announcements HTTP/1.1" 200 -
  127.0.0.1 - "GET /api/announcements HTTP/1.1" 200 -
  127.0.0.1 - "GET /api/voter/profile HTTP/1.1" 200 -
  127.0.0.1 - "GET /api/announcements HTTP/1.1" 200 -
  127.0.0.1 - "GET /api/announcements HTTP/1.1" 200 -
  127.0.0.1 - "POST /api/auth/logout HTTP/1.1" 200 -
  127.0.0.1 - "GET /api/announcements HTTP/1.1" 200 -
  127.0.0.1 - "GET /style.css HTTP/1.1" 304 -
  127.0.0.1 - "GET /api/auth/captcha HTTP/1.1" 200 -
  127.0.0.1 - "GET /api/auth/captcha HTTP/1.1" 200 -
  127.0.0.1 - "GET /api/auth/captcha HTTP/1.1" 200 -
  127.0.0.1 - "GET /api/auth/captcha HTTP/1.1" 200 -
  127.0.0.1 - "GET /api/auth/captcha HTTP/1.1" 200 -
  127.0.0.1 - "GET /api/auth/captcha HTTP/1.1" 200 -
  127.0.0.1 - "GET /api/auth/captcha HTTP/1.1" 200 -
  127.0.0.1 - "GET /api/auth/captcha HTTP/1.1" 200 -
  127.0.0.1 - "GET /index.html HTTP/1.1" 200 -
  127.0.0.1 - "GET /style.css HTTP/1.1" 200 -
  127.0.0.1 - "GET /api/auth/captcha HTTP/1.1" 200 -
  127.0.0.1 - code 404, message File not found
  127.0.0.1 - "GET /favicon.ico HTTP/1.1" 404 -
  127.0.0.1 - "GET /api/auth/captcha HTTP/1.1" 200 -
  127.0.0.1 - "GET /api/auth/captcha HTTP/1.1" 200 -
  127.0.0.1 - "GET /api/auth/captcha HTTP/1.1" 200 -
  127.0.0.1 - "GET /api/auth/captcha HTTP/1.1" 200 -
  127.0.0.1 - "GET /api/auth/captcha HTTP/1.1" 200 -
  127.0.0.1 - "GET /api/auth/captcha HTTP/1.1" 200 -
  127.0.0.1 - "GET /api/auth/captcha HTTP/1.1" 200 -
  127.0.0.1 - "GET /api/auth/captcha HTTP/1.1" 200 -
  127.0.0.1 - "GET /api/auth/captcha HTTP/1.1" 200 -
  127.0.0.1 - "GET /api/auth/captcha HTTP/1.1" 200 -
  127.0.0.1 - "GET /api/auth/captcha HTTP/1.1" 200 -
  127.0.0.1 - "GET /api/auth/captcha HTTP/1.1" 200 -
  127.0.0.1 - "GET /api/auth/captcha HTTP/1.1" 200 -
  127.0.0.1 - "GET /api/auth/captcha HTTP/1.1" 200 -
  127.0.0.1 - "GET /api/auth/captcha HTTP/1.1" 200 -
  127.0.0.1 - "POST /api/auth/register HTTP/1.1" 200 -
  127.0.0.1 - "POST /api/auth/voter/login HTTP/1.1" 200 -
  127.0.0.1 - "GET /voter.html HTTP/1.1" 200 -
  127.0.0.1 - "GET /style.css HTTP/1.1" 304 -
  127.0.0.1 - "GET /voter.js HTTP/1.1" 200 -
  127.0.0.1 - "GET /api/elections HTTP/1.1" 200 -
  127.0.0.1 - "GET /api/voter/history HTTP/1.1" 200 -
  127.0.0.1 - "GET /api/voter/notifications HTTP/1.1" 200 -
  127.0.0.1 - "GET /api/announcements HTTP/1.1" 200 -
  127.0.0.1 - "GET /api/voter/notifications HTTP/1.1" 200 -
  127.0.0.1 - "GET /api/voter/notifications HTTP/1.1" 200 -
  127.0.0.1 - "GET /api/voter/notifications HTTP/1.1" 200 -
  127.0.0.1 - "GET /api/elections/active HTTP/1.1" 200 -
  127.0.0.1 - "GET /api/voter/notifications HTTP/1.1" 200 -
  127.0.0.1 - "GET /api/voter/notifications HTTP/1.1" 200 -
  127.0.0.1 - "GET /api/voter/notifications HTTP/1.1" 200 -
  127.0.0.1 - "GET /api/voter/notifications HTTP/1.1" 200 -
  127.0.0.1 - "GET /api/voter/notifications HTTP/1.1" 200 -
  127.0.0.1 - "GET /api/elections HTTP/1.1" 200 -
  127.0.0.1 - "GET /api/voter/notifications HTTP/1.1" 200 -
  127.0.0.1 - "GET /api/voter/notifications HTTP/1.1" 200 -
  127.0.0.1 - "GET /api/voter/notifications HTTP/1.1" 200 -
  127.0.0.1 - "GET /api/voter/notifications HTTP/1.1" 200 -
  127.0.0.1 - "GET /api/voter/notifications HTTP/1.1" 200 -
  127.0.0.1 - "GET /api/voter/notifications HTTP/1.1" 200 -
  127.0.0.1 - "GET /api/voter/notifications HTTP/1.1" 200 -
  127.0.0.1 - "GET /api/voter/notifications HTTP/1.1" 200 -
  127.0.0.1 - "GET /api/ai/search?q=Priya%20Sharma&category=all HTTP/1.1" 200 -
  127.0.0.1 - "GET /api/voter/notifications HTTP/1.1" 200 -
  127.0.0.1 - "GET /api/voter/notifications HTTP/1.1" 200 -
  127.0.0.1 - "GET /api/voter/notifications HTTP/1.1" 200 -
  127.0.0.1 - "GET /api/ai/search?q=2024&category=all HTTP/1.1" 200 -
  127.0.0.1 - "GET /api/voter/notifications HTTP/1.1" 200 -
  127.0.0.1 - "GET /api/voter/notifications HTTP/1.1" 200 -
  127.0.0.1 - "GET /api/voter/notifications HTTP/1.1" 200 -
  127.0.0.1 - "GET /api/voter/notifications HTTP/1.1" 200 -
  127.0.0.1 - "GET /api/voter/notifications HTTP/1.1" 200 -
  127.0.0.1 - "GET /api/voter/notifications HTTP/1.1" 200 -
  127.0.0.1 - "GET /api/voter/notifications HTTP/1.1" 200 -
  127.0.0.1 - "GET /api/voter/notifications HTTP/1.1" 200 -
  127.0.0.1 - "GET /api/voter/notifications HTTP/1.1" 200 -
  127.0.0.1 - "GET /api/voter/notifications HTTP/1.1" 200 -
  127.0.0.1 - "GET /api/elections HTTP/1.1" 200 -
  127.0.0.1 - "GET /api/voter/notifications HTTP/1.1" 200 -
  127.0.0.1 - "GET /api/voter/notifications HTTP/1.1" 200 -
  127.0.0.1 - "GET /api/voter/notifications HTTP/1.1" 200 -
  127.0.0.1 - "GET /api/voter/notifications HTTP/1.1" 200 -
  127.0.0.1 - "GET /api/voter/notifications HTTP/1.1" 200 -
  127.0.0.1 - "GET /api/voter/notifications HTTP/1.1" 200 -
  127.0.0.1 - "GET /api/voter/notifications HTTP/1.1" 200 -
  127.0.0.1 - "GET /api/voter/notifications HTTP/1.1" 200 -
  127.0.0.1 - "GET /api/announcements HTTP/1.1" 200 -
  127.0.0.1 - "GET /api/voter/notifications HTTP/1.1" 200 -
  127.0.0.1 - "GET /api/voter/notifications HTTP/1.1" 200 -
  127.0.0.1 - "GET /api/elections HTTP/1.1" 200 -
  127.0.0.1 - "GET /api/voter/notifications HTTP/1.1" 200 -
  127.0.0.1 - "GET /api/voter/notifications HTTP/1.1" 200 -
  127.0.0.1 - "GET /api/voter/notifications HTTP/1.1" 200 -
  127.0.0.1 - "GET /api/voter/notifications HTTP/1.1" 200 -
  127.0.0.1 - "GET /api/voter/notifications HTTP/1.1" 200 -
  127.0.0.1 - "GET /api/voter/notifications HTTP/1.1" 200 -
  127.0.0.1 - "GET /api/voter/notifications HTTP/1.1" 200 -
  127.0.0.1 - "GET /api/voter/notifications HTTP/1.1" 200 -
  127.0.0.1 - "GET /admin.html HTTP/1.1" 200 -
  127.0.0.1 - "GET /api/voter/notifications HTTP/1.1" 200 -
  127.0.0.1 - "GET /admin.js HTTP/1.1" 200 -
  127.0.0.1 - "GET /api/voter/notifications HTTP/1.1" 200 -
  127.0.0.1 - "GET /index.html HTTP/1.1" 304 -
  127.0.0.1 - "GET /api/voter/notifications HTTP/1.1" 200 -
  127.0.0.1 - "GET /voter.js HTTP/1.1" 304 -
  127.0.0.1 - "GET /api/voter/notifications HTTP/1.1" 200 -
  127.0.0.1 - "GET /api/elections HTTP/1.1" 200 -
  127.0.0.1 - "GET /api/voter/history HTTP/1.1" 200 -
  127.0.0.1 - "POST /api/auth/logout HTTP/1.1" 200 -
  127.0.0.1 - "GET /api/voter/notifications HTTP/1.1" 401 -
  127.0.0.1 - "GET /api/auth/captcha HTTP/1.1" 200 -
  127.0.0.1 - "POST /api/auth/voter/login HTTP/1.1" 200 -
  127.0.0.1 - "GET /api/elections HTTP/1.1" 200 -
  127.0.0.1 - "GET /api/voter/history HTTP/1.1" 200 -
  127.0.0.1 - "GET /api/voter/notifications HTTP/1.1" 200 -
  127.0.0.1 - "GET /api/voter/notifications HTTP/1.1" 200 -
  127.0.0.1 - "GET /api/announcements HTTP/1.1" 200 -
  127.0.0.1 - "GET /api/voter/notifications HTTP/1.1" 200 -
  127.0.0.1 - "GET /api/voter/notifications HTTP/1.1" 200 -
  127.0.0.1 - "GET /api/voter/profile HTTP/1.1" 200 -
  127.0.0.1 - "GET /api/voter/notifications HTTP/1.1" 200 -
  127.0.0.1 - "GET /api/voter/notifications HTTP/1.1" 200 -
  127.0.0.1 - "GET /api/voter/notifications HTTP/1.1" 200 -
  127.0.0.1 - "POST /api/auth/logout HTTP/1.1" 200 -
  127.0.0.1 - "GET /api/voter/notifications HTTP/1.1" 401 -
  127.0.0.1 - "GET /api/auth/captcha HTTP/1.1" 200 -
  127.0.0.1 - "GET /api/voter/notifications HTTP/1.1" 401 -
  127.0.0.1 - "POST /api/auth/admin/login HTTP/1.1" 200 -
  127.0.0.1 - "GET /admin.js HTTP/1.1" 304 -
  127.0.0.1 - "GET /api/ai/anomalies HTTP/1.1" 500 -
  127.0.0.1 - "GET /api/elections HTTP/1.1" 200 -
  127.0.0.1 - "GET /api/admin/turnout HTTP/1.1" 200 -
  127.0.0.1 - "GET /api/elections HTTP/1.1" 200 -
  127.0.0.1 - "GET /api/admin/turnout HTTP/1.1" 200 -
  127.0.0.1 - code 404, message File not found
  127.0.0.1 - "GET /api/admin/elections HTTP/1.1" 404 -
  127.0.0.1 - "POST /api/admin/elections HTTP/1.1" 500 -
  127.0.0.1 - "POST /api/admin/elections HTTP/1.1" 500 -
  127.0.0.1 - "POST /api/admin/elections HTTP/1.1" 500 -
  127.0.0.1 - "POST /api/admin/elections HTTP/1.1" 500 -
  127.0.0.1 - "PUT /api/admin/elections/2 HTTP/1.1" 200 -
  127.0.0.1 - "GET /api/elections HTTP/1.1" 200 -
  127.0.0.1 - "GET /api/admin/turnout HTTP/1.1" 200 -
  127.0.0.1 - "GET /admin.html HTTP/1.1" 304 -
  127.0.0.1 - "GET /style.css HTTP/1.1" 304 -
  127.0.0.1 - "GET /admin.js HTTP/1.1" 304 -
  127.0.0.1 - "GET /api/elections HTTP/1.1" 200 -
  127.0.0.1 - "GET /api/admin/turnout HTTP/1.1" 200 -
  127.0.0.1 - "GET /api/ai/anomalies HTTP/1.1" 500 -
  127.0.0.1 - "GET /api/elections HTTP/1.1" 200 -
  127.0.0.1 - "GET /api/admin/turnout HTTP/1.1" 200 -
  127.0.0.1 - "GET /api/ai/anomalies HTTP/1.1" 500 -
  127.0.0.1 - "GET /api/auth/captcha HTTP/1.1" 200 -
  127.0.0.1 - "POST /api/auth/voter/login HTTP/1.1" 200 -
  127.0.0.1 - "GET /voter.html HTTP/1.1" 304 -
  127.0.0.1 - "GET /voter.js HTTP/1.1" 304 -
  127.0.0.1 - "GET /api/elections HTTP/1.1" 200 -
  127.0.0.1 - "GET /api/voter/history HTTP/1.1" 200 -
  127.0.0.1 - "GET /api/voter/notifications HTTP/1.1" 200 -
  127.0.0.1 - "GET /api/announcements HTTP/1.1" 200 -
  127.0.0.1 - "GET /api/voter/notifications HTTP/1.1" 200 -
  127.0.0.1 - "GET /api/voter/notifications HTTP/1.1" 200 -
  127.0.0.1 - "GET /api/voter/notifications HTTP/1.1" 200 -
  127.0.0.1 - "GET /api/voter/notifications HTTP/1.1" 200 -
  127.0.0.1 - "GET /api/voter/notifications HTTP/1.1" 200 -
  127.0.0.1 - "GET /api/voter/notifications HTTP/1.1" 200 -
  127.0.0.1 - "GET /api/voter/notifications HTTP/1.1" 200 -
  127.0.0.1 - "GET /api/voter/notifications HTTP/1.1" 200 -
  127.0.0.1 - "GET /api/voter/notifications HTTP/1.1" 200 -
  127.0.0.1 - "GET /api/voter/notifications HTTP/1.1" 200 -
  127.0.0.1 - "GET /api/voter/notifications HTTP/1.1" 200 -
  127.0.0.1 - "GET /api/voter/notifications HTTP/1.1" 200 -
  127.0.0.1 - "GET /api/voter/notifications HTTP/1.1" 200 -
  127.0.0.1 - "GET /api/auth/captcha HTTP/1.1" 200 -
  127.0.0.1 - "GET /api/voter/notifications HTTP/1.1" 200 -
  127.0.0.1 - "GET /api/auth/google HTTP/1.1" 302 -
  127.0.0.1 - "GET /api/auth/captcha HTTP/1.1" 200 -
  127.0.0.1 - "POST /api/auth/admin/login HTTP/1.1" 200 -
  127.0.0.1 - "GET /admin.js HTTP/1.1" 304 -
  127.0.0.1 - "GET /api/elections HTTP/1.1" 200 -
  127.0.0.1 - "GET /api/admin/turnout HTTP/1.1" 200 -
  127.0.0.1 - "GET /api/ai/anomalies HTTP/1.1" 500 -
  127.0.0.1 - "GET /api/auth/captcha HTTP/1.1" 200 -
  127.0.0.1 - "POST /api/auth/voter/login HTTP/1.1" 200 -
  127.0.0.1 - "GET /voter.js HTTP/1.1" 304 -
  127.0.0.1 - "GET /api/elections HTTP/1.1" 200 -
  127.0.0.1 - "GET /api/voter/history HTTP/1.1" 200 -
  127.0.0.1 - "GET /api/voter/notifications HTTP/1.1" 200 -
  127.0.0.1 - "GET /api/voter/notifications HTTP/1.1" 200 -
  127.0.0.1 - "GET /api/announcements HTTP/1.1" 200 -
  127.0.0.1 - "GET /api/voter/notifications HTTP/1.1" 200 -
  127.0.0.1 - "GET /api/voter/notifications HTTP/1.1" 200 -
  127.0.0.1 - "GET /api/voter/notifications HTTP/1.1" 200 -
  127.0.0.1 - "GET /api/voter/notifications HTTP/1.1" 200 -
  127.0.0.1 - "GET /api/voter/notifications HTTP/1.1" 200 -
  127.0.0.1 - "GET /api/voter/notifications HTTP/1.1" 200 -
  127.0.0.1 - "GET /api/voter/notifications HTTP/1.1" 200 -
  127.0.0.1 - "GET /api/voter/notifications HTTP/1.1" 200 -
  127.0.0.1 - "GET /api/voter/notifications HTTP/1.1" 200 -
  127.0.0.1 - "GET /api/voter/notifications HTTP/1.1" 200 -
  127.0.0.1 - "GET /api/voter/notifications HTTP/1.1" 200 -
  127.0.0.1 - "GET /api/voter/notifications HTTP/1.1" 200 -
  127.0.0.1 - "GET /api/voter/notifications HTTP/1.1" 200 -
  127.0.0.1 - "GET /api/voter/notifications HTTP/1.1" 200 -
  127.0.0.1 - "GET /api/voter/notifications HTTP/1.1" 200 -
  127.0.0.1 - "GET /api/voter/notifications HTTP/1.1" 200 -
  127.0.0.1 - "GET /api/voter/notifications HTTP/1.1" 200 -
  127.0.0.1 - "GET /api/voter/notifications HTTP/1.1" 200 -
  127.0.0.1 - "GET /api/voter/notifications HTTP/1.1" 200 -
  127.0.0.1 - "GET /api/elections HTTP/1.1" 200 -
  127.0.0.1 - "GET /api/voter/notifications HTTP/1.1" 200 -
  127.0.0.1 - code 404, message File not found
  127.0.0.1 - "GET /api/user/profile HTTP/1.1" 404 -
  127.0.0.1 - "GET /api/voter/notifications HTTP/1.1" 200 -
  127.0.0.1 - "GET /api/voter/notifications HTTP/1.1" 200 -
  127.0.0.1 - "GET /api/voter/notifications HTTP/1.1" 200 -
  127.0.0.1 - "GET /api/voter/notifications HTTP/1.1" 200 -
  127.0.0.1 - "GET /api/voter/notifications HTTP/1.1" 200 -
  127.0.0.1 - "GET /api/voter/notifications HTTP/1.1" 200 -
  127.0.0.1 - "GET /api/voter/notifications HTTP/1.1" 200 -
  127.0.0.1 - "GET /api/voter/notifications HTTP/1.1" 200 -
  127.0.0.1 - "GET /api/voter/notifications HTTP/1.1" 200 -
  127.0.0.1 - "GET /api/voter/notifications HTTP/1.1" 200 -
  127.0.0.1 - "GET /api/voter/notifications HTTP/1.1" 200 -
  127.0.0.1 - "GET /api/voter/notifications HTTP/1.1" 200 -
  127.0.0.1 - "GET /api/voter/notifications HTTP/1.1" 200 -
  127.0.0.1 - "GET /api/voter/notifications HTTP/1.1" 200 -
  127.0.0.1 - "GET /api/voter/notifications HTTP/1.1" 200 -
  127.0.0.1 - "GET /api/voter/notifications HTTP/1.1" 200 -
  127.0.0.1 - "GET /api/voter/notifications HTTP/1.1" 200 -
  127.0.0.1 - "GET /api/voter/notifications HTTP/1.1" 200 -
  127.0.0.1 - "GET /api/voter/notifications HTTP/1.1" 200 -
  127.0.0.1 - "GET /api/voter/notifications HTTP/1.1" 200 -
  127.0.0.1 - "GET /api/voter/notifications HTTP/1.1" 200 -
  127.0.0.1 - "GET /index.html HTTP/1.1" 304 -
  127.0.0.1 - "GET /api/voter/notifications HTTP/1.1" 200 -
  127.0.0.1 - "GET /api/auth/captcha HTTP/1.1" 200 -
  127.0.0.1 - "POST /api/auth/admin/login HTTP/1.1" 200 -
  127.0.0.1 - "GET /admin.js HTTP/1.1" 304 -
  127.0.0.1 - "GET /api/elections HTTP/1.1" 200 -
  127.0.0.1 - "GET /api/admin/turnout HTTP/1.1" 200 -
  127.0.0.1 - "GET /api/ai/anomalies HTTP/1.1" 500 -
  127.0.0.1 - "GET /api/elections HTTP/1.1" 200 -
  127.0.0.1 - "GET /api/admin/turnout HTTP/1.1" 200 -
  127.0.0.1 - code 404, message File not found
  127.0.0.1 - "GET /api/admin/elections HTTP/1.1" 404 -
  127.0.0.1 - "PUT /api/admin/elections/34 HTTP/1.1" 200 -
  127.0.0.1 - "GET /api/elections HTTP/1.1" 200 -
  127.0.0.1 - "GET /api/admin/turnout HTTP/1.1" 200 -
  127.0.0.1 - "PUT /api/admin/elections/11 HTTP/1.1" 200 -
  127.0.0.1 - "GET /api/elections HTTP/1.1" 200 -
  127.0.0.1 - "GET /api/admin/turnout HTTP/1.1" 200 -
  127.0.0.1 - "PUT /api/admin/elections/11 HTTP/1.1" 200 -
  127.0.0.1 - "GET /api/elections HTTP/1.1" 200 -
  127.0.0.1 - "GET /api/admin/turnout HTTP/1.1" 200 -
  127.0.0.1 - "GET /admin.html HTTP/1.1" 304 -
  127.0.0.1 - "GET /style.css HTTP/1.1" 304 -
  127.0.0.1 - "GET /admin.js HTTP/1.1" 304 -
  127.0.0.1 - "GET /api/elections HTTP/1.1" 200 -
  127.0.0.1 - "GET /api/admin/turnout HTTP/1.1" 200 -
  127.0.0.1 - "GET /api/ai/anomalies HTTP/1.1" 500 -
  127.0.0.1 - "POST /api/admin/elections HTTP/1.1" 401 -
  127.0.0.1 - "GET /api/elections HTTP/1.1" 200 -
  127.0.0.1 - "GET /api/admin/turnout HTTP/1.1" 200 -
  127.0.0.1 - "POST /api/admin/elections HTTP/1.1" 500 -
  127.0.0.1 - "PUT /api/admin/elections/19 HTTP/1.1" 200 -
  127.0.0.1 - "GET /api/elections HTTP/1.1" 200 -
  127.0.0.1 - "GET /api/admin/turnout HTTP/1.1" 200 -
  127.0.0.1 - "PUT /api/admin/elections/19 HTTP/1.1" 200 -
  127.0.0.1 - "GET /api/elections HTTP/1.1" 200 -
  127.0.0.1 - "GET /api/admin/turnout HTTP/1.1" 200 -
  127.0.0.1 - "GET /api/auth/captcha HTTP/1.1" 200 -
  127.0.0.1 - "POST /api/auth/voter/login HTTP/1.1" 200 -
  127.0.0.1 - "GET /voter.html HTTP/1.1" 304 -
  127.0.0.1 - "GET /voter.js HTTP/1.1" 304 -
  127.0.0.1 - "GET /api/elections HTTP/1.1" 200 -
  127.0.0.1 - "GET /api/voter/history HTTP/1.1" 200 -
  127.0.0.1 - "GET /api/voter/notifications HTTP/1.1" 200 -
  127.0.0.1 - "GET /api/announcements HTTP/1.1" 200 -
  127.0.0.1 - "GET /api/voter/notifications HTTP/1.1" 200 -
  127.0.0.1 - "GET /api/voter/notifications HTTP/1.1" 200 -
  127.0.0.1 - "GET /api/voter/notifications HTTP/1.1" 200 -
  127.0.0.1 - "GET /api/voter/notifications HTTP/1.1" 200 -
  127.0.0.1 - "GET /api/voter/notifications HTTP/1.1" 200 -
  127.0.0.1 - "GET /api/voter/notifications HTTP/1.1" 200 -
  127.0.0.1 - "GET /api/voter/notifications HTTP/1.1" 200 -
  127.0.0.1 - "GET /api/voter/notifications HTTP/1.1" 200 -
  127.0.0.1 - "GET /api/voter/notifications HTTP/1.1" 200 -
  127.0.0.1 - "GET /api/voter/notifications HTTP/1.1" 200 -
  127.0.0.1 - "GET /api/voter/notifications HTTP/1.1" 200 -
  127.0.0.1 - "GET /api/voter/notifications HTTP/1.1" 200 -
  127.0.0.1 - "GET /api/voter/notifications HTTP/1.1" 200 -
  127.0.0.1 - "GET /api/voter/notifications HTTP/1.1" 200 -
  127.0.0.1 - "GET /api/voter/notifications HTTP/1.1" 200 -
  127.0.0.1 - "GET /api/voter/notifications HTTP/1.1" 200 -
  127.0.0.1 - "GET /api/voter/notifications HTTP/1.1" 200 -
  127.0.0.1 - "GET /api/voter/notifications HTTP/1.1" 200 -
  127.0.0.1 - "GET /api/voter/notifications HTTP/1.1" 200 -
  127.0.0.1 - "GET /api/voter/notifications HTTP/1.1" 200 -
  127.0.0.1 - "GET /api/voter/notifications HTTP/1.1" 200 -
  127.0.0.1 - "GET /api/voter/notifications HTTP/1.1" 200 -
  127.0.0.1 - "GET /api/voter/notifications HTTP/1.1" 200 -
  127.0.0.1 - "GET /api/voter/notifications HTTP/1.1" 200 -
  127.0.0.1 - "GET /api/elections/active HTTP/1.1" 200 -
  127.0.0.1 - "GET /api/voter/notifications HTTP/1.1" 200 -
  127.0.0.1 - "GET /api/voter/history HTTP/1.1" 200 -
  127.0.0.1 - "GET /api/voter/notifications HTTP/1.1" 200 -
  127.0.0.1 - "GET /api/voter/notifications HTTP/1.1" 200 -
  127.0.0.1 - "GET /api/voter/notifications HTTP/1.1" 200 -
  127.0.0.1 - "GET /api/voter/notifications HTTP/1.1" 200 -
  127.0.0.1 - "GET /api/voter/notifications HTTP/1.1" 200 -
  127.0.0.1 - "GET /api/voter/notifications HTTP/1.1" 200 -
  127.0.0.1 - "GET /api/voter/notifications HTTP/1.1" 200 -
  127.0.0.1 - "GET /api/voter/notifications HTTP/1.1" 200 -
  127.0.0.1 - "GET /api/voter/notifications HTTP/1.1" 200 -
  127.0.0.1 - "GET /api/voter/notifications HTTP/1.1" 200 -
  127.0.0.1 - "GET /api/voter/notifications HTTP/1.1" 200 -
  127.0.0.1 - "GET /api/voter/notifications HTTP/1.1" 200 -
  127.0.0.1 - "GET /api/voter/notifications HTTP/1.1" 200 -
  127.0.0.1 - "GET /api/voter/notifications HTTP/1.1" 200 -
  127.0.0.1 - "GET /api/voter/notifications HTTP/1.1" 200 -
  127.0.0.1 - "GET /api/voter/notifications HTTP/1.1" 200 -
  127.0.0.1 - "GET /api/voter/notifications HTTP/1.1" 200 -
  127.0.0.1 - "GET /api/voter/notifications HTTP/1.1" 200 -
  127.0.0.1 - "GET /api/voter/notifications HTTP/1.1" 200 -
  127.0.0.1 - "GET /api/voter/notifications HTTP/1.1" 200 -
  127.0.0.1 - "GET /api/voter/notifications HTTP/1.1" 200 -
  127.0.0.1 - "GET /api/voter/notifications HTTP/1.1" 200 -
  127.0.0.1 - "GET /api/voter/notifications HTTP/1.1" 200 -
  127.0.0.1 - "GET /api/voter/notifications HTTP/1.1" 200 -
  127.0.0.1 - "GET /api/voter/notifications HTTP/1.1" 200 -
  127.0.0.1 - "GET /api/voter/notifications HTTP/1.1" 200 -
  127.0.0.1 - "GET /api/voter/notifications HTTP/1.1" 200 -
  127.0.0.1 - "GET /api/voter/notifications HTTP/1.1" 200 -
  127.0.0.1 - "GET /api/voter/notifications HTTP/1.1" 200 -
  127.0.0.1 - "GET /api/voter/notifications HTTP/1.1" 200 -
  127.0.0.1 - "GET /api/voter/notifications HTTP/1.1" 200 -
  127.0.0.1 - "GET /api/voter/notifications HTTP/1.1" 200 -
  127.0.0.1 - "GET /api/voter/notifications HTTP/1.1" 200 -
  127.0.0.1 - "GET /api/voter/notifications HTTP/1.1" 200 -
  127.0.0.1 - "GET /api/voter/notifications HTTP/1.1" 200 -
  127.0.0.1 - "GET /api/elections/active HTTP/1.1" 200 -
  127.0.0.1 - "GET /api/voter/notifications HTTP/1.1" 200 -
  127.0.0.1 - "GET /api/voter/history HTTP/1.1" 200 -
  127.0.0.1 - "GET /api/voter/notifications HTTP/1.1" 200 -
  127.0.0.1 - "GET /api/voter/notifications HTTP/1.1" 200 -
  127.0.0.1 - "GET /api/voter/notifications HTTP/1.1" 200 -
  127.0.0.1 - "GET /api/voter/notifications HTTP/1.1" 200 -
  127.0.0.1 - "GET /api/voter/notifications HTTP/1.1" 200 -
  127.0.0.1 - "GET /api/voter/notifications HTTP/1.1" 200 -
  127.0.0.1 - "GET /api/voter/notifications HTTP/1.1" 200 -
  127.0.0.1 - "GET /api/voter/notifications HTTP/1.1" 200 -
  127.0.0.1 - "GET /api/voter/notifications HTTP/1.1" 200 -
  127.0.0.1 - "GET /api/voter/notifications HTTP/1.1" 200 -
  127.0.0.1 - "GET /api/voter/notifications HTTP/1.1" 200 -
  127.0.0.1 - "GET /api/voter/notifications HTTP/1.1" 200 -
  127.0.0.1 - "GET /api/voter/notifications HTTP/1.1" 200 -
  127.0.0.1 - "GET /api/voter/notifications HTTP/1.1" 200 -
  127.0.0.1 - "GET /api/voter/notifications HTTP/1.1" 200 -
  127.0.0.1 - "GET /api/voter/notifications HTTP/1.1" 200 -
  127.0.0.1 - "GET /api/elections/active HTTP/1.1" 200 -
  127.0.0.1 - "GET /api/voter/notifications HTTP/1.1" 200 -
  127.0.0.1 - "GET /api/voter/history HTTP/1.1" 200 -
  127.0.0.1 - "GET /api/voter/notifications HTTP/1.1" 200 -
  127.0.0.1 - "GET /api/voter/notifications HTTP/1.1" 200 -
  127.0.0.1 - "GET /api/voter/notifications HTTP/1.1" 200 -
  127.0.0.1 - "GET /api/voter/notifications HTTP/1.1" 200 -
  127.0.0.1 - "GET /api/voter/notifications HTTP/1.1" 200 -
  127.0.0.1 - "GET /api/voter/notifications HTTP/1.1" 200 -
  127.0.0.1 - "GET /api/voter/notifications HTTP/1.1" 200 -
  127.0.0.1 - "GET /api/elections/active HTTP/1.1" 200 -
  127.0.0.1 - "GET /api/voter/notifications HTTP/1.1" 200 -
  127.0.0.1 - "GET /api/elections/active HTTP/1.1" 200 -
  127.0.0.1 - "GET /api/voter/history HTTP/1.1" 200 -
  127.0.0.1 - "GET /api/voter/notifications HTTP/1.1" 200 -
  127.0.0.1 - "GET /api/voter/history HTTP/1.1" 200 -
  127.0.0.1 - "GET /api/voter/notifications HTTP/1.1" 200 -
  127.0.0.1 - "GET /api/voter/notifications HTTP/1.1" 200 -
  127.0.0.1 - "GET /api/voter/notifications HTTP/1.1" 200 -
  127.0.0.1 - "GET /api/voter/notifications HTTP/1.1" 200 -
  127.0.0.1 - "GET /api/voter/notifications HTTP/1.1" 200 -
  127.0.0.1 - "GET /api/voter/notifications HTTP/1.1" 200 -
  127.0.0.1 - "GET /api/voter/notifications HTTP/1.1" 200 -
  127.0.0.1 - "GET /api/voter/notifications HTTP/1.1" 200 -
  127.0.0.1 - "GET /api/voter/notifications HTTP/1.1" 200 -
  127.0.0.1 - "GET /api/voter/notifications HTTP/1.1" 200 -
  127.0.0.1 - "GET /api/voter/notifications HTTP/1.1" 200 -
  127.0.0.1 - "GET /api/voter/notifications HTTP/1.1" 200 -
  127.0.0.1 - "GET /api/voter/notifications HTTP/1.1" 200 -
  127.0.0.1 - "GET /api/voter/notifications HTTP/1.1" 200 -
  127.0.0.1 - "GET /api/voter/notifications HTTP/1.1" 200 -
  127.0.0.1 - "GET /api/voter/notifications HTTP/1.1" 200 -
  127.0.0.1 - "GET /api/voter/notifications HTTP/1.1" 200 -
  127.0.0.1 - "GET /api/voter/notifications HTTP/1.1" 200 -
  127.0.0.1 - "GET /api/voter/notifications HTTP/1.1" 200 -
  127.0.0.1 - "GET /api/voter/notifications HTTP/1.1" 200 -
  127.0.0.1 - "GET /api/voter/notifications HTTP/1.1" 200 -
  127.0.0.1 - "GET /api/voter/notifications HTTP/1.1" 200 -
  127.0.0.1 - "GET /api/voter/notifications HTTP/1.1" 200 -
  127.0.0.1 - "GET /api/voter/notifications HTTP/1.1" 200 -
  127.0.0.1 - "GET /api/voter/notifications HTTP/1.1" 200 -
  127.0.0.1 - "GET /api/voter/notifications HTTP/1.1" 200 -
  127.0.0.1 - "GET /api/voter/notifications HTTP/1.1" 200 -
  127.0.0.1 - "GET /api/voter/notifications HTTP/1.1" 200 -
  127.0.0.1 - "GET /api/voter/notifications HTTP/1.1" 200 -
  127.0.0.1 - "GET /api/voter/notifications HTTP/1.1" 200 -
  127.0.0.1 - "GET /api/voter/notifications HTTP/1.1" 200 -
  127.0.0.1 - "GET /api/voter/notifications HTTP/1.1" 200 -
  127.0.0.1 - "GET /api/voter/notifications HTTP/1.1" 200 -
  127.0.0.1 - "GET /api/voter/notifications HTTP/1.1" 200 -
  127.0.0.1 - "GET /api/voter/notifications HTTP/1.1" 200 -
  127.0.0.1 - "GET /api/voter/notifications HTTP/1.1" 200 -
  127.0.0.1 - "GET /api/voter/notifications HTTP/1.1" 200 -
  127.0.0.1 - "GET /api/voter/notifications HTTP/1.1" 200 -
  127.0.0.1 - "GET /api/voter/notifications HTTP/1.1" 200 -
  127.0.0.1 - "GET /api/voter/notifications HTTP/1.1" 200 -
  127.0.0.1 - "GET /api/voter/notifications HTTP/1.1" 200 -
  127.0.0.1 - "GET /api/voter/notifications HTTP/1.1" 200 -
  127.0.0.1 - "GET /api/voter/notifications HTTP/1.1" 200 -
  127.0.0.1 - "GET /api/voter/notifications HTTP/1.1" 200 -
  127.0.0.1 - "GET /api/voter/notifications HTTP/1.1" 200 -
  127.0.0.1 - "GET /index.html HTTP/1.1" 304 -
  127.0.0.1 - "GET /api/voter/notifications HTTP/1.1" 200 -
  127.0.0.1 - "GET /style.css HTTP/1.1" 304 -
  127.0.0.1 - "GET /voter.js HTTP/1.1" 304 -
  127.0.0.1 - "GET /api/elections HTTP/1.1" 200 -
  127.0.0.1 - "GET /api/voter/history HTTP/1.1" 200 -
  127.0.0.1 - "GET /api/voter/notifications HTTP/1.1" 200 -
  127.0.0.1 - "GET /api/announcements HTTP/1.1" 200 -
  127.0.0.1 - "GET /api/auth/captcha HTTP/1.1" 200 -
  127.0.0.1 - "GET /api/voter/notifications HTTP/1.1" 200 -
  127.0.0.1 - "GET /index.html HTTP/1.1" 304 -
  127.0.0.1 - "GET /api/auth/captcha HTTP/1.1" 200 -
  127.0.0.1 - "GET /api/auth/captcha HTTP/1.1" 500 -
  127.0.0.1 - "GET /api/voter/notifications HTTP/1.1" 200 -
  127.0.0.1 - "GET /style.css HTTP/1.1" 304 -
  127.0.0.1 - "GET /api/voter/notifications HTTP/1.1" 200 -
  127.0.0.1 - "GET /api/auth/captcha HTTP/1.1" 200 -
  127.0.0.1 - "GET /api/voter/notifications HTTP/1.1" 200 -
  127.0.0.1 - "GET /api/voter/notifications HTTP/1.1" 200 -
  127.0.0.1 - "GET /api/voter/notifications HTTP/1.1" 200 -
  127.0.0.1 - "GET /api/voter/notifications HTTP/1.1" 200 -
  127.0.0.1 - "GET /api/voter/notifications HTTP/1.1" 200 -
  127.0.0.1 - "GET /api/voter/notifications HTTP/1.1" 200 -
  127.0.0.1 - "GET /api/voter/notifications HTTP/1.1" 200 -
  127.0.0.1 - "GET /api/voter/notifications HTTP/1.1" 200 -
  127.0.0.1 - "GET /api/voter/notifications HTTP/1.1" 200 -
  127.0.0.1 - "GET /api/voter/notifications HTTP/1.1" 200 -
  127.0.0.1 - "GET /api/voter/notifications HTTP/1.1" 200 -
  127.0.0.1 - "GET /api/voter/notifications HTTP/1.1" 200 -
  127.0.0.1 - "GET /api/voter/notifications HTTP/1.1" 200 -
  127.0.0.1 - "GET /api/voter/notifications HTTP/1.1" 200 -
  127.0.0.1 - "GET /api/voter/notifications HTTP/1.1" 200 -
  127.0.0.1 - "GET /api/voter/notifications HTTP/1.1" 200 -
  127.0.0.1 - "GET /api/voter/notifications HTTP/1.1" 200 -
  127.0.0.1 - "GET /api/voter/notifications HTTP/1.1" 200 -
  127.0.0.1 - "GET /api/voter/notifications HTTP/1.1" 200 -
  127.0.0.1 - "GET /api/voter/notifications HTTP/1.1" 200 -
  127.0.0.1 - "GET /api/voter/notifications HTTP/1.1" 200 -
  127.0.0.1 - "GET /api/voter/notifications HTTP/1.1" 200 -
  127.0.0.1 - "GET /api/voter/notifications HTTP/1.1" 200 -
  127.0.0.1 - "GET /api/voter/notifications HTTP/1.1" 200 -
  127.0.0.1 - "GET /api/voter/notifications HTTP/1.1" 200 -
  127.0.0.1 - "GET /api/voter/notifications HTTP/1.1" 200 -
  127.0.0.1 - "GET /api/voter/notifications HTTP/1.1" 200 -
  127.0.0.1 - "GET /api/voter/notifications HTTP/1.1" 200 -
  127.0.0.1 - "GET /api/voter/notifications HTTP/1.1" 200 -
  127.0.0.1 - "GET /api/voter/notifications HTTP/1.1" 200 -
  127.0.0.1 - "GET /api/voter/notifications HTTP/1.1" 200 -
  127.0.0.1 - "GET /api/voter/notifications HTTP/1.1" 200 -
  127.0.0.1 - "GET /api/voter/notifications HTTP/1.1" 200 -
  127.0.0.1 - "GET /api/voter/notifications HTTP/1.1" 200 -
  127.0.0.1 - "GET /api/voter/notifications HTTP/1.1" 200 -
  127.0.0.1 - "GET /api/voter/notifications HTTP/1.1" 200 -
  127.0.0.1 - "POST /api/auth/logout HTTP/1.1" 200 -
  127.0.0.1 - "GET /api/voter/notifications HTTP/1.1" 401 -
  127.0.0.1 - "GET /api/auth/captcha HTTP/1.1" 200 -
  127.0.0.1 - "GET /api/auth/captcha HTTP/1.1" 500 -
  127.0.0.1 - "GET /api/auth/captcha HTTP/1.1" 200 -
  127.0.0.1 - "GET /index.html HTTP/1.1" 200 -
  127.0.0.1 - "GET /style.css HTTP/1.1" 200 -
  127.0.0.1 - "GET /api/auth/captcha HTTP/1.1" 200 -
  127.0.0.1 - code 404, message File not found
  127.0.0.1 - "GET /favicon.ico HTTP/1.1" 404 -
  127.0.0.1 - "POST /api/auth/voter/login HTTP/1.1" 200 -
  127.0.0.1 - "GET /voter.html HTTP/1.1" 304 -
  127.0.0.1 - "GET /api/elections HTTP/1.1" 200 -
  127.0.0.1 - "GET /api/voter/history HTTP/1.1" 200 -
  127.0.0.1 - "GET /api/voter/notifications HTTP/1.1" 200 -
  127.0.0.1 - "GET /api/announcements HTTP/1.1" 200 -
  127.0.0.1 - "GET /api/voter/notifications HTTP/1.1" 200 -
  127.0.0.1 - "GET /api/voter/notifications HTTP/1.1" 200 -
  127.0.0.1 - "GET /api/voter/notifications HTTP/1.1" 200 -
  127.0.0.1 - "GET /api/voter/notifications HTTP/1.1" 200 -
  127.0.0.1 - "GET /api/voter/notifications HTTP/1.1" 200 -
  127.0.0.1 - "GET /api/voter/notifications HTTP/1.1" 200 -
  127.0.0.1 - "GET /api/voter/notifications HTTP/1.1" 200 -
  127.0.0.1 - "GET /api/voter/notifications HTTP/1.1" 200 -
  127.0.0.1 - "GET /api/voter/notifications HTTP/1.1" 200 -
  127.0.0.1 - "GET /api/voter/notifications HTTP/1.1" 200 -
  127.0.0.1 - "GET /api/voter/notifications HTTP/1.1" 200 -Traceback (most recent call last):
  File "C:\Users\Hp\Downloads\ecommerce-ai-capstone\public\app.py", line 452, in do_GET
    elif path == "/api/admin/users":
        ^^^^^^^^^^^^^^^^^^^^^^^^^^^^
  File "C:\Users\Hp\Downloads\ecommerce-ai-capstone\public\app.py", line 154, in send_json
    cur = conn.cursor()
        ^^^^^^^^^^^^^^^
  File "C:\Users\Hp\AppData\Local\Programs\Python\Python314\Lib\socketserver.py", line 845, in write
    self._sock.sendall(b)
    ~~~~~~~~~~~~~~~~~~^^^
ConnectionAbortedError: [WinError 10053] An established connection was aborted by the software in your host machine
----------------------------------------
Exception occurred during processing of request from ('127.0.0.1', 55298)
Traceback (most recent call last):
  File "C:\Users\Hp\Downloads\ecommerce-ai-capstone\public\app.py", line 452, in do_GET
    elif path == "/api/admin/users":
        ^^^^^^^^^^^^^^^^^^^^^^^^^^^^
  File "C:\Users\Hp\Downloads\ecommerce-ai-capstone\public\app.py", line 154, in send_json
    cur = conn.cursor()
        ^^^^^^^^^^^^^^^
  File "C:\Users\Hp\AppData\Local\Programs\Python\Python314\Lib\socketserver.py", line 845, in write
    self._sock.sendall(b)
    ~~~~~~~~~~~~~~~~~~^^^
ConnectionAbortedError: [WinError 10053] An established connection was aborted by the software in your host machine

During handling of the above exception, another exception occurred:

Traceback (most recent call last):
  File "C:\Users\Hp\AppData\Local\Programs\Python\Python314\Lib\socketserver.py", line 318, in _handle_request_noblock
    self.process_request(request, client_address)
    ~~~~~~~~~~~~~~~~~~~~^^^^^^^^^^^^^^^^^^^^^^^^^
  File "C:\Users\Hp\AppData\Local\Programs\Python\Python314\Lib\socketserver.py", line 349, in process_request
    self.finish_request(request, client_address)
    ~~~~~~~~~~~~~~~~~~~^^^^^^^^^^^^^^^^^^^^^^^^^
  File "C:\Users\Hp\AppData\Local\Programs\Python\Python314\Lib\socketserver.py", line 362, in finish_request
    self.RequestHandlerClass(request, client_address, self)
    ~~~~~~~~~~~~~~~~~~~~~~~~^^^^^^^^^^^^^^^^^^^^^^^^^^^^^^^
  File "C:\Users\Hp\Downloads\ecommerce-ai-capstone\public\app.py", line 138, in __init__
    try:
    
        from config import SMTP_SERVER, SMTP_PORT, SMTP_EMAIL, SMTP_PASSWORD
        ^^^^^^^^^^^^^^^^^^^^^^^^^^^^^^^^^^^^^^^^^^^^^^^^^^^^^^^^^^^^^^^^^^^^
    except ImportError:
    ^^^^^^^^^^^^^^^^^^^
  File "C:\Users\Hp\AppData\Local\Programs\Python\Python314\Lib\http\server.py", line 732, in __init__
    super().__init__(*args, **kwargs)
    ~~~~~~~~~~~~~~~~^^^^^^^^^^^^^^^^^
  File "C:\Users\Hp\AppData\Local\Programs\Python\Python314\Lib\socketserver.py", line 766, in __init__
    self.handle()
    ~~~~~~~~~~~^^
  File "C:\Users\Hp\AppData\Local\Programs\Python\Python314\Lib\http\server.py", line 496, in handle
    self.handle_one_request()
    ~~~~~~~~~~~~~~~~~~~~~~~^^
  File "C:\Users\Hp\AppData\Local\Programs\Python\Python314\Lib\http\server.py", line 484, in handle_one_request
    method()
    ~~~~~~^^
  File "C:\Users\Hp\Downloads\ecommerce-ai-capstone\public\app.py", line 633, in do_GET
    FROM votes WHERE election_id=?
  File "C:\Users\Hp\Downloads\ecommerce-ai-capstone\public\app.py", line 153, in send_json
    # Compute results to get winner
  File "C:\Users\Hp\AppData\Local\Programs\Python\Python314\Lib\http\server.py", line 598, in end_headers
    self.flush_headers()
    ~~~~~~~~~~~~~~~~~~^^
  File "C:\Users\Hp\AppData\Local\Programs\Python\Python314\Lib\http\server.py", line 602, in flush_headers
    self.wfile.write(b"".join(self._headers_buffer))
    ~~~~~~~~~~~~~~~~^^^^^^^^^^^^^^^^^^^^^^^^^^^^^^^^
  File "C:\Users\Hp\AppData\Local\Programs\Python\Python314\Lib\socketserver.py", line 845, in write
    self._sock.sendall(b)
    ~~~~~~~~~~~~~~~~~~^^^
ConnectionAbortedError: [WinError 10053] An established connection was aborted by the software in your host machine
----------------------------------------
Traceback (most recent call last):
  File "C:\Users\Hp\Downloads\ecommerce-ai-capstone\public\app.py", line 452, in do_GET
    elif path == "/api/admin/users":
        ^^^^^^^^^^^^^^^^^^^^^^^^^^^^
  File "C:\Users\Hp\Downloads\ecommerce-ai-capstone\public\app.py", line 154, in send_json
    cur = conn.cursor()
        ^^^^^^^^^^^^^^^
  File "C:\Users\Hp\AppData\Local\Programs\Python\Python314\Lib\socketserver.py", line 845, in write
    self._sock.sendall(b)
    ~~~~~~~~~~~~~~~~~~^^^
ConnectionAbortedError: [WinError 10053] An established connection was aborted by the software in your host machine
----------------------------------------
Exception occurred during processing of request from ('127.0.0.1', 50566)
Traceback (most recent call last):
  File "C:\Users\Hp\Downloads\ecommerce-ai-capstone\public\app.py", line 452, in do_GET
    elif path == "/api/admin/users":
        ^^^^^^^^^^^^^^^^^^^^^^^^^^^^
  File "C:\Users\Hp\Downloads\ecommerce-ai-capstone\public\app.py", line 154, in send_json
    cur = conn.cursor()
        ^^^^^^^^^^^^^^^
  File "C:\Users\Hp\AppData\Local\Programs\Python\Python314\Lib\socketserver.py", line 845, in write
    self._sock.sendall(b)
    ~~~~~~~~~~~~~~~~~~^^^
ConnectionAbortedError: [WinError 10053] An established connection was aborted by the software in your host machine

During handling of the above exception, another exception occurred:

Traceback (most recent call last):
  File "C:\Users\Hp\AppData\Local\Programs\Python\Python314\Lib\socketserver.py", line 318, in _handle_request_noblock
    self.process_request(request, client_address)
    ~~~~~~~~~~~~~~~~~~~~^^^^^^^^^^^^^^^^^^^^^^^^^
  File "C:\Users\Hp\AppData\Local\Programs\Python\Python314\Lib\socketserver.py", line 349, in process_request
    self.finish_request(request, client_address)
    ~~~~~~~~~~~~~~~~~~~^^^^^^^^^^^^^^^^^^^^^^^^^
  File "C:\Users\Hp\AppData\Local\Programs\Python\Python314\Lib\socketserver.py", line 362, in finish_request
    self.RequestHandlerClass(request, client_address, self)
    ~~~~~~~~~~~~~~~~~~~~~~~~^^^^^^^^^^^^^^^^^^^^^^^^^^^^^^^
  File "C:\Users\Hp\Downloads\ecommerce-ai-capstone\public\app.py", line 138, in __init__
    try:
    
        from config import SMTP_SERVER, SMTP_PORT, SMTP_EMAIL, SMTP_PASSWORD
        ^^^^^^^^^^^^^^^^^^^^^^^^^^^^^^^^^^^^^^^^^^^^^^^^^^^^^^^^^^^^^^^^^^^^
    except ImportError:
    ^^^^^^^^^^^^^^^^^^^
  File "C:\Users\Hp\AppData\Local\Programs\Python\Python314\Lib\http\server.py", line 732, in __init__
    super().__init__(*args, **kwargs)
    ~~~~~~~~~~~~~~~~^^^^^^^^^^^^^^^^^
  File "C:\Users\Hp\AppData\Local\Programs\Python\Python314\Lib\socketserver.py", line 766, in __init__
    self.handle()
    ~~~~~~~~~~~^^
  File "C:\Users\Hp\AppData\Local\Programs\Python\Python314\Lib\http\server.py", line 496, in handle
    self.handle_one_request()
    ~~~~~~~~~~~~~~~~~~~~~~~^^
  File "C:\Users\Hp\AppData\Local\Programs\Python\Python314\Lib\http\server.py", line 484, in handle_one_request
    method()
    ~~~~~~^^
  File "C:\Users\Hp\Downloads\ecommerce-ai-capstone\public\app.py", line 633, in do_GET
    FROM votes WHERE election_id=?
  File "C:\Users\Hp\Downloads\ecommerce-ai-capstone\public\app.py", line 153, in send_json
    # Compute results to get winner
  File "C:\Users\Hp\AppData\Local\Programs\Python\Python314\Lib\http\server.py", line 598, in end_headers
    self.flush_headers()
    ~~~~~~~~~~~~~~~~~~^^
  File "C:\Users\Hp\AppData\Local\Programs\Python\Python314\Lib\http\server.py", line 602, in flush_headers
    self.wfile.write(b"".join(self._headers_buffer))
    ~~~~~~~~~~~~~~~~^^^^^^^^^^^^^^^^^^^^^^^^^^^^^^^^
  File "C:\Users\Hp\AppData\Local\Programs\Python\Python314\Lib\socketserver.py", line 845, in write
    self._sock.sendall(b)
    ~~~~~~~~~~~~~~~~~~^^^
ConnectionAbortedError: [WinError 10053] An established connection was aborted by the software in your host machine
----------------------------------------
Traceback (most recent call last):
  File "C:\Users\Hp\Downloads\ecommerce-ai-capstone\public\app.py", line 734, in do_POST
    except Exception as e:
  File "C:\Users\Hp\Downloads\ecommerce-ai-capstone\public\app.py", line 154, in send_json
    cur = conn.cursor()
        ^^^^^^^^^^^^^^^
  File "C:\Users\Hp\AppData\Local\Programs\Python\Python314\Lib\socketserver.py", line 845, in write
    self._sock.sendall(b)
    ~~~~~~~~~~~~~~~~~~^^^
ConnectionAbortedError: [WinError 10053] An established connection was aborted by the software in your host machine
----------------------------------------
Exception occurred during processing of request from ('127.0.0.1', 59853)
Traceback (most recent call last):
  File "C:\Users\Hp\Downloads\ecommerce-ai-capstone\public\app.py", line 734, in do_POST
    except Exception as e:
  File "C:\Users\Hp\Downloads\ecommerce-ai-capstone\public\app.py", line 154, in send_json
    cur = conn.cursor()
        ^^^^^^^^^^^^^^^
  File "C:\Users\Hp\AppData\Local\Programs\Python\Python314\Lib\socketserver.py", line 845, in write
    self._sock.sendall(b)
    ~~~~~~~~~~~~~~~~~~^^^
ConnectionAbortedError: [WinError 10053] An established connection was aborted by the software in your host machine

During handling of the above exception, another exception occurred:

Traceback (most recent call last):
  File "C:\Users\Hp\AppData\Local\Programs\Python\Python314\Lib\socketserver.py", line 318, in _handle_request_noblock
    self.process_request(request, client_address)
    ~~~~~~~~~~~~~~~~~~~~^^^^^^^^^^^^^^^^^^^^^^^^^
  File "C:\Users\Hp\AppData\Local\Programs\Python\Python314\Lib\socketserver.py", line 349, in process_request
    self.finish_request(request, client_address)
    ~~~~~~~~~~~~~~~~~~~^^^^^^^^^^^^^^^^^^^^^^^^^
  File "C:\Users\Hp\AppData\Local\Programs\Python\Python314\Lib\socketserver.py", line 362, in finish_request
    self.RequestHandlerClass(request, client_address, self)
    ~~~~~~~~~~~~~~~~~~~~~~~~^^^^^^^^^^^^^^^^^^^^^^^^^^^^^^^
  File "C:\Users\Hp\Downloads\ecommerce-ai-capstone\public\app.py", line 138, in __init__
    try:
    
        from config import SMTP_SERVER, SMTP_PORT, SMTP_EMAIL, SMTP_PASSWORD
        ^^^^^^^^^^^^^^^^^^^^^^^^^^^^^^^^^^^^^^^^^^^^^^^^^^^^^^^^^^^^^^^^^^^^
    except ImportError:
    ^^^^^^^^^^^^^^^^^^^
  File "C:\Users\Hp\AppData\Local\Programs\Python\Python314\Lib\http\server.py", line 732, in __init__
    super().__init__(*args, **kwargs)
    ~~~~~~~~~~~~~~~~^^^^^^^^^^^^^^^^^
  File "C:\Users\Hp\AppData\Local\Programs\Python\Python314\Lib\socketserver.py", line 766, in __init__
    self.handle()
    ~~~~~~~~~~~^^
  File "C:\Users\Hp\AppData\Local\Programs\Python\Python314\Lib\http\server.py", line 496, in handle
    self.handle_one_request()
    ~~~~~~~~~~~~~~~~~~~~~~~^^
  File "C:\Users\Hp\AppData\Local\Programs\Python\Python314\Lib\http\server.py", line 484, in handle_one_request
    method()
    ~~~~~~^^
  File "C:\Users\Hp\Downloads\ecommerce-ai-capstone\public\app.py", line 959, in do_POST
    curr_hash = quantum_hash(raw_data)
  File "C:\Users\Hp\Downloads\ecommerce-ai-capstone\public\app.py", line 153, in send_json
    # Compute results to get winner
  File "C:\Users\Hp\AppData\Local\Programs\Python\Python314\Lib\http\server.py", line 598, in end_headers
    self.flush_headers()
    ~~~~~~~~~~~~~~~~~~^^
  File "C:\Users\Hp\AppData\Local\Programs\Python\Python314\Lib\http\server.py", line 602, in flush_headers
    self.wfile.write(b"".join(self._headers_buffer))
    ~~~~~~~~~~~~~~~~^^^^^^^^^^^^^^^^^^^^^^^^^^^^^^^^
  File "C:\Users\Hp\AppData\Local\Programs\Python\Python314\Lib\socketserver.py", line 845, in write
    self._sock.sendall(b)
    ~~~~~~~~~~~~~~~~~~^^^
ConnectionAbortedError: [WinError 10053] An established connection was aborted by the software in your host machine
----------------------------------------
Traceback (most recent call last):
  File "C:\Users\Hp\Downloads\ecommerce-ai-capstone\public\app.py", line 442, in do_GET
    session = self.require_auth(["super_admin", "election_officer"])
              ^^^^^^^^^^^^^^^^^^^^^^^^^^^^
  File "C:\Users\Hp\Downloads\ecommerce-ai-capstone\public\app.py", line 191, in require_auth
    server = smtplib.SMTP(SMTP_SERVER, SMTP_PORT)
        ^^^^^^^^^^^^^^^^^^^^^^^^^^^^^^^^^^^^^^^^^
  File "C:\Users\Hp\Downloads\ecommerce-ai-capstone\public\app.py", line 154, in send_json
    cur = conn.cursor()
        ^^^^^^^^^^^^^^^
  File "C:\Users\Hp\AppData\Local\Programs\Python\Python314\Lib\socketserver.py", line 845, in write
    self._sock.sendall(b)
    ~~~~~~~~~~~~~~~~~~^^^
ConnectionAbortedError: [WinError 10053] An established connection was aborted by the software in your host machine
----------------------------------------
Exception occurred during processing of request from ('127.0.0.1', 58503)
Traceback (most recent call last):
  File "C:\Users\Hp\Downloads\ecommerce-ai-capstone\public\app.py", line 442, in do_GET
    session = self.require_auth(["super_admin", "election_officer"])
              ^^^^^^^^^^^^^^^^^^^^^^^^^^^^
  File "C:\Users\Hp\Downloads\ecommerce-ai-capstone\public\app.py", line 191, in require_auth
    server = smtplib.SMTP(SMTP_SERVER, SMTP_PORT)
        ^^^^^^^^^^^^^^^^^^^^^^^^^^^^^^^^^^^^^^^^^
  File "C:\Users\Hp\Downloads\ecommerce-ai-capstone\public\app.py", line 154, in send_json
    cur = conn.cursor()
        ^^^^^^^^^^^^^^^
  File "C:\Users\Hp\AppData\Local\Programs\Python\Python314\Lib\socketserver.py", line 845, in write
    self._sock.sendall(b)
    ~~~~~~~~~~~~~~~~~~^^^
ConnectionAbortedError: [WinError 10053] An established connection was aborted by the software in your host machine

During handling of the above exception, another exception occurred:

Traceback (most recent call last):
  File "C:\Users\Hp\AppData\Local\Programs\Python\Python314\Lib\socketserver.py", line 318, in _handle_request_noblock
    self.process_request(request, client_address)
    ~~~~~~~~~~~~~~~~~~~~^^^^^^^^^^^^^^^^^^^^^^^^^
  File "C:\Users\Hp\AppData\Local\Programs\Python\Python314\Lib\socketserver.py", line 349, in process_request
    self.finish_request(request, client_address)
    ~~~~~~~~~~~~~~~~~~~^^^^^^^^^^^^^^^^^^^^^^^^^
  File "C:\Users\Hp\AppData\Local\Programs\Python\Python314\Lib\socketserver.py", line 362, in finish_request
    self.RequestHandlerClass(request, client_address, self)
    ~~~~~~~~~~~~~~~~~~~~~~~~^^^^^^^^^^^^^^^^^^^^^^^^^^^^^^^
  File "C:\Users\Hp\Downloads\ecommerce-ai-capstone\public\app.py", line 138, in __init__
    try:
    
        from config import SMTP_SERVER, SMTP_PORT, SMTP_EMAIL, SMTP_PASSWORD
        ^^^^^^^^^^^^^^^^^^^^^^^^^^^^^^^^^^^^^^^^^^^^^^^^^^^^^^^^^^^^^^^^^^^^
    except ImportError:
    ^^^^^^^^^^^^^^^^^^^
  File "C:\Users\Hp\AppData\Local\Programs\Python\Python314\Lib\http\server.py", line 732, in __init__
    super().__init__(*args, **kwargs)
    ~~~~~~~~~~~~~~~~^^^^^^^^^^^^^^^^^
  File "C:\Users\Hp\AppData\Local\Programs\Python\Python314\Lib\socketserver.py", line 766, in __init__
    self.handle()
    ~~~~~~~~~~~^^
  File "C:\Users\Hp\AppData\Local\Programs\Python\Python314\Lib\http\server.py", line 496, in handle
    self.handle_one_request()
    ~~~~~~~~~~~~~~~~~~~~~~~^^
  File "C:\Users\Hp\AppData\Local\Programs\Python\Python314\Lib\http\server.py", line 484, in handle_one_request
    method()
    ~~~~~~^^
  File "C:\Users\Hp\Downloads\ecommerce-ai-capstone\public\app.py", line 633, in do_GET
    FROM votes WHERE election_id=?
  File "C:\Users\Hp\Downloads\ecommerce-ai-capstone\public\app.py", line 153, in send_json
    # Compute results to get winner
  File "C:\Users\Hp\AppData\Local\Programs\Python\Python314\Lib\http\server.py", line 598, in end_headers
    self.flush_headers()
    ~~~~~~~~~~~~~~~~~~^^
  File "C:\Users\Hp\AppData\Local\Programs\Python\Python314\Lib\http\server.py", line 602, in flush_headers
    self.wfile.write(b"".join(self._headers_buffer))
    ~~~~~~~~~~~~~~~~^^^^^^^^^^^^^^^^^^^^^^^^^^^^^^^^
  File "C:\Users\Hp\AppData\Local\Programs\Python\Python314\Lib\socketserver.py", line 845, in write
    self._sock.sendall(b)
    ~~~~~~~~~~~~~~~~~~^^^
ConnectionAbortedError: [WinError 10053] An established connection was aborted by the software in your host machine
----------------------------------------
Traceback (most recent call last):
  File "C:\Users\Hp\Downloads\ecommerce-ai-capstone\public\app.py", line 442, in do_GET
    session = self.require_auth(["super_admin", "election_officer"])
              ^^^^^^^^^^^^^^^^^^^^^^^^^^^^
  File "C:\Users\Hp\Downloads\ecommerce-ai-capstone\public\app.py", line 191, in require_auth
    server = smtplib.SMTP(SMTP_SERVER, SMTP_PORT)
        ^^^^^^^^^^^^^^^^^^^^^^^^^^^^^^^^^^^^^^^^^
  File "C:\Users\Hp\Downloads\ecommerce-ai-capstone\public\app.py", line 154, in send_json
    cur = conn.cursor()
        ^^^^^^^^^^^^^^^
  File "C:\Users\Hp\AppData\Local\Programs\Python\Python314\Lib\socketserver.py", line 845, in write
    self._sock.sendall(b)
    ~~~~~~~~~~~~~~~~~~^^^
ConnectionAbortedError: [WinError 10053] An established connection was aborted by the software in your host machine
----------------------------------------
Exception occurred during processing of request from ('127.0.0.1', 53269)
Traceback (most recent call last):
  File "C:\Users\Hp\Downloads\ecommerce-ai-capstone\public\app.py", line 442, in do_GET
    session = self.require_auth(["super_admin", "election_officer"])
              ^^^^^^^^^^^^^^^^^^^^^^^^^^^^
  File "C:\Users\Hp\Downloads\ecommerce-ai-capstone\public\app.py", line 191, in require_auth
    server = smtplib.SMTP(SMTP_SERVER, SMTP_PORT)
        ^^^^^^^^^^^^^^^^^^^^^^^^^^^^^^^^^^^^^^^^^
  File "C:\Users\Hp\Downloads\ecommerce-ai-capstone\public\app.py", line 154, in send_json
    cur = conn.cursor()
        ^^^^^^^^^^^^^^^
  File "C:\Users\Hp\AppData\Local\Programs\Python\Python314\Lib\socketserver.py", line 845, in write
    self._sock.sendall(b)
    ~~~~~~~~~~~~~~~~~~^^^
ConnectionAbortedError: [WinError 10053] An established connection was aborted by the software in your host machine

During handling of the above exception, another exception occurred:

Traceback (most recent call last):
  File "C:\Users\Hp\AppData\Local\Programs\Python\Python314\Lib\socketserver.py", line 318, in _handle_request_noblock
    self.process_request(request, client_address)
    ~~~~~~~~~~~~~~~~~~~~^^^^^^^^^^^^^^^^^^^^^^^^^
  File "C:\Users\Hp\AppData\Local\Programs\Python\Python314\Lib\socketserver.py", line 349, in process_request
    self.finish_request(request, client_address)
    ~~~~~~~~~~~~~~~~~~~^^^^^^^^^^^^^^^^^^^^^^^^^
  File "C:\Users\Hp\AppData\Local\Programs\Python\Python314\Lib\socketserver.py", line 362, in finish_request
    self.RequestHandlerClass(request, client_address, self)
    ~~~~~~~~~~~~~~~~~~~~~~~~^^^^^^^^^^^^^^^^^^^^^^^^^^^^^^^
  File "C:\Users\Hp\Downloads\ecommerce-ai-capstone\public\app.py", line 138, in __init__
    try:
    
        from config import SMTP_SERVER, SMTP_PORT, SMTP_EMAIL, SMTP_PASSWORD
        ^^^^^^^^^^^^^^^^^^^^^^^^^^^^^^^^^^^^^^^^^^^^^^^^^^^^^^^^^^^^^^^^^^^^
    except ImportError:
    ^^^^^^^^^^^^^^^^^^^
  File "C:\Users\Hp\AppData\Local\Programs\Python\Python314\Lib\http\server.py", line 732, in __init__
    super().__init__(*args, **kwargs)
    ~~~~~~~~~~~~~~~~^^^^^^^^^^^^^^^^^
  File "C:\Users\Hp\AppData\Local\Programs\Python\Python314\Lib\socketserver.py", line 766, in __init__
    self.handle()
    ~~~~~~~~~~~^^
  File "C:\Users\Hp\AppData\Local\Programs\Python\Python314\Lib\http\server.py", line 496, in handle
    self.handle_one_request()
    ~~~~~~~~~~~~~~~~~~~~~~~^^
  File "C:\Users\Hp\AppData\Local\Programs\Python\Python314\Lib\http\server.py", line 484, in handle_one_request
    method()
    ~~~~~~^^
  File "C:\Users\Hp\Downloads\ecommerce-ai-capstone\public\app.py", line 633, in do_GET
    FROM votes WHERE election_id=?
  File "C:\Users\Hp\Downloads\ecommerce-ai-capstone\public\app.py", line 153, in send_json
    # Compute results to get winner
  File "C:\Users\Hp\AppData\Local\Programs\Python\Python314\Lib\http\server.py", line 598, in end_headers
    self.flush_headers()
    ~~~~~~~~~~~~~~~~~~^^
  File "C:\Users\Hp\AppData\Local\Programs\Python\Python314\Lib\http\server.py", line 602, in flush_headers
    self.wfile.write(b"".join(self._headers_buffer))
    ~~~~~~~~~~~~~~~~^^^^^^^^^^^^^^^^^^^^^^^^^^^^^^^^
  File "C:\Users\Hp\AppData\Local\Programs\Python\Python314\Lib\socketserver.py", line 845, in write
    self._sock.sendall(b)
    ~~~~~~~~~~~~~~~~~~^^^
ConnectionAbortedError: [WinError 10053] An established connection was aborted by the software in your host machine
----------------------------------------
Traceback (most recent call last):
  File "C:\Users\Hp\Downloads\ecommerce-ai-capstone\public\app.py", line 442, in do_GET
    session = self.require_auth(["super_admin", "election_officer"])
              ^^^^^^^^^^^^^^^^^^^^^^^^^^^^
  File "C:\Users\Hp\Downloads\ecommerce-ai-capstone\public\app.py", line 191, in require_auth
    server = smtplib.SMTP(SMTP_SERVER, SMTP_PORT)
        ^^^^^^^^^^^^^^^^^^^^^^^^^^^^^^^^^^^^^^^^^
  File "C:\Users\Hp\Downloads\ecommerce-ai-capstone\public\app.py", line 154, in send_json
    cur = conn.cursor()
        ^^^^^^^^^^^^^^^
  File "C:\Users\Hp\AppData\Local\Programs\Python\Python314\Lib\socketserver.py", line 845, in write
    self._sock.sendall(b)
    ~~~~~~~~~~~~~~~~~~^^^
ConnectionAbortedError: [WinError 10053] An established connection was aborted by the software in your host machine
----------------------------------------
Exception occurred during processing of request from ('127.0.0.1', 52178)
Traceback (most recent call last):
  File "C:\Users\Hp\Downloads\ecommerce-ai-capstone\public\app.py", line 442, in do_GET
    session = self.require_auth(["super_admin", "election_officer"])
              ^^^^^^^^^^^^^^^^^^^^^^^^^^^^
  File "C:\Users\Hp\Downloads\ecommerce-ai-capstone\public\app.py", line 191, in require_auth
    server = smtplib.SMTP(SMTP_SERVER, SMTP_PORT)
        ^^^^^^^^^^^^^^^^^^^^^^^^^^^^^^^^^^^^^^^^^
  File "C:\Users\Hp\Downloads\ecommerce-ai-capstone\public\app.py", line 154, in send_json
    cur = conn.cursor()
        ^^^^^^^^^^^^^^^
  File "C:\Users\Hp\AppData\Local\Programs\Python\Python314\Lib\socketserver.py", line 845, in write
    self._sock.sendall(b)
    ~~~~~~~~~~~~~~~~~~^^^
ConnectionAbortedError: [WinError 10053] An established connection was aborted by the software in your host machine

During handling of the above exception, another exception occurred:

Traceback (most recent call last):
  File "C:\Users\Hp\AppData\Local\Programs\Python\Python314\Lib\socketserver.py", line 318, in _handle_request_noblock
    self.process_request(request, client_address)
    ~~~~~~~~~~~~~~~~~~~~^^^^^^^^^^^^^^^^^^^^^^^^^
  File "C:\Users\Hp\AppData\Local\Programs\Python\Python314\Lib\socketserver.py", line 349, in process_request
    self.finish_request(request, client_address)
    ~~~~~~~~~~~~~~~~~~~^^^^^^^^^^^^^^^^^^^^^^^^^
  File "C:\Users\Hp\AppData\Local\Programs\Python\Python314\Lib\socketserver.py", line 362, in finish_request
    self.RequestHandlerClass(request, client_address, self)
    ~~~~~~~~~~~~~~~~~~~~~~~~^^^^^^^^^^^^^^^^^^^^^^^^^^^^^^^
  File "C:\Users\Hp\Downloads\ecommerce-ai-capstone\public\app.py", line 138, in __init__
    try:
    
        from config import SMTP_SERVER, SMTP_PORT, SMTP_EMAIL, SMTP_PASSWORD
        ^^^^^^^^^^^^^^^^^^^^^^^^^^^^^^^^^^^^^^^^^^^^^^^^^^^^^^^^^^^^^^^^^^^^
    except ImportError:
    ^^^^^^^^^^^^^^^^^^^
  File "C:\Users\Hp\AppData\Local\Programs\Python\Python314\Lib\http\server.py", line 732, in __init__
    super().__init__(*args, **kwargs)
    ~~~~~~~~~~~~~~~~^^^^^^^^^^^^^^^^^
  File "C:\Users\Hp\AppData\Local\Programs\Python\Python314\Lib\socketserver.py", line 766, in __init__
    self.handle()
    ~~~~~~~~~~~^^
  File "C:\Users\Hp\AppData\Local\Programs\Python\Python314\Lib\http\server.py", line 496, in handle
    self.handle_one_request()
    ~~~~~~~~~~~~~~~~~~~~~~~^^
  File "C:\Users\Hp\AppData\Local\Programs\Python\Python314\Lib\http\server.py", line 484, in handle_one_request
    method()
    ~~~~~~^^
  File "C:\Users\Hp\Downloads\ecommerce-ai-capstone\public\app.py", line 633, in do_GET
    FROM votes WHERE election_id=?
  File "C:\Users\Hp\Downloads\ecommerce-ai-capstone\public\app.py", line 153, in send_json
    # Compute results to get winner
  File "C:\Users\Hp\AppData\Local\Programs\Python\Python314\Lib\http\server.py", line 598, in end_headers
    self.flush_headers()
    ~~~~~~~~~~~~~~~~~~^^
  File "C:\Users\Hp\AppData\Local\Programs\Python\Python314\Lib\http\server.py", line 602, in flush_headers
    self.wfile.write(b"".join(self._headers_buffer))
    ~~~~~~~~~~~~~~~~^^^^^^^^^^^^^^^^^^^^^^^^^^^^^^^^
  File "C:\Users\Hp\AppData\Local\Programs\Python\Python314\Lib\socketserver.py", line 845, in write
    self._sock.sendall(b)
    ~~~~~~~~~~~~~~~~~~^^^
ConnectionAbortedError: [WinError 10053] An established connection was aborted by the software in your host machine
----------------------------------------
Traceback (most recent call last):
  File "C:\Users\Hp\Downloads\ecommerce-ai-capstone\public\app.py", line 380, in do_GET
    rows = conn.execute("""
                ^^^^^^^^^^^
  File "C:\Users\Hp\Downloads\ecommerce-ai-capstone\public\ai_engine.py", line 132, in detect_anomalies
    rows = cur.execute("""
           ~~~~~~~~~~~^^^^
        SELECT ip_address, election_id, COUNT(*) as cnt
        ^^^^^^^^^^^^^^^^^^^^^^^^^^^^^^^^^^^^^^^^^^^^^^^
    ...<3 lines>...
        HAVING cnt > 1
        ^^^^^^^^^^^^^^
    """).fetchall()
    ^^^^
  File "C:\Users\Hp\Downloads\ecommerce-ai-capstone\public\database.py", line 57, in execute
    elif table == "announcements": pg_sql += " RETURNING ann_id"
    ^^^^^^^^^^^^^^^^^^^
  File "C:\Users\Hp\AppData\Local\Programs\Python\Python314\Lib\site-packages\psycopg2\extras.py", line 146, in execute
    return super().execute(query, vars)
           ~~~~~~~~~~~~~~~^^^^^^^^^^^^^
psycopg2.errors.UndefinedColumn: column "cnt" does not exist
LINE 6:         HAVING cnt > 1
                       ^

Traceback (most recent call last):
  File "C:\Users\Hp\Downloads\ecommerce-ai-capstone\public\app.py", line 380, in do_GET
    rows = conn.execute("""
                ^^^^^^^^^^^
  File "C:\Users\Hp\Downloads\ecommerce-ai-capstone\public\ai_engine.py", line 132, in detect_anomalies
    rows = cur.execute("""
           ~~~~~~~~~~~^^^^
        SELECT ip_address, election_id, COUNT(*) as cnt
        ^^^^^^^^^^^^^^^^^^^^^^^^^^^^^^^^^^^^^^^^^^^^^^^
    ...<3 lines>...
        HAVING cnt > 1
        ^^^^^^^^^^^^^^
    """).fetchall()
    ^^^^
  File "C:\Users\Hp\Downloads\ecommerce-ai-capstone\public\database.py", line 57, in execute
    elif table == "announcements": pg_sql += " RETURNING ann_id"
    ^^^^^^^^^^^^^^^^^^^
  File "C:\Users\Hp\AppData\Local\Programs\Python\Python314\Lib\site-packages\psycopg2\extras.py", line 146, in execute
    return super().execute(query, vars)
           ~~~~~~~~~~~~~~~^^^^^^^^^^^^^
psycopg2.errors.UndefinedColumn: column "cnt" does not exist
LINE 6:         HAVING cnt > 1
                       ^

